{"type": "FeatureCollection", "features": [{"type": "Feature", "geometry": {"type": "Point", "coordinates": [121.53387, 25.01912]}, "properties": {"station_id": "TPE0201U03", "station_name": "國立臺灣大學新南地下停車場", "district": "大安區", "city": "taipei", "operator_name": "華城電能科技股份有限公司", "charging_points": 3, "available": 2, "occupied": 1, "availability_pct": 67, "charging_rate": "AC/計度/一般/ 7.8000元每度", "parking_rate": "平日40元/時，假日40元/時", "service_time": "每日/00:00-24:00", "address": "羅斯福路4段1號", "telephone": "33663366", "floors": "B1"}}, {"type": "Feature", "geometry": {"type": "Point", "coordinates": [121.54554, 25.15487]}, "properties": {"station_id": "TPE0383", "station_name": "陽明山第二停車場", "district": "北投區", "city": "taipei", "operator_name": "華城電能科技股份有限公司", "charging_points": 3, "available": 2, "occupied": 1, "availability_pct": 67, "charging_rate": "AC/計度/一般/ 0.00元每度,AC/計度/尖峰/ 0.00元每度,AC/計度/離峰/ 0.00元每度", "parking_rate": "20元/時(周一~周五)，30元/時(周六~周日)", "service_time": "每日/00:00-24:00", "address": "陽金公路(陽明山國家公園遊客服務中心對面)", "telephone": "0975-024268或(02)26546264", "floors": "1"}}, {"type": "Feature", "geometry": {"type": "Point", "coordinates": [121.51493, 25.07649]}, "properties": {"station_id": "TPE0126", "station_name": "慶昌橋下停車場", "district": "大同區", "city": "taipei", "operator_name": "華城電能科技股份有限公司", "charging_points": 2, "available": 1, "occupied": 1, "availability_pct": 50, "charging_rate": "AC/計度/一般/ 8.000元每度", "parking_rate": "30元/時", "service_time": "每日/00:00-24:00", "address": "哈密街59巷-延平北路", "telephone": "2759-0666", "floors": "1"}}, {"type": "Feature", "geometry": {"type": "Point", "coordinates": [121.53069, 25.09596]}, "properties": {"station_id": "TPE0852", "station_name": "福林公園地下停車場", "district": "士林區", "city": "taipei", "operator_name": "華城電能科技股份有限公司", "charging_points": 6, "available": 4, "occupied": 2, "availability_pct": 67, "charging_rate": "AC/計度/一般/ 8.000元每度", "parking_rate": "30元/時", "service_time": "每日/00:00-24:00", "address": "中正路17號地下", "telephone": "0228830481", "floors": "B1"}}, {"type": "Feature", "geometry": {"type": "Point", "coordinates": [121.53733, 25.03186]}, "properties": {"station_id": "TPE0095", "station_name": "大安森林公園地下停車場", "district": "大安區", "city": "taipei", "operator_name": "源點科技股份有限公司", "charging_points": 37, "available": 18, "occupied": 19, "availability_pct": 49, "charging_rate": "計度/每度8.00元", "parking_rate": "每小時20元", "service_time": "每日/00:00~24:00", "address": "建國南路2段2號地下", "telephone": "022709-2940", "floors": "B2"}}, {"type": "Feature", "geometry": {"type": "Point", "coordinates": [121.55833, 25.04905]}, "properties": {"station_id": "TPE0009", "station_name": "光復北路平面停車場", "district": "松山區", "city": "taipei", "operator_name": "源點科技股份有限公司", "charging_points": 3, "available": 1, "occupied": 2, "availability_pct": 33, "charging_rate": "計度/每度8.00元", "parking_rate": "每小時50元", "service_time": "每日/07:00~20:00", "address": "八德路4段17巷9號", "telephone": "0227590666", "floors": "1"}}, {"type": "Feature", "geometry": {"type": "Point", "coordinates": [121.59294, 25.05329]}, "properties": {"station_id": "TPE0722", "station_name": "玉成國小地下停車場", "district": "南港區", "city": "taipei", "operator_name": "寶盛國際股份有限公司", "charging_points": 6, "available": 2, "occupied": 4, "availability_pct": 33, "charging_rate": "計時/每日/5元每0.5時", "parking_rate": "每0.5小時10元", "service_time": "每日/00:00-24:00", "address": "昆陽街23號地下(地下共2層)", "telephone": "022655-0818", "floors": "B2"}}, {"type": "Feature", "geometry": {"type": "Point", "coordinates": [121.57417, 25.03203]}, "properties": {"station_id": "TPE1004", "station_name": "松德大樓地下停車場", "district": "信義區", "city": "taipei", "operator_name": "源點科技股份有限公司", "charging_points": 2, "available": 1, "occupied": 1, "availability_pct": 50, "charging_rate": "計度/每度8.00元", "parking_rate": "每小時40元", "service_time": "每日/00:00~24:00", "address": "松德路300號地下2層", "telephone": "0227274168", "floors": "B2"}}, {"type": "Feature", "geometry": {"type": "Point", "coordinates": [121.53157, 25.02958]}, "properties": {"station_id": "TPE0086", "station_name": "金華公園地下停車場", "district": "大安區", "city": "taipei", "operator_name": "源點科技股份有限公司", "charging_points": 5, "available": 4, "occupied": 1, "availability_pct": 80, "charging_rate": "計度/每度8.00元", "parking_rate": "每小時50元", "service_time": "每日/00:00~24:00", "address": "金華街190號地下", "telephone": "022357-8564", "floors": "B1"}}, {"type": "Feature", "geometry": {"type": "Point", "coordinates": [121.54232, 25.06443]}, "properties": {"station_id": "TPE1128", "station_name": "五常街臨時平面停車場", "district": "中山區", "city": "taipei", "operator_name": "源點科技股份有限公司", "charging_points": 2, "available": 0, "occupied": 2, "availability_pct": 0, "charging_rate": "計度/每度8.00元", "parking_rate": "每小時40元", "service_time": "周一至周六/09:00~17:00", "address": "五常街與民權東路3段39巷口", "telephone": "27590666", "floors": "1"}}, {"type": "Feature", "geometry": {"type": "Point", "coordinates": [121.52991, 25.01378]}, "properties": {"station_id": "TPE0762", "station_name": "國立臺灣大學水源校區平面停車場", "district": "中正區", "city": "taipei", "operator_name": "華城電能科技股份有限公司", "charging_points": 4, "available": 4, "occupied": 0, "availability_pct": 100, "charging_rate": "AC/計度/一般/ 7.8000元每度", "parking_rate": "平日40元/時，假日40元/時", "service_time": "每日/00:00-24:00", "address": "思源街18號", "telephone": "3366-3366", "floors": "1"}}, {"type": "Feature", "geometry": {"type": "Point", "coordinates": [121.53892, 25.15513]}, "properties": {"station_id": "TPE0160", "station_name": "陽明山立體停車場", "district": "北投區", "city": "taipei", "operator_name": "華城電能科技股份有限公司", "charging_points": 6, "available": 6, "occupied": 0, "availability_pct": 100, "charging_rate": "AC/計度/一般/ 0.00元每度,AC/計度/尖峰/ 0.00元每度,AC/計度/離峰/ 0.00元每度", "parking_rate": "30元/時", "service_time": "每日/00:00-24:00", "address": "湖山路(陽明山公園大門口旁)", "telephone": "0975-024268或(02)26546264", "floors": "1"}}, {"type": "Feature", "geometry": {"type": "Point", "coordinates": [121.61064, 25.0665]}, "properties": {"station_id": "TPE0358", "station_name": "南湖高中運動中心停車場", "district": "內湖區", "city": "taipei", "operator_name": "舞動陽光有限公司內湖營業所", "charging_points": 1, "available": 1, "occupied": 0, "availability_pct": 100, "charging_rate": "計度/尖峰/16:00-22:00/7.00 元每度, 計度/半尖峰/09:00-16:00/7.00 元每度, 計度/半尖峰/22:00-23:59/7.00 元每度, 計度/半尖峰/06:00-11:00/7.00 元每度, 計度/半尖峰/14:00-23:59/7.00 元每度, 計度/離峰/23:59-09:00/7.00 元每度, 計度/離峰/23:59-06:00/7.00 元每度, 計度/離峰/11:00-14:00/7.00 元每度, 計度/半尖峰/09:00-23:59/7.00 元每度", "parking_rate": "免費", "service_time": "星期一：00:00～23:59\n星期二：00:00～23:59\n星期三：00:00～23:59\n星期四：00:00～23:59\n星期五：00:00～23:59\n星期六：00:00～23:59\n星期日：00:00～23:59", "address": "康寧路3段220號地下2層", "telephone": "0226341717", "floors": "B1"}}, {"type": "Feature", "geometry": {"type": "Point", "coordinates": [121.50309, 25.11856]}, "properties": {"station_id": "TPE0723", "station_name": "立農公園地下停車場", "district": "北投區", "city": "taipei", "operator_name": "華城電能科技股份有限公司", "charging_points": 5, "available": 5, "occupied": 0, "availability_pct": 100, "charging_rate": "AC/計度/一般/ 8.000元每度,AC/計度/尖峰/ 8.000元每度,AC/計度/離峰/ 8.000元每度", "parking_rate": "30元/時", "service_time": "每日/00:00-24:00", "address": "承德路7段372號地下層", "telephone": "0227233628", "floors": "B1"}}, {"type": "Feature", "geometry": {"type": "Point", "coordinates": [121.52132, 25.08603]}, "properties": {"station_id": "TPE0062", "station_name": "前港公園地下停車場", "district": "士林區", "city": "taipei", "operator_name": "華城電能科技股份有限公司", "charging_points": 15, "available": 15, "occupied": 0, "availability_pct": 100, "charging_rate": "AC/計度/一般/ 8.000元每度,AC/計度/尖峰/ 8.000元每度,AC/計度/離峰/ 8.000元每度", "parking_rate": "20元/02:00~19:00，40元/19:00~02:00", "service_time": "每日/00:00-24:00", "address": "前港街45號地下", "telephone": "0228817033", "floors": "B1"}}, {"type": "Feature", "geometry": {"type": "Point", "coordinates": [121.5867, 25.03714]}, "properties": {"station_id": "TPE1123", "station_name": "瑠公國中停車場", "district": "信義區", "city": "taipei", "operator_name": "華城電能科技股份有限公司", "charging_points": 1, "available": 1, "occupied": 0, "availability_pct": 100, "charging_rate": "AC/計度/一般/ 8元每度", "parking_rate": "AC/計度/一般/ 8元每度", "service_time": "每日/00:00-24:00", "address": "福德街221巷15號", "telephone": "0227261481#401", "floors": "1"}}, {"type": "Feature", "geometry": {"type": "Point", "coordinates": [121.5344, 25.01274]}, "properties": {"station_id": "TPE1323", "station_name": "水源停車場", "district": "中正區", "city": "taipei", "operator_name": "特爾電力股份有限公司", "charging_points": 1, "available": 1, "occupied": 0, "availability_pct": 100, "charging_rate": "計時/固定/1元每分", "parking_rate": "計時/平日/40元每小時，計時/假日/60元每小時", "service_time": "7x24小時", "address": "汀州路3段140巷內空地", "telephone": "83695098", "floors": "1"}}, {"type": "Feature", "geometry": {"type": "Point", "coordinates": [121.56913, 25.03966]}, "properties": {"station_id": "TPE0253", "station_name": "中油大樓停車場", "district": "信義區", "city": "taipei", "operator_name": "源點科技股份有限公司", "charging_points": 8, "available": 7, "occupied": 1, "availability_pct": 88, "charging_rate": "計度/每度8.50元", "parking_rate": "每小時30元", "service_time": "每日/07:00~23:00", "address": "松仁路3號地下1至5層", "telephone": "0287258847", "floors": "B3"}}, {"type": "Feature", "geometry": {"type": "Point", "coordinates": [121.5659, 25.02885]}, "properties": {"station_id": "TPE0567", "station_name": "臺北市災害應變中心地下停車場", "district": "信義區", "city": "taipei", "operator_name": "源點科技股份有限公司", "charging_points": 4, "available": 2, "occupied": 2, "availability_pct": 50, "charging_rate": "計度/每度8.00元", "parking_rate": "每小時30元", "service_time": "每日/00:00~24:00", "address": "莊敬路391巷11弄2號地下", "telephone": "0223453859", "floors": "B1"}}, {"type": "Feature", "geometry": {"type": "Point", "coordinates": [121.50361, 25.13494]}, "properties": {"station_id": "TPE0607", "station_name": "北投國中教職員工停車場", "district": "北投區", "city": "taipei", "operator_name": "思納捷科技股份有限公司", "charging_points": 1, "available": 1, "occupied": 0, "availability_pct": 100, "charging_rate": "計分/固定/ 8.5 元每分", "parking_rate": "校園案預設'以分計費'", "service_time": "夜間 19:00-07:00", "address": "溫泉路62號地下1層", "telephone": "0228912091", "floors": "1"}}, {"type": "Feature", "geometry": {"type": "Point", "coordinates": [121.56212, 25.03653]}, "properties": {"station_id": "TPE0096", "station_name": "府前廣場地下停車場", "district": "信義區", "city": "taipei", "operator_name": "寶盛國際股份有限公司", "charging_points": 40, "available": 1, "occupied": 39, "availability_pct": 2, "charging_rate": "計時/每日/0元每1時", "parking_rate": "每1小時0元", "service_time": "每日/00:00-24:00", "address": "松壽路1號(地下共2層)", "telephone": "0226550818", "floors": "B1"}}, {"type": "Feature", "geometry": {"type": "Point", "coordinates": [121.53209, 25.05535]}, "properties": {"station_id": "TPE0015", "station_name": "長春路平面停車場", "district": "中山區", "city": "taipei", "operator_name": "源點科技股份有限公司", "charging_points": 2, "available": 1, "occupied": 1, "availability_pct": 50, "charging_rate": "計度/每度8.00元", "parking_rate": "每小時40元", "service_time": "周一至周六/07:00~20:00", "address": "松江路160巷5-5號旁", "telephone": "2759-0666", "floors": "1"}}, {"type": "Feature", "geometry": {"type": "Point", "coordinates": [121.56407, 25.04407]}, "properties": {"station_id": "TPE0072", "station_name": "松山高中地下停車場", "district": "信義區", "city": "taipei", "operator_name": "源點科技股份有限公司", "charging_points": 6, "available": 4, "occupied": 2, "availability_pct": 67, "charging_rate": "計度/每度8.00元", "parking_rate": "每小時30元", "service_time": "每日/00:00~24:00", "address": "基隆路1段156號地下", "telephone": "0227685492", "floors": "B1"}}, {"type": "Feature", "geometry": {"type": "Point", "coordinates": [121.547, 25.01393]}, "properties": {"station_id": "TPE1012", "station_name": "國立臺灣大學生醫工程館地下停車場", "district": "大安區", "city": "taipei", "operator_name": "華城電能科技股份有限公司", "charging_points": 3, "available": 3, "occupied": 0, "availability_pct": 100, "charging_rate": "AC/計度/一般/ 7.8000元每度", "parking_rate": "平日40元/時，假日40元/時", "service_time": "每日/00:00-24:00", "address": "芳蘭路49號", "telephone": "3366-3366", "floors": "B2"}}, {"type": "Feature", "geometry": {"type": "Point", "coordinates": [121.50421, 25.13113]}, "properties": {"station_id": "TPE0169", "station_name": "大豐公園地下停車場", "district": "北投區", "city": "taipei", "operator_name": "華城電能科技股份有限公司", "charging_points": 6, "available": 2, "occupied": 4, "availability_pct": 33, "charging_rate": "AC/計度/一般/ 8.000元每度,AC/計度/尖峰/ 8.000元每度,AC/計度/離峰/ 8.000元每度", "parking_rate": "40元/7:00~22:00，10元/22:00~7:00", "service_time": "每日/00:00-24:00", "address": "大興街145號地下", "telephone": "0228921209", "floors": "B1"}}, {"type": "Feature", "geometry": {"type": "Point", "coordinates": [121.49159, 25.02783]}, "properties": {"station_id": "TPE0288", "station_name": "雙園國中地下停車場", "district": "萬華區", "city": "taipei", "operator_name": "華城電能科技股份有限公司", "charging_points": 8, "available": 6, "occupied": 2, "availability_pct": 75, "charging_rate": "AC/計度/一般/ 0.00元每度", "parking_rate": "30元/8:00~22:00，10元/22:00~8:00", "service_time": "每日/00:00-24:00", "address": "西園路2段320巷55弄3號地下", "telephone": "23016115", "floors": "B1"}}, {"type": "Feature", "geometry": {"type": "Point", "coordinates": [121.54873, 25.0159]}, "properties": {"station_id": "TPE1593", "station_name": "辛亥水安停車場", "district": "大安區", "city": "taipei", "operator_name": "華城電能科技股份有限公司", "charging_points": 1, "available": 0, "occupied": 0, "availability_pct": 0, "charging_rate": "AC/計度/一般/ 0元每度", "parking_rate": "AC/計度/一般/ 0元每度", "service_time": "每日/00:00-24:00", "address": "長興街131號", "telephone": "83695104", "floors": "1"}}, {"type": "Feature", "geometry": {"type": "Point", "coordinates": [121.52761, 25.09327]}, "properties": {"station_id": "TPE0514", "station_name": "USPACE 福林第二停車場", "district": "士林區", "city": "taipei", "operator_name": "特爾電力股份有限公司", "charging_points": 4, "available": 2, "occupied": 2, "availability_pct": 50, "charging_rate": "計度/尖峰/12.5元每度，計度/離峰/6.5元每度", "parking_rate": "電動汽車充電不收停車費", "service_time": "7x24小時", "address": "中山北路5段465號旁空地", "telephone": "0277518097", "floors": "1"}}, {"type": "Feature", "geometry": {"type": "Point", "coordinates": [121.50666, 25.047]}, "properties": {"station_id": "TPE1726", "station_name": "福星社會住宅地下停車場", "district": "萬華區", "city": "taipei", "operator_name": "威瀧實業有限公司", "charging_points": 4, "available": 3, "occupied": 1, "availability_pct": 75, "charging_rate": "計度/固定/8 元每度", "parking_rate": "計時/每日/20 元每小時", "service_time": "7x24 小時或 每日/00:00-24:00", "address": "開封街2段37號地下1至4層", "telephone": "29441489#0", "floors": "B2"}}, {"type": "Feature", "geometry": {"type": "Point", "coordinates": [121.5377, 25.04604]}, "properties": {"station_id": "TPE0120", "station_name": "進安公園地下停車場", "district": "中山區", "city": "taipei", "operator_name": "千斗開發有限公司", "charging_points": 3, "available": 3, "occupied": 0, "availability_pct": 100, "charging_rate": "計度/固定/8元每度", "parking_rate": "計時/每日/30元/每小時", "service_time": "7x24 小時", "address": "八德路2段158號地下1至3層", "telephone": "2502-3333", "floors": "B1"}}, {"type": "Feature", "geometry": {"type": "Point", "coordinates": [121.56641, 25.03716]}, "properties": {"station_id": "TPE0070", "station_name": "松壽廣場地下停車場", "district": "信義區", "city": "taipei", "operator_name": "寶盛國際股份有限公司", "charging_points": 8, "available": 3, "occupied": 5, "availability_pct": 38, "charging_rate": "計時/每日/0元每1時", "parking_rate": "每1小時0元", "service_time": "每日/00:00-24:00", "address": "松智路15號（地下共3層）", "telephone": "0226550818", "floors": "B1"}}, {"type": "Feature", "geometry": {"type": "Point", "coordinates": [121.57049, 25.02596]}, "properties": {"station_id": "TPE1110", "station_name": "信義路5段150巷臨時平面停車場", "district": "信義區", "city": "taipei", "operator_name": "源點科技股份有限公司", "charging_points": 2, "available": 1, "occupied": 1, "availability_pct": 50, "charging_rate": "計度/每度8.00元", "parking_rate": "每小時20元", "service_time": "每日/00:00~24:00", "address": "信義路5段150巷與信義路5段150巷342弄交叉口", "telephone": "0800208333", "floors": "1"}}, {"type": "Feature", "geometry": {"type": "Point", "coordinates": [121.51803, 25.07116]}, "properties": {"station_id": "TPE1861", "station_name": "大龍峒社會住宅地下停車場", "district": "大同區", "city": "taipei", "operator_name": "助安企業股份有限公司大龍峒社會住宅地下停車場", "charging_points": 2, "available": 2, "occupied": 0, "availability_pct": 100, "charging_rate": "慢充每度8元", "parking_rate": "30", "service_time": "24H", "address": "承德路3段212、212-2號地上1層及地下1至3層", "telephone": "0227546661", "floors": "1F"}}, {"type": "Feature", "geometry": {"type": "Point", "coordinates": [121.49002, 25.03341]}, "properties": {"station_id": "TPE1904", "station_name": "台灣聯通萬華安居A停車場", "district": "萬華區", "city": "taipei", "operator_name": "皇鋒通訊股份有限公司", "charging_points": 2, "available": 2, "occupied": 0, "availability_pct": 100, "charging_rate": "計度/10元每度", "parking_rate": "計時/每日/100元每小時,全程以半小時計", "service_time": "每日/00:00-24:00", "address": "環河南路2段250巷23號地下1至2層", "telephone": "25235000", "floors": "B1"}}, {"type": "Feature", "geometry": {"type": "Point", "coordinates": [121.49071, 25.03312]}, "properties": {"station_id": "TPE1905", "station_name": "台灣聯通萬華安居B停車場", "district": "萬華區", "city": "taipei", "operator_name": "皇鋒通訊股份有限公司", "charging_points": 2, "available": 2, "occupied": 0, "availability_pct": 100, "charging_rate": "計度/10元每度", "parking_rate": "計時/每日/100元每小時,全程以半小時計", "service_time": "每日/00:00-24:00", "address": "環河南路2段250巷21號地下1至2層", "telephone": "25235000", "floors": "B1"}}, {"type": "Feature", "geometry": {"type": "Point", "coordinates": [121.57785, 25.06257]}, "properties": {"station_id": "TPE1908", "station_name": "舊宗社會住宅地下停車場", "district": "內湖區", "city": "taipei", "operator_name": "助安企業股份有限公司舊宗社會住宅地下停車場", "charging_points": 1, "available": 0, "occupied": 1, "availability_pct": 0, "charging_rate": "慢充每度8元", "parking_rate": "30", "service_time": "24H", "address": "舊宗路1段185號地下1至3層", "telephone": "0227546661", "floors": "1F"}}, {"type": "Feature", "geometry": {"type": "Point", "coordinates": [121.53533, 25.00382]}, "properties": {"station_id": "TPE0379", "station_name": "水源快速道路高架橋下", "district": "文山區", "city": "taipei", "operator_name": "源點科技股份有限公司", "charging_points": 4, "available": 3, "occupied": 1, "availability_pct": 75, "charging_rate": "計度/每度8.00元", "parking_rate": "每小時20元", "service_time": "每日/09:00~17:00", "address": "汀州路4段51號至137巷間", "telephone": "2759-0666", "floors": "1"}}, {"type": "Feature", "geometry": {"type": "Point", "coordinates": [121.56822, 25.04027]}, "properties": {"station_id": "TPE0230", "station_name": "忠信廣場地下停車場", "district": "信義區", "city": "taipei", "operator_name": "源點科技股份有限公司", "charging_points": 8, "available": 3, "occupied": 5, "availability_pct": 38, "charging_rate": "計度/每度8.00元", "parking_rate": "每小時50元", "service_time": "每日/00:00~24:00", "address": "松仁路2號地下", "telephone": "0223459578", "floors": "B1"}}, {"type": "Feature", "geometry": {"type": "Point", "coordinates": [121.60553, 25.07253]}, "properties": {"station_id": "TPE0300", "station_name": "康寧平面停車場", "district": "內湖區", "city": "taipei", "operator_name": "源點科技股份有限公司", "charging_points": 2, "available": 2, "occupied": 0, "availability_pct": 100, "charging_rate": "計度/每度8.00元", "parking_rate": "每小時20元", "service_time": "每日/00:00~24:00", "address": "民權東路6段與民權東路6段296巷口", "telephone": "0226550818", "floors": "1"}}, {"type": "Feature", "geometry": {"type": "Point", "coordinates": [121.57207, 25.08573]}, "properties": {"station_id": "TPE0381", "station_name": "環山平面停車場", "district": "內湖區", "city": "taipei", "operator_name": "源點科技股份有限公司", "charging_points": 2, "available": 2, "occupied": 0, "availability_pct": 100, "charging_rate": "計度/每度8.00元", "parking_rate": "每小時20元", "service_time": "每日/00:00~24:00", "address": "環山路2段與內湖路1段411巷口", "telephone": "02-27546661", "floors": "1"}}, {"type": "Feature", "geometry": {"type": "Point", "coordinates": [121.54997, 25.01887]}, "properties": {"station_id": "TPE0593", "station_name": "臺北市芳和實驗中學", "district": "大安區", "city": "taipei", "operator_name": "鋐城科技股份有限公司", "charging_points": 5, "available": 5, "occupied": 0, "availability_pct": 100, "charging_rate": "測試中，不計費", "parking_rate": "計月/2500 元每月", "service_time": "每日/00:00-24:00", "address": "臥龍街170號", "telephone": "2732-1961#504", "floors": "1"}}, {"type": "Feature", "geometry": {"type": "Point", "coordinates": [121.54503, 25.01177]}, "properties": {"station_id": "TPE1011", "station_name": "國立臺灣大學芳蘭第一平面停車場", "district": "大安區", "city": "taipei", "operator_name": "華城電能科技股份有限公司", "charging_points": 1, "available": 1, "occupied": 0, "availability_pct": 100, "charging_rate": "AC/計度/一般/ 7.8000元每度", "parking_rate": "平日40元/時，假日40元/時", "service_time": "每日/00:00-24:00", "address": "芳蘭路71號(環境研究大樓)", "telephone": "3366-3366", "floors": "1"}}, {"type": "Feature", "geometry": {"type": "Point", "coordinates": [121.46245, 25.11868]}, "properties": {"station_id": "TPE0399", "station_name": "關渡水岸自然公園平面停車場", "district": "北投區", "city": "taipei", "operator_name": "華城電能科技股份有限公司", "charging_points": 9, "available": 3, "occupied": 6, "availability_pct": 33, "charging_rate": "AC/計度/一般/ 8.0元每度", "parking_rate": "50元/時", "service_time": "每日/00:00-24:00", "address": "知行路360號(關渡宮)對面空地", "telephone": "(02)27057716", "floors": "1"}}, {"type": "Feature", "geometry": {"type": "Point", "coordinates": [121.61584, 25.06855]}, "properties": {"station_id": "TPE0360", "station_name": "東湖國小地下停車場", "district": "內湖區", "city": "taipei", "operator_name": "華城電能科技股份有限公司", "charging_points": 10, "available": 8, "occupied": 2, "availability_pct": 80, "charging_rate": "AC/計度/一般/ 8.000元每度,AC/計度/尖峰/ 0.00元每度,AC/計度/離峰/ 0.00元每度", "parking_rate": "30元/8:00~18:00，20元/18:00~8:00", "service_time": "每日/00:00-24:00", "address": "東湖路115號之1地下", "telephone": "0226306731", "floors": "B1"}}, {"type": "Feature", "geometry": {"type": "Point", "coordinates": [121.5073, 25.02492]}, "properties": {"station_id": "TPE0305", "station_name": "青年公園高爾夫球場地下停車場", "district": "萬華區", "city": "taipei", "operator_name": "華城電能科技股份有限公司", "charging_points": 8, "available": 6, "occupied": 2, "availability_pct": 75, "charging_rate": "AC/計度/一般/ 8.000元每度,AC/計度/尖峰/ 8.000元每度,AC/計度/離峰/ 8.000元每度", "parking_rate": "30元/時", "service_time": "每日/00:00-24:00", "address": "國興路5號地下共2層", "telephone": "23379616", "floors": "B1"}}, {"type": "Feature", "geometry": {"type": "Point", "coordinates": [121.53512, 25.01092]}, "properties": {"station_id": "TPE0251", "station_name": "公館停車場", "district": "中正區", "city": "taipei", "operator_name": "特爾電力股份有限公司", "charging_points": 3, "available": 3, "occupied": 0, "availability_pct": 100, "charging_rate": "計時/固定/1元每分", "parking_rate": "計時/平日/40元每小時，計時/假日/50元每小時", "service_time": "7x24小時", "address": "汀州路3段230巷內空地", "telephone": "8369-5098", "floors": "1"}}, {"type": "Feature", "geometry": {"type": "Point", "coordinates": [121.52322, 25.04314]}, "properties": {"station_id": "TPE1585", "station_name": "臺北市立成功高級中學綜合大樓地下停車場", "district": "中正區", "city": "taipei", "operator_name": "舞動陽光股份有限公司成功營業所", "charging_points": 1, "available": 1, "occupied": 0, "availability_pct": 100, "charging_rate": "計度/尖峰/09:00-23:59/7.00 元每度, 計度/尖峰/06:00-11:00/7.00 元每度, 計度/尖峰/14:00-23:59/7.00 元每度, 計度/離峰/23:59-09:00/7.00 元每度, 計度/離峰/23:59-06:00/7.00 元每度, 計度/離峰/11:00-14:00/7.00 元每度, 計度/半尖峰/09:00-23:59/7.00 元每度, 計度/半尖峰/06:00-11:00/7.00 元每度, 計度/半尖峰/14:00-23:59/7.00 元每度, ", "parking_rate": "計時/每日/20 元每小時", "service_time": "星期一：00:00～23:59\n星期二：00:00～23:59\n星期三：00:00～23:59\n星期四：00:00～23:59\n星期五：00:00～23:59\n星期六：00:00～23:59\n星期日：00:00～23:59", "address": "濟南路1段71號地下2層", "telephone": "2321-8222", "floors": "B2"}}, {"type": "Feature", "geometry": {"type": "Point", "coordinates": [121.56934, 25.07935]}, "properties": {"station_id": "TPE1634", "station_name": "洲子站", "district": "內湖區", "city": "taipei", "operator_name": "創玖科技股份有限公司", "charging_points": 1, "available": 0, "occupied": 0, "availability_pct": 0, "charging_rate": "計度/固定/8.00元每度", "parking_rate": "計時/每日/40元每小時", "service_time": "每日/00:00-24:00", "address": "瑞光路513巷22弄2號地下1層", "telephone": "0227995657", "floors": "B1"}}, {"type": "Feature", "geometry": {"type": "Point", "coordinates": [121.54052, 24.99052]}, "properties": {"station_id": "TPE0121", "station_name": "景文平面停車場", "district": "文山區", "city": "taipei", "operator_name": "源點科技股份有限公司", "charging_points": 2, "available": 2, "occupied": 0, "availability_pct": 100, "charging_rate": "計度/每度8.00元", "parking_rate": "每小時30元", "service_time": "每日/00:00~24:00", "address": "景文街90巷內廣場停車場", "telephone": "2759-0666", "floors": "1"}}, {"type": "Feature", "geometry": {"type": "Point", "coordinates": [121.57351, 25.03148]}, "properties": {"station_id": "TPE0238", "station_name": "松德臨時平面停車場", "district": "信義區", "city": "taipei", "operator_name": "源點科技股份有限公司", "charging_points": 2, "available": 1, "occupied": 1, "availability_pct": 50, "charging_rate": "計度/每度8.00元", "parking_rate": "每小時30元", "service_time": "每日/00:00~24:00", "address": "松德路底(中強公園旁)", "telephone": "0800208333", "floors": "1"}}, {"type": "Feature", "geometry": {"type": "Point", "coordinates": [121.55136, 25.00071]}, "properties": {"station_id": "TPE0715", "station_name": "興隆公園地下停車場", "district": "文山區", "city": "taipei", "operator_name": "源點科技股份有限公司", "charging_points": 7, "available": 7, "occupied": 0, "availability_pct": 100, "charging_rate": "計度/每度8.00元", "parking_rate": "每小時20元", "service_time": "每日/00:00~24:00", "address": "仙岩路128號地下", "telephone": "2759-0666", "floors": "B1"}}, {"type": "Feature", "geometry": {"type": "Point", "coordinates": [121.52359, 25.08583]}, "properties": {"station_id": "TPE0058", "station_name": "百齡高中地下停車場", "district": "士林區", "city": "taipei", "operator_name": "日月亭股份有限公司百齡高中營業所", "charging_points": 5, "available": 4, "occupied": 1, "availability_pct": 80, "charging_rate": "計度/固定/8元每度", "parking_rate": "計時:週一 ~ 周四 AM 09：00 ~ PM 22：00  40/1H PM 22：00 ~ AM 09：00  10/1H        週五 ~ 周日及國定假日 PM 12：00 ~ AM 01：00   50/1H AM 01：00 ~ PM 12：00   10/1H", "service_time": "7*24 小時", "address": "承德路4段175號地下", "telephone": "0800021111", "floors": "B1"}}, {"type": "Feature", "geometry": {"type": "Point", "coordinates": [121.50498, 25.14065]}, "properties": {"station_id": "TPE0204", "station_name": "開勝平面停車場", "district": "北投區", "city": "taipei", "operator_name": "華城電能科技股份有限公司", "charging_points": 2, "available": 1, "occupied": 1, "availability_pct": 50, "charging_rate": "AC/計度/一般/ 8.0元每度", "parking_rate": "20元/時", "service_time": "每日/00:00-24:00", "address": "珠海路88號", "telephone": "(02)25683773", "floors": "1"}}, {"type": "Feature", "geometry": {"type": "Point", "coordinates": [121.56935, 25.07946]}, "properties": {"station_id": "TPE0654", "station_name": "洲子立體停車場", "district": "內湖區", "city": "taipei", "operator_name": "華城電能科技股份有限公司", "charging_points": 10, "available": 9, "occupied": 1, "availability_pct": 90, "charging_rate": "AC/計度/一般/ 8.000元每度,AC/計度/尖峰/ 8.000元每度,AC/計度/離峰/ 8.000元每度", "parking_rate": "40元/8:00~20:00，10元/20:00~8:00", "service_time": "每日/00:00-24:00", "address": "瑞光路513巷22弄2號", "telephone": "0287511380", "floors": "3"}}, {"type": "Feature", "geometry": {"type": "Point", "coordinates": [121.51001, 25.02385]}, "properties": {"station_id": "TPE0092", "station_name": "古亭國中地下停車場", "district": "萬華區", "city": "taipei", "operator_name": "華城電能科技股份有限公司", "charging_points": 7, "available": 7, "occupied": 0, "availability_pct": 100, "charging_rate": "AC/計度/一般/ 8.000元每度", "parking_rate": "30元/時", "service_time": "每日/00:00-24:00", "address": "中華路2段606巷1號地下", "telephone": "23390684", "floors": "B1"}}, {"type": "Feature", "geometry": {"type": "Point", "coordinates": [121.53803, 25.02407]}, "properties": {"station_id": "TPE0449", "station_name": "龍門國中地下停車場", "district": "大安區", "city": "taipei", "operator_name": "源點科技股份有限公司", "charging_points": 19, "available": 14, "occupied": 5, "availability_pct": 74, "charging_rate": "計度/每度8.00元", "parking_rate": "每小時30元", "service_time": "每日/00:00~24:00", "address": "建國南路2段269號地下", "telephone": "022732-6469", "floors": "B1"}}, {"type": "Feature", "geometry": {"type": "Point", "coordinates": [121.5684, 25.04773]}, "properties": {"station_id": "TPE1149", "station_name": "正氣橋下平面停車場", "district": "信義區", "city": "taipei", "operator_name": "源點科技股份有限公司", "charging_points": 2, "available": 1, "occupied": 1, "availability_pct": 50, "charging_rate": "計度/每度8.00元", "parking_rate": "每小時30元", "service_time": "每日/00:00~24:00", "address": "基隆路1段35巷至65號間對面", "telephone": "", "floors": "1"}}, {"type": "Feature", "geometry": {"type": "Point", "coordinates": [121.54189, 25.05407]}, "properties": {"station_id": "TPE0134", "station_name": "龍江平面停車場", "district": "中山區", "city": "taipei", "operator_name": "源點科技股份有限公司", "charging_points": 2, "available": 0, "occupied": 2, "availability_pct": 0, "charging_rate": "計度/每度8.00元", "parking_rate": "每小時30元", "service_time": "每日/00:00~24:00", "address": "龍江路155巷與遼寧街口", "telephone": "2754-6661", "floors": "1"}}, {"type": "Feature", "geometry": {"type": "Point", "coordinates": [121.58286, 24.98622]}, "properties": {"station_id": "TPE0726", "station_name": "政大三街臨時平面停車場", "district": "文山區", "city": "taipei", "operator_name": "源點科技股份有限公司", "charging_points": 2, "available": 2, "occupied": 0, "availability_pct": 100, "charging_rate": "計度/每度8.00元", "parking_rate": "每小時20元", "service_time": "每日/00:00~24:00", "address": "政大三街53號旁", "telephone": "2518-5299", "floors": "1"}}, {"type": "Feature", "geometry": {"type": "Point", "coordinates": [121.49939, 25.10973]}, "properties": {"station_id": "TPE0444", "station_name": "洲美運動公園地下停車場", "district": "北投區", "city": "taipei", "operator_name": "源點科技股份有限公司", "charging_points": 2, "available": 2, "occupied": 0, "availability_pct": 100, "charging_rate": "計度/每度8.00元", "parking_rate": "每小時20元", "service_time": "每日/00:00~24:00", "address": "洲美街271號地下1層", "telephone": "0228360050", "floors": "B1"}}, {"type": "Feature", "geometry": {"type": "Point", "coordinates": [121.50008, 25.03363]}, "properties": {"station_id": "TPE0575", "station_name": "萬華車站地下停車場", "district": "萬華區", "city": "taipei", "operator_name": "華城電能科技股份有限公司", "charging_points": 6, "available": 6, "occupied": 0, "availability_pct": 100, "charging_rate": "AC/計度/一般/ 8.000元每度,AC/計度/尖峰/ 8.000元每度,AC/計度/離峰/ 8.000元每度", "parking_rate": "平日40元/時，假日40元/時", "service_time": "每日/00:00-24:00", "address": "康定路382號地下1至2層", "telephone": "22408767", "floors": "B1"}}, {"type": "Feature", "geometry": {"type": "Point", "coordinates": [121.53135, 25.10198]}, "properties": {"station_id": "TPE0315", "station_name": "至誠平面停車場", "district": "士林區", "city": "taipei", "operator_name": "華城電能科技股份有限公司", "charging_points": 2, "available": 2, "occupied": 0, "availability_pct": 100, "charging_rate": "AC/計度/一般/ 8.000元每度", "parking_rate": "20元/時", "service_time": "每日/00:00-24:00", "address": "至誠路1段295號對面", "telephone": "(02)25573722", "floors": "1"}}, {"type": "Feature", "geometry": {"type": "Point", "coordinates": [121.60679, 25.05624]}, "properties": {"station_id": "TPE0229", "station_name": "興中立體停車場", "district": "南港區", "city": "taipei", "operator_name": "華城電能科技股份有限公司", "charging_points": 16, "available": 11, "occupied": 5, "availability_pct": 69, "charging_rate": "AC/計度/一般/ 8.000元每度,AC/計度/尖峰/ 0.00元每度,AC/計度/離峰/ 0.00元每度,AC/計度/尖峰/ 8.000元每度,AC/計度/離峰/ 8.000元每度", "parking_rate": "20元/時", "service_time": "每日/00:00-24:00", "address": "興中路44巷1號", "telephone": "0227832912", "floors": "2"}}, {"type": "Feature", "geometry": {"type": "Point", "coordinates": [121.49957, 25.02919]}, "properties": {"station_id": "TPE0690", "station_name": "萬華國中地下停車場", "district": "萬華區", "city": "taipei", "operator_name": "華城電能科技股份有限公司", "charging_points": 13, "available": 6, "occupied": 7, "availability_pct": 46, "charging_rate": "AC/計度/一般/ 8.000元每度", "parking_rate": "20元/小時", "service_time": "每日/00:00-24:00", "address": "西藏路201號地下", "telephone": "23078457", "floors": "B1"}}, {"type": "Feature", "geometry": {"type": "Point", "coordinates": [121.52424, 25.08789]}, "properties": {"station_id": "TPE1622", "station_name": "台北市公有士林市場停車場", "district": "士林區", "city": "taipei", "operator_name": "皇鋒通訊股份有限公司", "charging_points": 2, "available": 2, "occupied": 0, "availability_pct": 100, "charging_rate": "計分/ 0.9元每分", "parking_rate": "計時/每日/40元第1小時,計時/每日/50元第2小時,計時/每日/60元第3小時", "service_time": "每日/00:00-24:00", "address": "基河路101號地下3層", "telephone": "(02)28815557", "floors": "B3"}}, {"type": "Feature", "geometry": {"type": "Point", "coordinates": [121.48937, 25.03038]}, "properties": {"station_id": "TPE0754", "station_name": "環南停車場", "district": "萬華區", "city": "taipei", "operator_name": "合凌科技股份有限公司", "charging_points": 4, "available": 4, "occupied": 0, "availability_pct": 100, "charging_rate": "計時/固定/1 元每分", "parking_rate": "計時/每日/30元每小時", "service_time": "每日/00:00-24:00", "address": "環河南路2段338號4至5層", "telephone": "0932237171", "floors": "4"}}, {"type": "Feature", "geometry": {"type": "Point", "coordinates": [121.54675, 25.06083]}, "properties": {"station_id": "TPE0534", "station_name": "民有市場地下停車場", "district": "松山區", "city": "taipei", "operator_name": "源點科技股份有限公司", "charging_points": 9, "available": 3, "occupied": 6, "availability_pct": 33, "charging_rate": "計度/每度8.00元", "parking_rate": "每小時30元", "service_time": "每日/00:00~24:00", "address": "民權東路3段140巷15號地下", "telephone": "0287125731", "floors": "B1"}}, {"type": "Feature", "geometry": {"type": "Point", "coordinates": [121.56088, 25.08647]}, "properties": {"station_id": "TPE0215", "station_name": "文湖平面停車場", "district": "內湖區", "city": "taipei", "operator_name": "源點科技股份有限公司", "charging_points": 2, "available": 2, "occupied": 0, "availability_pct": 100, "charging_rate": "計度/每度8.00元", "parking_rate": "每小時20元", "service_time": "每日/00:00~24:00", "address": "文湖街21巷口文湖國小旁", "telephone": "02-27546661", "floors": "1"}}, {"type": "Feature", "geometry": {"type": "Point", "coordinates": [121.50217, 25.09135]}, "properties": {"station_id": "TPE0734", "station_name": "社子國小地下停車場", "district": "士林區", "city": "taipei", "operator_name": "千斗開發有限公司", "charging_points": 10, "available": 9, "occupied": 1, "availability_pct": 90, "charging_rate": "計度/固定/8元每度", "parking_rate": "計時/每日/20元/每小時", "service_time": "7x24 小時", "address": "延平北路6段308號地下1至3層", "telephone": "0228162810", "floors": "B1"}}, {"type": "Feature", "geometry": {"type": "Point", "coordinates": [121.55682, 24.97964]}, "properties": {"station_id": "TPE0610", "station_name": "樟新平面停車場", "district": "文山區", "city": "taipei", "operator_name": "源點科技股份有限公司", "charging_points": 2, "available": 2, "occupied": 0, "availability_pct": 100, "charging_rate": "計度/每度8.00元", "parking_rate": "每小時20元", "service_time": "每日/00:00~24:00", "address": "一壽街3巷與17巷之間", "telephone": "2518-5299", "floors": "1"}}, {"type": "Feature", "geometry": {"type": "Point", "coordinates": [121.56647, 25.03307]}, "properties": {"station_id": "TPE0334", "station_name": "信義廣場地下停車場", "district": "信義區", "city": "taipei", "operator_name": "源點科技股份有限公司", "charging_points": 9, "available": 4, "occupied": 5, "availability_pct": 44, "charging_rate": "計度/每度8.00元", "parking_rate": "每小時50元", "service_time": "每日/00:00~24:00", "address": "信義路5段11號地下(地下共2層)", "telephone": "", "floors": "B1"}}, {"type": "Feature", "geometry": {"type": "Point", "coordinates": [121.59237, 25.06865]}, "properties": {"station_id": "TPE0279", "station_name": "石潭平面停車場", "district": "內湖區", "city": "taipei", "operator_name": "源點科技股份有限公司", "charging_points": 2, "available": 2, "occupied": 0, "availability_pct": 100, "charging_rate": "計度/每度8.00元", "parking_rate": "每小時30元", "service_time": "每日/00:00~24:00", "address": "民權東路6段與民權東路6段174巷口", "telephone": "022655-0818", "floors": "1"}}, {"type": "Feature", "geometry": {"type": "Point", "coordinates": [121.52483, 25.05926]}, "properties": {"station_id": "TPE0425", "station_name": "永盛公園地下停車場", "district": "中山區", "city": "taipei", "operator_name": "源點科技股份有限公司", "charging_points": 6, "available": 4, "occupied": 2, "availability_pct": 67, "charging_rate": "計度/每度8.00元", "parking_rate": "每小時50元", "service_time": "每日/00:00~24:00", "address": "中山北路2段93巷30號地下", "telephone": "2759-0666", "floors": "B1"}}, {"type": "Feature", "geometry": {"type": "Point", "coordinates": [121.54407, 25.0144]}, "properties": {"station_id": "TPE1195", "station_name": "臺大癌醫中心分院地下停車場", "district": "大安區", "city": "taipei", "operator_name": "華城電能科技股份有限公司", "charging_points": 8, "available": 7, "occupied": 1, "availability_pct": 88, "charging_rate": "AC/計度/一般/ 8.8000元每度", "parking_rate": "50元/時", "service_time": "每日/00:00-24:00", "address": "基隆路3段155巷57號地下1至3層", "telephone": "2732-1156", "floors": "B2"}}, {"type": "Feature", "geometry": {"type": "Point", "coordinates": [121.46572, 25.12033]}, "properties": {"station_id": "TPE0207", "station_name": "關渡醫院旁平面停車場", "district": "北投區", "city": "taipei", "operator_name": "華城電能科技股份有限公司", "charging_points": 2, "available": 2, "occupied": 0, "availability_pct": 100, "charging_rate": "AC/計度/一般/ 0.00元每度", "parking_rate": "20元/時", "service_time": "每日/00:00-24:00", "address": "大度路3段301巷", "telephone": "(02)25683773", "floors": "1"}}, {"type": "Feature", "geometry": {"type": "Point", "coordinates": [121.52925, 25.10964]}, "properties": {"station_id": "TPE0819", "station_name": "蘭雅公園地下停車場", "district": "士林區", "city": "taipei", "operator_name": "華城電能科技股份有限公司", "charging_points": 4, "available": 3, "occupied": 1, "availability_pct": 75, "charging_rate": "AC/計度/一般/ 8.000元每度,AC/計度/尖峰/ 8.000元每度,AC/計度/離峰/ 8.000元每度", "parking_rate": "30元/周一~周五，40元/周六~周日", "service_time": "每日/00:00-24:00", "address": "德行東路129巷31號地下", "telephone": "0228318004", "floors": "B1"}}, {"type": "Feature", "geometry": {"type": "Point", "coordinates": [121.51722, 25.07411]}, "properties": {"station_id": "TPE0828", "station_name": "大龍國小地下停車場", "district": "大同區", "city": "taipei", "operator_name": "華城電能科技股份有限公司", "charging_points": 7, "available": 5, "occupied": 2, "availability_pct": 71, "charging_rate": "AC/計度/一般/ 8.000元每度,AC/計度/尖峰/ 8.000元每度,AC/計度/離峰/ 8.000元每度", "parking_rate": "30元/小時", "service_time": "每日/00:00-24:00", "address": "哈密街47號地下1層", "telephone": "2759-0666", "floors": "B1"}}, {"type": "Feature", "geometry": {"type": "Point", "coordinates": [121.59315, 25.05281]}, "properties": {"station_id": "TPE0596", "station_name": "南港高中停車場", "district": "南港區", "city": "taipei", "operator_name": "合創數位科技股份有限公司", "charging_points": 1, "available": 1, "occupied": 0, "availability_pct": 100, "charging_rate": "計度/固定/6.0 元每度", "parking_rate": "季租:以季票(3個月為一期)方式計費，每車3000元/季，以年票方式九折", "service_time": "夜間:每日下午六點至翌日上午八點 : 例假日:星期六、日及國定假日全天", "address": "向陽路21號", "telephone": "0227837863#248", "floors": "1"}}, {"type": "Feature", "geometry": {"type": "Point", "coordinates": [121.50331, 25.02601]}, "properties": {"station_id": "TPE1602", "station_name": "新和國小地下停車場", "district": "萬華區", "city": "taipei", "operator_name": "創玖科技股份有限公司", "charging_points": 6, "available": 0, "occupied": 0, "availability_pct": 0, "charging_rate": "計度/固定/8.00元每度", "parking_rate": "計時/每日/30元每小時/每日最高/180元每日", "service_time": "每日/00:00-24:00", "address": "西藏路125巷31號地下1至3層", "telephone": "2799-5657", "floors": "B1"}}, {"type": "Feature", "geometry": {"type": "Point", "coordinates": [121.54025, 25.01973]}, "properties": {"station_id": "TPE0201U01", "station_name": "國立臺灣大學校總區平面停車場", "district": "大安區", "city": "taipei", "operator_name": "台灣特斯拉汽車有限公司", "charging_points": 6, "available": 4, "occupied": 2, "availability_pct": 67, "charging_rate": "計度/浮動/8元每度", "parking_rate": "計時/每日/60元每小時", "service_time": "7x24小時", "address": "羅斯福路4段1號", "telephone": "33663366", "floors": "B2"}}, {"type": "Feature", "geometry": {"type": "Point", "coordinates": [121.58136, 25.05881]}, "properties": {"station_id": "TPE1315", "station_name": "臺北市內湖區潭美國民小學地下停車場", "district": "內湖區", "city": "taipei", "operator_name": "思納捷科技股份有限公司", "charging_points": 2, "available": 2, "occupied": 0, "availability_pct": 100, "charging_rate": "計分/固定/ 0.0 元每分", "parking_rate": "校園案預設'以分計費'", "service_time": "平日/19:00-07:00 假日00:00-24:00", "address": "行善路179號地下1層", "telephone": "0227917334#231", "floors": "1"}}, {"type": "Feature", "geometry": {"type": "Point", "coordinates": [121.61591, 25.04547]}, "properties": {"station_id": "TPE0384", "station_name": "福山平面停車場", "district": "南港區", "city": "taipei", "operator_name": "源點科技股份有限公司", "charging_points": 2, "available": 2, "occupied": 0, "availability_pct": 100, "charging_rate": "計度/每度8.00元", "parking_rate": "每小時20元", "service_time": "每日/00:00~24:00", "address": "福山街4號旁", "telephone": "(02)24551299", "floors": "1"}}, {"type": "Feature", "geometry": {"type": "Point", "coordinates": [121.52892, 25.01943]}, "properties": {"station_id": "TPE0154", "station_name": "耕莘文教院前平面停車場", "district": "中正區", "city": "taipei", "operator_name": "源點科技股份有限公司", "charging_points": 2, "available": 0, "occupied": 2, "availability_pct": 0, "charging_rate": "計度/每度8.00元", "parking_rate": "每小時30元", "service_time": "每日/00:00~24:00", "address": "辛亥路1段22號前（耕莘文教院前）", "telephone": "0800208333", "floors": "1"}}, {"type": "Feature", "geometry": {"type": "Point", "coordinates": [121.55958, 25.05839]}, "properties": {"station_id": "TPE0003", "station_name": "民生立體停車場", "district": "松山區", "city": "taipei", "operator_name": "源點科技股份有限公司", "charging_points": 12, "available": 8, "occupied": 4, "availability_pct": 67, "charging_rate": "計度/每度8.00元", "parking_rate": "每小時30元", "service_time": "每日/00:00~24:00", "address": "民生東路5段84號", "telephone": "0227608303", "floors": "1"}}, {"type": "Feature", "geometry": {"type": "Point", "coordinates": [121.51621, 25.06479]}, "properties": {"station_id": "TPE0721", "station_name": "臺北市大同運動中心地下平面停車場", "district": "大同區", "city": "taipei", "operator_name": "舞動陽光股份有限公司大同分公司", "charging_points": 1, "available": 1, "occupied": 0, "availability_pct": 100, "charging_rate": "計度/尖峰/16:00-22:00/7.00 元每度, 計度/半尖峰/09:00-16:00/7.00 元每度, 計度/半尖峰/22:00-23:59/7.00 元每度, 計度/半尖峰/06:00-11:00/7.00 元每度, 計度/半尖峰/14:00-23:59/7.00 元每度, 計度/離峰/23:59-09:00/7.00 元每度, 計度/離峰/23:59-06:00/7.00 元每度, 計度/離峰/11:00-14:00/7.00 元每度, 計度/離峰/23:59-09:00/7.00 元每度,", "parking_rate": "計時/每日/40 元每小時", "service_time": "星期一：00:00～23:59\n星期二：00:00～23:59\n星期三：00:00～23:59\n星期四：00:00～23:59\n星期五：00:00～23:59\n星期六：00:00～23:59\n星期日：00:00～23:59", "address": "大龍街51號地下3層", "telephone": "2592-0055", "floors": "B3"}}, {"type": "Feature", "geometry": {"type": "Point", "coordinates": [121.56256, 25.03182]}, "properties": {"station_id": "TPE0816", "station_name": "信義國小地下停車場", "district": "信義區", "city": "taipei", "operator_name": "源點科技股份有限公司", "charging_points": 6, "available": 6, "occupied": 0, "availability_pct": 100, "charging_rate": "計度/每度8.00元", "parking_rate": "每小時30元", "service_time": "每日/00:00~24:00", "address": "松勤街60號地下1層", "telephone": "", "floors": "B1"}}, {"type": "Feature", "geometry": {"type": "Point", "coordinates": [121.61922, 25.07261]}, "properties": {"station_id": "TPE1102", "station_name": "康樂合署大樓地下停車場", "district": "內湖區", "city": "taipei", "operator_name": "華城電能科技股份有限公司", "charging_points": 1, "available": 1, "occupied": 0, "availability_pct": 100, "charging_rate": "AC/計度/一般/ 8.000元每度", "parking_rate": "30元/時(當日最高上限200元)", "service_time": "每日/00:00-24:00", "address": "康樂街150號地下（地下共3層）", "telephone": "0226337997", "floors": "B1"}}, {"type": "Feature", "geometry": {"type": "Point", "coordinates": [121.51863, 25.08719]}, "properties": {"station_id": "TPE0630", "station_name": "福港街平面停車場", "district": "士林區", "city": "taipei", "operator_name": "華城電能科技股份有限公司", "charging_points": 2, "available": 2, "occupied": 0, "availability_pct": 100, "charging_rate": "AC/計度/一般/ 8.000元每度", "parking_rate": "20元/時", "service_time": "每日/00:00-24:00", "address": "福港街149巷2號對面", "telephone": "0225046290", "floors": "1"}}, {"type": "Feature", "geometry": {"type": "Point", "coordinates": [150163.40664, -24908.75703]}, "properties": {"station_id": "TPE0441", "station_name": "中山運動中心旁臨時平面停車場", "district": null, "city": "taipei", "operator_name": "華城電能科技股份有限公司", "charging_points": 2, "available": 0, "occupied": 2, "availability_pct": 0, "charging_rate": "AC/計度/一般/ 8.000元每度", "parking_rate": "20元/時", "service_time": "每日/00:00-24:00", "address": "中山北路2段44巷及46巷中間", "telephone": "2518-5299", "floors": "1"}}, {"type": "Feature", "geometry": {"type": "Point", "coordinates": [121.6151, 25.05783]}, "properties": {"station_id": "TPE0827", "station_name": "世貿公園地下停車場", "district": "南港區", "city": "taipei", "operator_name": "華城電能科技股份有限公司", "charging_points": 14, "available": 8, "occupied": 6, "availability_pct": 57, "charging_rate": "AC/計度/一般/ 8.000元每度,AC/計度/尖峰/ 8.000元每度,AC/計度/離峰/ 8.000元每度", "parking_rate": "20元/時", "service_time": "每日/00:00-24:00", "address": "經貿二路88巷1號地下", "telephone": "0227886271", "floors": "B1"}}, {"type": "Feature", "geometry": {"type": "Point", "coordinates": [121.50842, 25.08094]}, "properties": {"station_id": "TPE0538", "station_name": "海光公園地下停車場", "district": "士林區", "city": "taipei", "operator_name": "華城電能科技股份有限公司", "charging_points": 4, "available": 4, "occupied": 0, "availability_pct": 100, "charging_rate": "AC/計度/一般/ 8.000元每度,AC/計度/尖峰/ 8.000元每度,AC/計度/離峰/ 8.000元每度", "parking_rate": "20元/小時", "service_time": "每日/00:00-24:00", "address": "葫蘆街83號地下", "telephone": "0228137344", "floors": "B1"}}, {"type": "Feature", "geometry": {"type": "Point", "coordinates": [121.5168, 25.0565]}, "properties": {"station_id": "TPE0758", "station_name": "蓬萊國小地下停車場", "district": "大同區", "city": "taipei", "operator_name": "皇鋒通訊股份有限公司", "charging_points": 6, "available": 1, "occupied": 5, "availability_pct": 17, "charging_rate": "計度/5元每度/00:00-09:00,計度/8元每度/09:00-24:00", "parking_rate": "計時/每日/16:00-22:00/40元每小時,計時/每日/22:00-16:00/30元每小時", "service_time": "每日/00:00-24:00", "address": "寧夏路35號地下(地下共2層)", "telephone": "02-25573722", "floors": "B1"}}, {"type": "Feature", "geometry": {"type": "Point", "coordinates": [121.54269, 25.0208]}, "properties": {"station_id": "TPE0880", "station_name": "國立臺灣大學辛亥地下停車場", "district": "大安區", "city": "taipei", "operator_name": "台灣特斯拉汽車有限公司", "charging_points": 3, "available": 3, "occupied": 0, "availability_pct": 100, "charging_rate": "計度/浮動/8元每度", "parking_rate": "計時/每日/40元每小時", "service_time": "7x24小時", "address": "羅斯福路4段1號地下1至2層", "telephone": "3366-3366", "floors": "B2"}}, {"type": "Feature", "geometry": {"type": "Point", "coordinates": [121.58017, 25.03611]}, "properties": {"station_id": "TPE0707", "station_name": "臺北市松山家商附設夜間及假日停車場", "district": "信義區", "city": "taipei", "operator_name": "思納捷科技股份有限公司", "charging_points": 1, "available": 0, "occupied": 0, "availability_pct": 0, "charging_rate": "計分/固定/ 6.7 元每分", "parking_rate": "不開放臨停，只開放月租車停放", "service_time": "夜間/星期一至星期日晚上19:00至翌日上午07:00 假日/星期六、日及國定假日上午07:00至晚上19:00", "address": "松山路655號", "telephone": "0227261118#415", "floors": "1"}}, {"type": "Feature", "geometry": {"type": "Point", "coordinates": [121.57229, 25.03958]}, "properties": {"station_id": "TPE0848", "station_name": "松山工農地下停車場", "district": "信義區", "city": "taipei", "operator_name": "源點科技股份有限公司", "charging_points": 6, "available": 4, "occupied": 2, "availability_pct": 67, "charging_rate": "計度/每度8.00元", "parking_rate": "每小時30元", "service_time": "每日/00:00~24:00", "address": "忠孝東路5段236巷15號地下", "telephone": "0223450672", "floors": "B1"}}, {"type": "Feature", "geometry": {"type": "Point", "coordinates": [121.53093, 25.06861]}, "properties": {"station_id": "TPE0125", "station_name": "新生公園停車場", "district": "中山區", "city": "taipei", "operator_name": "源點科技股份有限公司", "charging_points": 3, "available": 2, "occupied": 1, "availability_pct": 67, "charging_rate": "計度/每度8.00元", "parking_rate": "每小時30元", "service_time": "每日/00:00~24:00", "address": "民族東路與吉林路口(新生公園溫水游泳池旁)", "telephone": "0226550818", "floors": "1"}}, {"type": "Feature", "geometry": {"type": "Point", "coordinates": [121.54289, 24.99837]}, "properties": {"station_id": "TPE0097", "station_name": "三福街平面停車場", "district": "文山區", "city": "taipei", "operator_name": "源點科技股份有限公司", "charging_points": 2, "available": 2, "occupied": 0, "availability_pct": 100, "charging_rate": "計度/每度8.00元", "parking_rate": "每小時20元", "service_time": "每日/00:00~24:00", "address": "景隆街36巷內", "telephone": "8919-3669", "floors": "1"}}, {"type": "Feature", "geometry": {"type": "Point", "coordinates": [121.54467, 25.00251]}, "properties": {"station_id": "TPE0591", "station_name": "景豐臨時平面停車場", "district": "文山區", "city": "taipei", "operator_name": "源點科技股份有限公司", "charging_points": 2, "available": 2, "occupied": 0, "availability_pct": 100, "charging_rate": "計度/每度8.00元", "parking_rate": "每小時20元", "service_time": "每日/00:00~24:00", "address": "景豐街79號旁(文山景美運動公園內)", "telephone": "8919-3669", "floors": "1"}}, {"type": "Feature", "geometry": {"type": "Point", "coordinates": [121.5105, 25.05837]}, "properties": {"station_id": "TPE0122", "station_name": "大稻埕公園地下停車場", "district": "大同區", "city": "taipei", "operator_name": "華城電能科技股份有限公司", "charging_points": 4, "available": 2, "occupied": 2, "availability_pct": 50, "charging_rate": "AC/計度/一般/ 8.000元每度", "parking_rate": "40元/時", "service_time": "每日/00:00-24:00", "address": "歸綏街243號地下", "telephone": "2455-1299", "floors": "B1"}}, {"type": "Feature", "geometry": {"type": "Point", "coordinates": [121.51883, 25.10192]}, "properties": {"station_id": "TPE1049", "station_name": "福國路橋下平面停車場", "district": "士林區", "city": "taipei", "operator_name": "華城電能科技股份有限公司", "charging_points": 2, "available": 0, "occupied": 2, "availability_pct": 0, "charging_rate": "AC/計度/一般/ 8.000元每度", "parking_rate": "20元/時", "service_time": "每日/00:00-24:00", "address": "文林路台灣戲曲中心與臺北高等行政法院間福國路橋下", "telephone": "0227590666", "floors": "1"}}, {"type": "Feature", "geometry": {"type": "Point", "coordinates": [121.55664, 25.03399]}, "properties": {"station_id": "TPE0313", "station_name": "便利停車場大安地政事務所一站", "district": "大安區", "city": "taipei", "operator_name": "台灣大動力服務股份有限公司", "charging_points": 1, "available": 0, "occupied": 0, "availability_pct": 0, "charging_rate": "計分/1 元每分", "parking_rate": "計時/半小/35元/半小時(第一小時以一小時計費)，每日最高無上限", "service_time": "每日/00:00-24:00", "address": "信義路4段335巷6號旁空地", "telephone": "2799-1001#166", "floors": "B1"}}, {"type": "Feature", "geometry": {"type": "Point", "coordinates": [121.6113, 25.0566]}, "properties": {"station_id": "TPE0752", "station_name": "南港國小地下停車場", "district": "南港區", "city": "taipei", "operator_name": "華城電能科技股份有限公司", "charging_points": 8, "available": 8, "occupied": 0, "availability_pct": 100, "charging_rate": "AC/計度/一般/ 8.000元每度,AC/計度/尖峰/ 0.00元每度,AC/計度/離峰/ 0.00元每度", "parking_rate": "30元/8:00~20:00，20元/20:00~8:00", "service_time": "每日/00:00-24:00", "address": "興東街59號（地下1至2層）", "telephone": "0800021111", "floors": "B1"}}, {"type": "Feature", "geometry": {"type": "Point", "coordinates": [121.512, 25.07425]}, "properties": {"station_id": "TPE0930", "station_name": "啟聰學校地下停車場", "district": "大同區", "city": "taipei", "operator_name": "華城電能科技股份有限公司", "charging_points": 4, "available": 4, "occupied": 0, "availability_pct": 100, "charging_rate": "AC/計度/一般/ 8.000元每度", "parking_rate": "30元/小時", "service_time": "每日/00:00-24:00", "address": "延平北路4段205號地下1層", "telephone": "2759-0666", "floors": "B1"}}, {"type": "Feature", "geometry": {"type": "Point", "coordinates": [121.56177, 25.04704]}, "properties": {"station_id": "TPE0356", "station_name": "偶戲博物館地下停車場", "district": "松山區", "city": "taipei", "operator_name": "寶盛國際股份有限公司", "charging_points": 2, "available": 1, "occupied": 1, "availability_pct": 50, "charging_rate": "計時/每日/0元每1時", "parking_rate": "每1小時0元", "service_time": "每日/00:00-24:00", "address": "市民大道5段99號地下1層", "telephone": "0226550818", "floors": "B1"}}, {"type": "Feature", "geometry": {"type": "Point", "coordinates": [121.49506, 25.13528]}, "properties": {"station_id": "TPE1423", "station_name": "豐年運動公園平面停車場", "district": "北投區", "city": "taipei", "operator_name": "華城電能科技股份有限公司", "charging_points": 2, "available": 2, "occupied": 0, "availability_pct": 100, "charging_rate": "AC/計度/一般/ 0.00元每度", "parking_rate": "30元/時", "service_time": "每日/00:00-24:00", "address": "大業路527巷與大業路525巷2弄口", "telephone": "0227590666", "floors": "1"}}, {"type": "Feature", "geometry": {"type": "Point", "coordinates": [121.60037, 25.0881]}, "properties": {"station_id": "TPE0843", "station_name": "大湖活動中心暨溫水游泳池停車場", "district": "內湖區", "city": "taipei", "operator_name": "思納捷科技股份有限公司", "charging_points": 1, "available": 1, "occupied": 0, "availability_pct": 100, "charging_rate": "計分/固定/ 8.5 元每分", "parking_rate": "校園案預設'以分計費'", "service_time": "24小時", "address": "大湖山莊街170號", "telephone": "27915870", "floors": "1"}}, {"type": "Feature", "geometry": {"type": "Point", "coordinates": [121.5728, 25.03491]}, "properties": {"station_id": "TPE0108", "station_name": "興雅國中地下停車場", "district": "信義區", "city": "taipei", "operator_name": "源點科技股份有限公司", "charging_points": 11, "available": 5, "occupied": 6, "availability_pct": 45, "charging_rate": "計度/每度8.00元", "parking_rate": "每小時30元", "service_time": "每日/00:00~24:00", "address": "松德路200巷18號地下", "telephone": "0227585499", "floors": "B1"}}, {"type": "Feature", "geometry": {"type": "Point", "coordinates": [121.57852, 25.05037]}, "properties": {"station_id": "TPE0884", "station_name": "松山國小地下停車場", "district": "松山區", "city": "taipei", "operator_name": "源點科技股份有限公司", "charging_points": 7, "available": 7, "occupied": 0, "availability_pct": 100, "charging_rate": "計度/每度8.00元", "parking_rate": "每小時40元", "service_time": "每日/00:00~24:00", "address": "八德路4段746號地下(地下共3層)", "telephone": "0227995657", "floors": "B1"}}, {"type": "Feature", "geometry": {"type": "Point", "coordinates": [121.54093, 25.03258]}, "properties": {"station_id": "TPE0098", "station_name": "大安高工地下停車場", "district": "大安區", "city": "taipei", "operator_name": "源點科技股份有限公司", "charging_points": 14, "available": 12, "occupied": 2, "availability_pct": 86, "charging_rate": "計度/每度8.00元", "parking_rate": "每小時30元", "service_time": "每日/00:00~24:00", "address": "信義路3段166巷6弄12號地下(共2層)", "telephone": "022655-0818", "floors": "B1"}}, {"type": "Feature", "geometry": {"type": "Point", "coordinates": [121.56599, 24.98437]}, "properties": {"station_id": "TPE0206", "station_name": "保儀路平面停車場", "district": "文山區", "city": "taipei", "operator_name": "源點科技股份有限公司", "charging_points": 2, "available": 1, "occupied": 1, "availability_pct": 50, "charging_rate": "計度/每度8.00元", "parking_rate": "每小時20元", "service_time": "每日/00:00~24:00", "address": "保儀路157號對面", "telephone": "2246-1708", "floors": "1"}}, {"type": "Feature", "geometry": {"type": "Point", "coordinates": [121.56122, 25.05033]}, "properties": {"station_id": "TPE0234", "station_name": "吉祥平面停車場", "district": "松山區", "city": "taipei", "operator_name": "源點科技股份有限公司", "charging_points": 2, "available": 2, "occupied": 0, "availability_pct": 100, "charging_rate": "計度/每度8.00元", "parking_rate": "每小時30元", "service_time": "每日/00:00~24:00", "address": "光復北路11巷81號旁", "telephone": "0277518097", "floors": "1"}}, {"type": "Feature", "geometry": {"type": "Point", "coordinates": [121.5184, 25.05457]}, "properties": {"station_id": "TPE1648", "station_name": "臺北市建成綜合大樓停車場", "district": "大同區", "city": "taipei", "operator_name": "華城電能科技股份有限公司", "charging_points": 1, "available": 0, "occupied": 0, "availability_pct": 0, "charging_rate": "AC/計度/一般/ 8.000元每度", "parking_rate": "20元/時", "service_time": "每日/00:00-24:00", "address": "承德路2段33號地下1至4層", "telephone": "0225503853", "floors": "B1"}}, {"type": "Feature", "geometry": {"type": "Point", "coordinates": [121.53957, 25.15764]}, "properties": {"station_id": "TPE0382", "station_name": "陽明山花鐘停車場", "district": "北投區", "city": "taipei", "operator_name": "華城電能科技股份有限公司", "charging_points": 2, "available": 2, "occupied": 0, "availability_pct": 100, "charging_rate": "AC/計度/一般/ 0.00元每度", "parking_rate": "60元/時", "service_time": "每日/00:00-24:00", "address": "湖山路2段(陽明山公園花鐘前)", "telephone": "0975-024268或(02)26546264", "floors": "1"}}, {"type": "Feature", "geometry": {"type": "Point", "coordinates": [121.52168, 25.07548]}, "properties": {"station_id": "TPE0161", "station_name": "兒童育樂中心平面停車場", "district": "大同區", "city": "taipei", "operator_name": "華城電能科技股份有限公司", "charging_points": 2, "available": 2, "occupied": 0, "availability_pct": 100, "charging_rate": "AC/計度/一般/ 8.0元每度", "parking_rate": "30元/時", "service_time": "每日/00:00-24:00", "address": "玉門街與敦煌路口兒童育樂中心旁", "telephone": "2504-6290 分機85082鍾先生", "floors": "1"}}, {"type": "Feature", "geometry": {"type": "Point", "coordinates": [121.52018, 25.06044]}, "properties": {"station_id": "TPE0156", "station_name": "成淵高中地下停車場", "district": "大同區", "city": "taipei", "operator_name": "華城電能科技股份有限公司", "charging_points": 8, "available": 2, "occupied": 6, "availability_pct": 25, "charging_rate": "AC/計度/一般/ 8.000元每度", "parking_rate": "40元/9:00~21:00，30元/21:00~9:00", "service_time": "每日/00:00-24:00", "address": "承德路2段235號之1地下", "telephone": "2799-5657", "floors": "B1"}}, {"type": "Feature", "geometry": {"type": "Point", "coordinates": [121.55845, 25.00602]}, "properties": {"station_id": "TPE0128", "station_name": "辛亥國小地下停車場", "district": "文山區", "city": "taipei", "operator_name": "皇鋒通訊股份有限公司", "charging_points": 3, "available": 1, "occupied": 2, "availability_pct": 33, "charging_rate": "計度/8元每度", "parking_rate": "計時/每日/08:00-18:00/20元每小時,計時/每日/18:00-08:00/10元每小時", "service_time": "每日/00:00-24:00", "address": "辛亥路4段103號地下共2層", "telephone": "2557-3722#0", "floors": "B2"}}, {"type": "Feature", "geometry": {"type": "Point", "coordinates": [121.49992, 25.03613]}, "properties": {"station_id": "TPE0450", "station_name": "艋舺公園地下停車場", "district": "萬華區", "city": "taipei", "operator_name": "創玖科技股份有限公司", "charging_points": 10, "available": 0, "occupied": 0, "availability_pct": 0, "charging_rate": "計度/固定/8.00元每度", "parking_rate": "計時/平日/30元每小時/每日最高/180元,計時/假日/30元每小時/每日", "service_time": "每日/00:00-24:00", "address": "西園路1段145號地下室", "telephone": "2799-5657", "floors": "B4"}}, {"type": "Feature", "geometry": {"type": "Point", "coordinates": [121.5456, 25.06065]}, "properties": {"station_id": "TPE1578", "station_name": "中山國中地下停車場", "district": "松山區", "city": "taipei", "operator_name": "中興電工機械股份有限公司", "charging_points": 6, "available": 2, "occupied": 4, "availability_pct": 33, "charging_rate": "計時/每日/5元每0.5時", "parking_rate": "每0.5小時10元", "service_time": "每日/00:00-24:00", "address": "民權東路3段140巷6號地下(地下共2層)", "telephone": "2655-0818", "floors": "B1"}}, {"type": "Feature", "geometry": {"type": "Point", "coordinates": [121.51154, 25.06193]}, "properties": {"station_id": "TPE0725", "station_name": "臺北市大同區太平國民小學停車場", "district": "大同區", "city": "taipei", "operator_name": "思納捷科技股份有限公司", "charging_points": 1, "available": 1, "occupied": 0, "availability_pct": 100, "charging_rate": "計分/固定/ 8.5 元每分", "parking_rate": "校園案預設'以分計費'", "service_time": "平日/19:00-07:00 假日/24小時", "address": "延平北路2段239號", "telephone": "2553-2229#834", "floors": "1"}}, {"type": "Feature", "geometry": {"type": "Point", "coordinates": [121.53132, 25.05034]}, "properties": {"station_id": "TPE0606", "station_name": "長安國小地下停車場", "district": "中山區", "city": "taipei", "operator_name": "源點科技股份有限公司", "charging_points": 7, "available": 3, "occupied": 4, "availability_pct": 43, "charging_rate": "計度/每度8.00元", "parking_rate": "每小時40元", "service_time": "每日/00:00~24:00", "address": "松江路90巷14號地下", "telephone": "2759-0666", "floors": "B1"}}, {"type": "Feature", "geometry": {"type": "Point", "coordinates": [121.57666, 24.98945]}, "properties": {"station_id": "TPE0835", "station_name": "萬興國小地下停車場", "district": "文山區", "city": "taipei", "operator_name": "源點科技股份有限公司", "charging_points": 6, "available": 3, "occupied": 3, "availability_pct": 50, "charging_rate": "計度/每度8.00元", "parking_rate": "每小時30元", "service_time": "每日/00:00~24:00", "address": "秀明路2段116號地下", "telephone": "2759-0666", "floors": "B1"}}, {"type": "Feature", "geometry": {"type": "Point", "coordinates": [121.56608, 25.05582]}, "properties": {"station_id": "TPE0832", "station_name": "西松高中地下停車場", "district": "松山區", "city": "taipei", "operator_name": "源點科技股份有限公司", "charging_points": 8, "available": 4, "occupied": 4, "availability_pct": 50, "charging_rate": "計度/每度8.00元", "parking_rate": "每小時30元", "service_time": "每日/00:00~24:00", "address": "健康路325巷19弄1號地下", "telephone": "0225284554", "floors": "B1"}}, {"type": "Feature", "geometry": {"type": "Point", "coordinates": [121.57846, 25.0483]}, "properties": {"station_id": "TPE0851", "station_name": "松山車站地下停車場", "district": "信義區", "city": "taipei", "operator_name": "源點科技股份有限公司", "charging_points": 11, "available": 9, "occupied": 2, "availability_pct": 82, "charging_rate": "計度/每度8.00元", "parking_rate": "每小時40元", "service_time": "每日/00:00~24:00", "address": "松山路11號(南廣場B1)", "telephone": "0227676549", "floors": "B1"}}, {"type": "Feature", "geometry": {"type": "Point", "coordinates": [121.51192, 25.06694]}, "properties": {"station_id": "TPE1334", "station_name": "延平國小地下停車場", "district": "大同區", "city": "taipei", "operator_name": "華城電能科技股份有限公司", "charging_points": 6, "available": 3, "occupied": 3, "availability_pct": 50, "charging_rate": "AC/計度/一般/ 8.000元每度", "parking_rate": "40元/時，最高上限200元/12小時", "service_time": "每日/00:00-24:00", "address": "昌吉街97號地下層", "telephone": "2705-7716#0", "floors": "B1"}}, {"type": "Feature", "geometry": {"type": "Point", "coordinates": [121.51015, 25.06308]}, "properties": {"station_id": "TPE0539", "station_name": "臺北大橋橋下停車場", "district": "大同區", "city": "taipei", "operator_name": "華城電能科技股份有限公司", "charging_points": 2, "available": 0, "occupied": 2, "availability_pct": 0, "charging_rate": "AC/計度/一般/ 0.00元每度", "parking_rate": "30元/時", "service_time": "每日/00:00-24:00", "address": "環河北路2段至延平北路3段間之臺北大橋橋下空間", "telephone": "0228233418", "floors": "1"}}, {"type": "Feature", "geometry": {"type": "Point", "coordinates": [121.58692, 25.0418]}, "properties": {"station_id": "TPE0775", "station_name": "玉成公園地下停車場", "district": "南港區", "city": "taipei", "operator_name": "華城電能科技股份有限公司", "charging_points": 10, "available": 4, "occupied": 6, "availability_pct": 40, "charging_rate": "AC/計度/一般/ 8.000元每度,AC/計度/尖峰/ 8.000元每度,AC/計度/離峰/ 8.000元每度", "parking_rate": "20元/時", "service_time": "每日/00:00-24:00", "address": "成福路118號地下", "telephone": "0226517459", "floors": "B1"}}, {"type": "Feature", "geometry": {"type": "Point", "coordinates": [121.58098, 25.04248]}, "properties": {"station_id": "TPE0421", "station_name": "春光公園地下停車場", "district": "信義區", "city": "taipei", "operator_name": "威炬實業有限公司春光公園地下停車場", "charging_points": 5, "available": 0, "occupied": 5, "availability_pct": 0, "charging_rate": "計度/固定/8 元每度", "parking_rate": "計時/每日/30 元每小時", "service_time": "7x24 小時或 每日/00:00-24:00", "address": "忠孝東路5段666號地下1至3層", "telephone": "2944-1489", "floors": "B1"}}, {"type": "Feature", "geometry": {"type": "Point", "coordinates": [121.56694, 25.03068]}, "properties": {"station_id": "TPE0505", "station_name": "三張里地下停車場", "district": "信義區", "city": "taipei", "operator_name": "皇鋒通訊股份有限公司", "charging_points": 10, "available": 7, "occupied": 3, "availability_pct": 70, "charging_rate": "計度/8元每度", "parking_rate": "計時/每日/30元每小時", "service_time": "每日/00:00-24:00", "address": "松平路81號地下室(地下共3層)", "telephone": "0225573722", "floors": "B1,B2"}}, {"type": "Feature", "geometry": {"type": "Point", "coordinates": [121.54089, 25.04456]}, "properties": {"station_id": "TPE0109", "station_name": "市民大道建復段停車場", "district": "大安區", "city": "taipei", "operator_name": "創玖科技股份有限公司", "charging_points": 4, "available": 0, "occupied": 0, "availability_pct": 0, "charging_rate": "計度/固定/8.00元每度", "parking_rate": "計時/每日/30元每小時", "service_time": "每日/00:00-24:00", "address": "市民大道3段(建國南路至復興南路)地下(地下共1層)", "telephone": "2799-5657", "floors": "B1"}}, {"type": "Feature", "geometry": {"type": "Point", "coordinates": [121.52643, 25.05236]}, "properties": {"station_id": "TPE0330", "station_name": "林森公園地下停車場", "district": "中山區", "city": "taipei", "operator_name": "中興電工機械股份有限公司", "charging_points": 17, "available": 4, "occupied": 13, "availability_pct": 24, "charging_rate": "計時/每日/5元每0.5時", "parking_rate": "每0.5小時10元", "service_time": "每日/00:00-24:00", "address": "南京東路1段35號地下", "telephone": "2655-0818", "floors": "B2"}}, {"type": "Feature", "geometry": {"type": "Point", "coordinates": [121.50385, 25.04303]}, "properties": {"station_id": "TPE0601", "station_name": "Times浩瀚運創西門館", "district": "萬華區", "city": "taipei", "operator_name": "思納捷科技股份有限公司", "charging_points": 1, "available": 0, "occupied": 1, "availability_pct": 0, "charging_rate": "計分/固定/ 8.0 元每分", "parking_rate": "校園案預設'以分計費'", "service_time": "平日/17:00-07:00 假日/10:00-24:00", "address": "成都路98號", "telephone": "0800888924#0", "floors": "1"}}, {"type": "Feature", "geometry": {"type": "Point", "coordinates": [121.56068, 25.00301]}, "properties": {"station_id": "TPE0479", "station_name": "萬芳八號公園停車場", "district": "文山區", "city": "taipei", "operator_name": "源點科技股份有限公司", "charging_points": 3, "available": 3, "occupied": 0, "availability_pct": 100, "charging_rate": "計度/每度8.00元", "parking_rate": "每小時50元", "service_time": "周一至周六/09:00~17:00", "address": "公務員訓練中心旁", "telephone": "2759-0666", "floors": "1"}}, {"type": "Feature", "geometry": {"type": "Point", "coordinates": [121.55193, 25.02167]}, "properties": {"station_id": "TPE0926", "station_name": "嘉興公園地下停車場", "district": "大安區", "city": "taipei", "operator_name": "源點科技股份有限公司", "charging_points": 5, "available": 1, "occupied": 4, "availability_pct": 20, "charging_rate": "計度/每度8.00元", "parking_rate": "每小時30元", "service_time": "每日/00:00~24:00", "address": "嘉興街373號地下室(共3層)", "telephone": "2557-3722#0", "floors": "B1"}}, {"type": "Feature", "geometry": {"type": "Point", "coordinates": [121.59855, 25.08132]}, "properties": {"station_id": "TPE0724", "station_name": "金湖臨時平面停車場", "district": "內湖區", "city": "taipei", "operator_name": "源點科技股份有限公司", "charging_points": 3, "available": 3, "occupied": 0, "availability_pct": 100, "charging_rate": "計度/每度8.00元", "parking_rate": "每小時20元", "service_time": "每日/00:00~24:00", "address": "金湖路100號旁", "telephone": "(02)24551299", "floors": "1"}}, {"type": "Feature", "geometry": {"type": "Point", "coordinates": [121.54007, 25.05485]}, "properties": {"station_id": "TPE1150", "station_name": "長春路龍江路臨時平面停車場", "district": "中山區", "city": "taipei", "operator_name": "源點科技股份有限公司", "charging_points": 2, "available": 1, "occupied": 1, "availability_pct": 50, "charging_rate": "計度/每度8.00元", "parking_rate": "每小時40元", "service_time": "每日/00:00~24:00", "address": "長春路龍江路交叉口", "telephone": "7751-8097", "floors": "1"}}, {"type": "Feature", "geometry": {"type": "Point", "coordinates": [121.58029, 25.04677]}, "properties": {"station_id": "TPE0075", "station_name": "五分埔公園地下停車場", "district": "信義區", "city": "taipei", "operator_name": "源點科技股份有限公司", "charging_points": 5, "available": 4, "occupied": 1, "availability_pct": 80, "charging_rate": "計度/每度8.00元", "parking_rate": "每小時40元", "service_time": "每日/00:00~24:00", "address": "中坡北路57號地下", "telephone": "0227606275", "floors": "B1"}}, {"type": "Feature", "geometry": {"type": "Point", "coordinates": [121.51314, 25.11452]}, "properties": {"station_id": "TPE0537", "station_name": "石牌國小地下停車場", "district": "北投區", "city": "taipei", "operator_name": "千斗開發有限公司", "charging_points": 10, "available": 9, "occupied": 1, "availability_pct": 90, "charging_rate": "計度/固定/8元每度", "parking_rate": "計時/每日/30元/每小時", "service_time": "7x24 小時", "address": "致遠二路80號地下1至3層", "telephone": "0228237886", "floors": "B2"}}, {"type": "Feature", "geometry": {"type": "Point", "coordinates": [121.52195, 25.09941]}, "properties": {"station_id": "TPE0359", "station_name": "文昌國小地下停車場", "district": "士林區", "city": "taipei", "operator_name": "日月亭股份有限公司", "charging_points": 3, "available": 2, "occupied": 1, "availability_pct": 67, "charging_rate": "每度電費：8元", "parking_rate": "20元/時", "service_time": "24小時", "address": "文林路615巷20號地下1至2層", "telephone": "0228318671", "floors": "B1"}}, {"type": "Feature", "geometry": {"type": "Point", "coordinates": [121.53826, 25.0642]}, "properties": {"station_id": "TPE0615", "station_name": "榮星花園地下停車場", "district": "中山區", "city": "taipei", "operator_name": "大日開發有限公司", "charging_points": 5, "available": 4, "occupied": 1, "availability_pct": 80, "charging_rate": "計度/固定/8元每度", "parking_rate": "計時/每日/40元/每小時", "service_time": "7x24 小時", "address": "建國北路3段39號地下1-2層", "telephone": "2502-3333", "floors": "B1"}}, {"type": "Feature", "geometry": {"type": "Point", "coordinates": [121.55867, 25.02653]}, "properties": {"station_id": "TPE1243", "station_name": "景勤二號公園地下停車場", "district": "信義區", "city": "taipei", "operator_name": "威瀧實業有限公司", "charging_points": 5, "available": 1, "occupied": 4, "availability_pct": 20, "charging_rate": "計度/固定/8元每度", "parking_rate": "計時/每日/30 元每小時", "service_time": "7x24 小時或 每日/00:00-24:00", "address": "信安街49號地下室(地下共2層)", "telephone": "2944-1489", "floors": "B1"}}, {"type": "Feature", "geometry": {"type": "Point", "coordinates": [121.5004, 25.03199]}, "properties": {"station_id": "TPE1550", "station_name": "莒光社會住宅地下停車場", "district": "萬華區", "city": "taipei", "operator_name": "威瀧實業有限公司", "charging_points": 4, "available": 4, "occupied": 0, "availability_pct": 100, "charging_rate": "計度/固定/8 元每度", "parking_rate": "計時/每日/30 元每小時", "service_time": "7x24 小時或 每日/00:00-24:00", "address": "萬大路22號地下1至4層", "telephone": "2944-1489", "floors": "B1"}}, {"type": "Feature", "geometry": {"type": "Point", "coordinates": [121.49985, 25.03476]}, "properties": {"station_id": "TPE0401", "station_name": "臺北市萬華區行政中心地下停車場", "district": "萬華區", "city": "taipei", "operator_name": "臺北市萬華區公所", "charging_points": 4, "available": 0, "occupied": 0, "availability_pct": 0, "charging_rate": "計度：8元/度", "parking_rate": "計時：30元/時(08-22)，10元/時(22-08)，全程以半小時計。洽公便民於停車上班時間08至20時止，經驗證後，前30分鐘免費。", "service_time": "24小時", "address": "和平西路3段120號地下1至5層", "telephone": "23064468", "floors": "B2"}}, {"type": "Feature", "geometry": {"type": "Point", "coordinates": [121.52041, 25.06892]}, "properties": {"station_id": "TPE0007", "station_name": "花博公園圓山地下停車場", "district": "中山區", "city": "taipei", "operator_name": "俥亭停車事業股份有限公司", "charging_points": 2, "available": 0, "occupied": 2, "availability_pct": 0, "charging_rate": "計分/5元每30分(充電)，10元每30分(佔位未充電)", "parking_rate": "計時/每日/40元每小時(0800-2200)，20元每小時(2200-0800)", "service_time": "7x24 小時", "address": "玉門街1號地下1層", "telephone": "0800-021-111", "floors": "B1"}}, {"type": "Feature", "geometry": {"type": "Point", "coordinates": [121.53652, 25.06005]}, "properties": {"station_id": "TPE1733", "station_name": "USPACE三寶大樓地下停車場", "district": "中山區", "city": "taipei", "operator_name": "台灣大動力服務股份有限公司", "charging_points": 3, "available": 0, "occupied": 3, "availability_pct": 0, "charging_rate": "計分/1.25 元每分", "parking_rate": "計時/每日/60元每小時，每日最高/320元 每日", "service_time": "每日/00:00-24:00", "address": "建國北路2段196號地下2層", "telephone": "7751-8097", "floors": "B1"}}, {"type": "Feature", "geometry": {"type": "Point", "coordinates": [121.47012, 25.12759]}, "properties": {"station_id": "TPE0992", "station_name": "好市多北投分公司", "district": "北投區", "city": "taipei", "operator_name": "台灣大動力服務股份有限公司", "charging_points": 14, "available": 12, "occupied": 2, "availability_pct": 86, "charging_rate": "計度/固定/8 元每度", "parking_rate": "計時/每日/100元每小時，每日最高無上限", "service_time": "每日/10:00-21:30", "address": "立德路117號", "telephone": "0228941838", "floors": "B1"}}, {"type": "Feature", "geometry": {"type": "Point", "coordinates": [121.50444, 25.13805]}, "properties": {"station_id": "TPE1792", "station_name": "USPACE北投晶泉丰旅停車場", "district": "北投區", "city": "taipei", "operator_name": "台灣大動力服務股份有限公司", "charging_points": 6, "available": 4, "occupied": 2, "availability_pct": 67, "charging_rate": "計分/1.25 元每分", "parking_rate": "計時/平日/30元每小時，每日最高無上限；計時/假日/100元每小時，每日最高無上限", "service_time": "每日/00:00-24:00", "address": "泉源路19號", "telephone": "0277518097", "floors": "B1"}}, {"type": "Feature", "geometry": {"type": "Point", "coordinates": [121.54621, 25.02974]}, "properties": {"station_id": "TPE1793", "station_name": "大安國中地下停車場", "district": "大安區", "city": "taipei", "operator_name": "創玖科技股份有限公司", "charging_points": 5, "available": 0, "occupied": 0, "availability_pct": 0, "charging_rate": "計度/固定/8.00元每度", "parking_rate": "計時/每日(08~21)/50元每小時/每日最高/300元每日,計時/每日(21~08)/10元每小時/每日最高/300元每日", "service_time": "每日/00:00-24:00", "address": "大安路2段63號地下1至2層", "telephone": "2799-5657", "floors": "B1"}}, {"type": "Feature", "geometry": {"type": "Point", "coordinates": [121.52729, 25.09278]}, "properties": {"station_id": "TPE0040", "station_name": "USPACE 福林第一停車場", "district": "士林區", "city": "taipei", "operator_name": "台灣大動力服務股份有限公司", "charging_points": 3, "available": 3, "occupied": 0, "availability_pct": 100, "charging_rate": "計分/1.25 元每分", "parking_rate": "計時/平日/50元每小時，每日最高/280元 每日；計時/假日/70元每小時，每日最高無上限", "service_time": "每日/00:00-24:00", "address": "中山北路5段465號旁空地", "telephone": "0277518097", "floors": "B1"}}, {"type": "Feature", "geometry": {"type": "Point", "coordinates": [121.58007, 25.08022]}, "properties": {"station_id": "TPE1820", "station_name": "臺北市內湖區內湖國民小學孝悌樓地下停車場", "district": "內湖區", "city": "taipei", "operator_name": "思納捷科技股份有限公司", "charging_points": 1, "available": 1, "occupied": 0, "availability_pct": 100, "charging_rate": "計度/固定/8.5 元每度", "parking_rate": "校園案預設以分計費", "service_time": "周一至周五晚間6時30分至翌日早上6時30分及例假日全天", "address": "內湖路2段41號地下1層", "telephone": "0227970237#1313", "floors": "1"}}, {"type": "Feature", "geometry": {"type": "Point", "coordinates": [121.50347, 25.02026]}, "properties": {"station_id": "TPE1401", "station_name": "青年一期社會住宅地下停車場", "district": "萬華區", "city": "taipei", "operator_name": "台灣大動力服務股份有限公司", "charging_points": 3, "available": 3, "occupied": 0, "availability_pct": 100, "charging_rate": "計度/固定/8 元每度", "parking_rate": "計時/每日/30元每小時，每12小時最高/150元每12小時", "service_time": "每日/00:00-24:00", "address": "青年路188號地下1至2層", "telephone": "0800076080", "floors": "B1"}}, {"type": "Feature", "geometry": {"type": "Point", "coordinates": [121.50531, 25.04423]}, "properties": {"station_id": "TPE0006", "station_name": "峨眉立體停車場", "district": "萬華區", "city": "taipei", "operator_name": "創玖科技股份有限公司", "charging_points": 10, "available": 0, "occupied": 0, "availability_pct": 0, "charging_rate": "計度/固定/8.00元每度", "parking_rate": "計時/平日(10~22)/50元每小時,計時/平日(22~10)/10元每小時,計時/假日(10~22)/60元每小時,計時/假日(22~10)/10元每小時", "service_time": "每日/00:00-24:00", "address": "峨眉街83號地下1層及地上7層", "telephone": "", "floors": "1,4"}}, {"type": "Feature", "geometry": {"type": "Point", "coordinates": [121.51427, 25.07499]}, "properties": {"station_id": "TPE1258", "station_name": "臺北市大龍新城地下停車場", "district": "大同區", "city": "taipei", "operator_name": "皇鋒通訊股份有限公司", "charging_points": 4, "available": 4, "occupied": 0, "availability_pct": 100, "charging_rate": "計度/8元每度", "parking_rate": "計時/每日/50元每小時", "service_time": "每日/00:00-24:00", "address": "重慶北路3段347號地下1至4層", "telephone": "022265-1151", "floors": "B2"}}, {"type": "Feature", "geometry": {"type": "Point", "coordinates": [121.57552, 25.06441]}, "properties": {"station_id": "TPE1354", "station_name": "好市多內湖店停車場", "district": "內湖區", "city": "taipei", "operator_name": "台灣大動力服務股份有限公司", "charging_points": 14, "available": 9, "occupied": 5, "availability_pct": 64, "charging_rate": "計度/固定/8 元每度", "parking_rate": "計時/每日/100元每小時，每日最高無上限", "service_time": "每日/10:00-21:30", "address": "舊宗路1段268號地上1層及地下1至3層", "telephone": "4499909", "floors": "B1"}}, {"type": "Feature", "geometry": {"type": "Point", "coordinates": [121.58197, 25.07072]}, "properties": {"station_id": "TPE1056", "station_name": "便利停車場瑞光站", "district": "內湖區", "city": "taipei", "operator_name": "台灣大動力服務股份有限公司", "charging_points": 2, "available": 2, "occupied": 0, "availability_pct": 100, "charging_rate": "計分/1 元每分", "parking_rate": "計時/每日/30元每小時，每日最高/170元 每日", "service_time": "每日/00:00-24:00", "address": "瑞光路68號地下1至3層", "telephone": "2799-1001#168", "floors": "B1"}}, {"type": "Feature", "geometry": {"type": "Point", "coordinates": [121.61445, 25.0574]}, "properties": {"station_id": "TPE0800", "station_name": "南港軟體園區南軟大樓地下室停車場", "district": "南港區", "city": "taipei", "operator_name": "台灣大動力服務股份有限公司", "charging_points": 6, "available": 6, "occupied": 0, "availability_pct": 100, "charging_rate": "計分/1.25 元每分", "parking_rate": "計時/每日/30元每小時，每日最高無上限", "service_time": "每日/00:00-24:00", "address": "三重路66號地下2層", "telephone": "022654-9101#369", "floors": "B1"}}, {"type": "Feature", "geometry": {"type": "Point", "coordinates": [121.61623, 25.05711]}, "properties": {"station_id": "TPE1048", "station_name": "南港軟體園區經貿大樓地下停車場", "district": "南港區", "city": "taipei", "operator_name": "台灣大動力服務股份有限公司", "charging_points": 6, "available": 6, "occupied": 0, "availability_pct": 100, "charging_rate": "計分/1.25 元每分", "parking_rate": "計時/每日/30元每小時，每日最高無上限", "service_time": "每日/00:00-24:00", "address": "經貿二路66號地下2層", "telephone": "2654-9101", "floors": "B1"}}, {"type": "Feature", "geometry": {"type": "Point", "coordinates": [121.5743, 25.07851]}, "properties": {"station_id": "TPE1388", "station_name": "大港墘公園地下停車場", "district": "內湖區", "city": "taipei", "operator_name": "創玖科技股份有限公司", "charging_points": 6, "available": 0, "occupied": 0, "availability_pct": 0, "charging_rate": "計度/固定/8.00元每度", "parking_rate": "計時/平日(08~20)/40元每小時/每日最高/280元每日,計時/平日(20~08)/20元每小時/每日最高/280元每日,計時/假日/20元每小時/每日最高/280元每日", "service_time": "每日/00:00-24:00", "address": "洲子街18號地下1至2層", "telephone": "0227995657", "floors": "B1"}}, {"type": "Feature", "geometry": {"type": "Point", "coordinates": [121.61243, 25.06902]}, "properties": {"station_id": "TPE1604", "station_name": "東湖立體停車場", "district": "內湖區", "city": "taipei", "operator_name": "創玖科技股份有限公司", "charging_points": 15, "available": 0, "occupied": 0, "availability_pct": 0, "charging_rate": "計度/固定/8.00元每度", "parking_rate": "計時/每日(08~21)/40元每小時/每日最高/200元每日,計時/每日(21~08)/20元每小時/每日最高/200元每日", "service_time": "每日/00:00-24:00", "address": "東湖路3號(地下共2層、地上1層及3至8層)", "telephone": "(02)27995657", "floors": "B2"}}, {"type": "Feature", "geometry": {"type": "Point", "coordinates": [121.52424, 25.05416]}, "properties": {"station_id": "TPE0014", "station_name": "USPACE晶華酒店附設停車場", "district": "中山區", "city": "taipei", "operator_name": "台灣大動力服務股份有限公司", "charging_points": 6, "available": 1, "occupied": 5, "availability_pct": 17, "charging_rate": "計分/1.25 元每分", "parking_rate": "計時/每日/100元每小時，每日最高無上限", "service_time": "每日/00:00-24:00", "address": "中山北路2段39巷3號地下4層", "telephone": "7751-8097", "floors": "B1"}}, {"type": "Feature", "geometry": {"type": "Point", "coordinates": [121.54249, 25.04695]}, "properties": {"station_id": "TPE0447", "station_name": "大潤發中崙店停車場", "district": "中山區", "city": "taipei", "operator_name": "台灣大動力服務股份有限公司", "charging_points": 12, "available": 12, "occupied": 0, "availability_pct": 100, "charging_rate": "計分/1.25 元每分", "parking_rate": "計時/每日/50元每小時，每日最高無上限", "service_time": "每日/00:00-24:00", "address": "八德路2段306號地下4-5層及地上1層", "telephone": "8772-6635", "floors": "B1"}}, {"type": "Feature", "geometry": {"type": "Point", "coordinates": [121.53872, 25.05758]}, "properties": {"station_id": "TPE0493", "station_name": "便利停車場民生站", "district": "中山區", "city": "taipei", "operator_name": "台灣大動力服務股份有限公司", "charging_points": 2, "available": 2, "occupied": 0, "availability_pct": 100, "charging_rate": "計分/1 元每分", "parking_rate": "計時/每日/60元每小時，每日最高無上限", "service_time": "每日/00:00-24:00", "address": "民生東路3段8號地下2-6層", "telephone": "2799-1001", "floors": "B1"}}, {"type": "Feature", "geometry": {"type": "Point", "coordinates": [121.51573, 25.04572]}, "properties": {"station_id": "TPE0247", "station_name": "永田停車場", "district": "中正區", "city": "taipei", "operator_name": "皇鋒通訊股份有限公司", "charging_points": 1, "available": 1, "occupied": 0, "availability_pct": 100, "charging_rate": "計分/ 0.9元每分", "parking_rate": "計時/每日/30元每小時", "service_time": "每日/00:00-24:00", "address": "忠孝西路1段50號地下5層", "telephone": "2370-5266", "floors": "B5"}}, {"type": "Feature", "geometry": {"type": "Point", "coordinates": [121.54678, 25.04508]}, "properties": {"station_id": "TPE0155", "station_name": "市民大道復敦段停車場", "district": "大安區", "city": "taipei", "operator_name": "創玖科技股份有限公司", "charging_points": 4, "available": 0, "occupied": 0, "availability_pct": 0, "charging_rate": "計度/固定/8.00元每度", "parking_rate": "計時/平日(08~12)/30元每小時,計時/平日(12~23)/40元每小時,計時/平日(23~08)/10元每小時,計時/假日(08~12)/60元每小時,計時/假日(12~08)/10元每小時", "service_time": "每日/00:00-24:00", "address": "市民大道4段(復興南路至敦化南路)地下(地下共2層)", "telephone": "2799-5657", "floors": "B1"}}, {"type": "Feature", "geometry": {"type": "Point", "coordinates": [121.55061, 25.04467]}, "properties": {"station_id": "TPE0163", "station_name": "市民大道敦延段停車場", "district": "大安區", "city": "taipei", "operator_name": "創玖科技股份有限公司", "charging_points": 4, "available": 0, "occupied": 0, "availability_pct": 0, "charging_rate": "計度/固定/8.00元每度", "parking_rate": "計時/平日(08~23)/30元每小時,計時/平日(23~08)/10元每小時,計時/假日(08~18)/30元每小時,計時/假日(18~23)/40元每小時,計時/假日(23~08)/10元每小時", "service_time": "每日/00:00-24:00", "address": "市民大道4段(敦化南路至延吉街)地下(地下共2層)", "telephone": "022799-5657", "floors": "B1"}}, {"type": "Feature", "geometry": {"type": "Point", "coordinates": [121.55357, 25.04437]}, "properties": {"station_id": "TPE0164", "station_name": "市民大道延吉段停車場", "district": "大安區", "city": "taipei", "operator_name": "創玖科技股份有限公司", "charging_points": 2, "available": 0, "occupied": 0, "availability_pct": 0, "charging_rate": "計度/固定/8.00元每度", "parking_rate": "計時/平日(08~12)/30元每小時,計時/平日(12~23)/40元每小時,計時/平日(23~08)/10元每小時,計時/假日(08~12)/40元每小時,計時/假日(12~23)/50元每小時,計時/假日(23~08)/10元每小時", "service_time": "每日/00:00-24:00", "address": "市民大道4段(延吉街兩側)地下(地下共1層)", "telephone": "022799-5657", "floors": "B1"}}, {"type": "Feature", "geometry": {"type": "Point", "coordinates": [121.56408, 25.05438]}, "properties": {"station_id": "TPE1402", "station_name": "健康1區社會住宅地下停車場", "district": "松山區", "city": "taipei", "operator_name": "台灣大動力服務股份有限公司", "charging_points": 4, "available": 3, "occupied": 0, "availability_pct": 100, "charging_rate": "計度/固定/8 元每度", "parking_rate": "計時/每日/30元每小時，每12小時最高/170元每12小時", "service_time": "每日/00:00-24:00", "address": "健康路285號(地下1至3層)", "telephone": "0277518097", "floors": "B1"}}, {"type": "Feature", "geometry": {"type": "Point", "coordinates": [121.56587, 25.05448]}, "properties": {"station_id": "TPE1403", "station_name": "健康2區社會住宅地下停車場", "district": "松山區", "city": "taipei", "operator_name": "台灣大動力服務股份有限公司", "charging_points": 5, "available": 4, "occupied": 1, "availability_pct": 80, "charging_rate": "計分/6.9 元每分", "parking_rate": "計時/每日/30元每小時，每12小時最高/170元每12小時", "service_time": "每日/00:00-24:00", "address": "健康路309號(地下1至3層)", "telephone": "027751-8097", "floors": "B1"}}, {"type": "Feature", "geometry": {"type": "Point", "coordinates": [121.54857, 25.05278]}, "properties": {"station_id": "TPE0038", "station_name": "王朝大酒店", "district": "松山區", "city": "taipei", "operator_name": "台灣大動力服務股份有限公司", "charging_points": 10, "available": 8, "occupied": 2, "availability_pct": 80, "charging_rate": "計分/1.25 元每分", "parking_rate": "計時/平日/100元每小時，每日最高無上限；計時/假日/150元每小時，每日最高無上限", "service_time": "每日/00:00-24:00", "address": "敦化北路100號地下3層", "telephone": "2719-8399", "floors": "B1"}}, {"type": "Feature", "geometry": {"type": "Point", "coordinates": [121.54958, 25.05464]}, "properties": {"station_id": "TPE0656", "station_name": "宏國大樓停車場", "district": "松山區", "city": "taipei", "operator_name": "台灣大動力服務股份有限公司", "charging_points": 8, "available": 8, "occupied": 0, "availability_pct": 100, "charging_rate": "計分/1.25 元每分", "parking_rate": "免費", "service_time": "每日/00:00-24:00", "address": "敦化北路167號地下2至4層", "telephone": "0225147188", "floors": "B1"}}, {"type": "Feature", "geometry": {"type": "Point", "coordinates": [121.54824, 25.04523]}, "properties": {"station_id": "TPE1598", "station_name": "USPACE富邦敦北大樓", "district": "松山區", "city": "taipei", "operator_name": "台灣大動力服務股份有限公司", "charging_points": 3, "available": 0, "occupied": 3, "availability_pct": 0, "charging_rate": "計分/1.25 元每分", "parking_rate": "計時/平日/40元每小時，每日最高無上限；計時/假日/60元每小時，每日最高無上限", "service_time": "每日/00:00-24:00", "address": "敦化南路1段108號地下3層", "telephone": "027751-8097", "floors": "B1"}}, {"type": "Feature", "geometry": {"type": "Point", "coordinates": [121.56193, 25.04466]}, "properties": {"station_id": "TPE0874", "station_name": "臺北文創停車場", "district": "信義區", "city": "taipei", "operator_name": "台灣大動力服務股份有限公司", "charging_points": 5, "available": 4, "occupied": 1, "availability_pct": 80, "charging_rate": "計分/1.1 元每分", "parking_rate": "計時/每日/80元每小時，每日最高無上限", "service_time": "每日/00:00-24:00", "address": "菸廠路88號地下3至5層", "telephone": "66386398", "floors": "B1"}}, {"type": "Feature", "geometry": {"type": "Point", "coordinates": [121.56262, 25.03556]}, "properties": {"station_id": "TPE0022", "station_name": "台北君悅酒店停車場", "district": "信義區", "city": "taipei", "operator_name": "台灣大動力服務股份有限公司", "charging_points": 5, "available": 0, "occupied": 5, "availability_pct": 0, "charging_rate": "計分/1.25 元每分", "parking_rate": "計時/每日/70元每小時，每日最高無上限", "service_time": "每日/00:00-24:00", "address": "松壽路2號地下1至2層", "telephone": "02-27290580", "floors": "B1"}}, {"type": "Feature", "geometry": {"type": "Point", "coordinates": [121.56776, 25.03568]}, "properties": {"station_id": "TPE0343", "station_name": "USPACE 宏泰A19購物中心停車場", "district": "信義區", "city": "taipei", "operator_name": "台灣大動力服務股份有限公司", "charging_points": 6, "available": 1, "occupied": 5, "availability_pct": 17, "charging_rate": "計分/1 元每分", "parking_rate": "計時/每日/70元每小時，每日最高無上限", "service_time": "每日/00:00-24:00", "address": "松壽路22號地下2層", "telephone": "02-77518097", "floors": "B1"}}, {"type": "Feature", "geometry": {"type": "Point", "coordinates": [121.56875, 25.03722]}, "properties": {"station_id": "TPE1053", "station_name": "USPACE交易一號停車場", "district": "信義區", "city": "taipei", "operator_name": "台灣大動力服務股份有限公司", "charging_points": 6, "available": 1, "occupied": 5, "availability_pct": 17, "charging_rate": "計分/1.25 元每分", "parking_rate": "計時/平日/60元每小時，每日最高/380元 每日；計時/假日/80元每小時，每日最高無上限", "service_time": "每日/00:00-24:00", "address": "松仁路89號地下3層", "telephone": "", "floors": "B1"}}, {"type": "Feature", "geometry": {"type": "Point", "coordinates": [121.56869, 25.03608]}, "properties": {"station_id": "TPE1054", "station_name": "USPACE交易二號停車場", "district": "信義區", "city": "taipei", "operator_name": "台灣大動力服務股份有限公司", "charging_points": 5, "available": 2, "occupied": 3, "availability_pct": 40, "charging_rate": "計分/1 元每分", "parking_rate": "計時/每日/80元每小時，每日最高/380元 每日", "service_time": "每日/00:00-24:00", "address": "松仁路97號地下3至4層", "telephone": "", "floors": "B1"}}, {"type": "Feature", "geometry": {"type": "Point", "coordinates": [121.5462, 25.02052]}, "properties": {"station_id": "TPE0741", "station_name": "大安運動中心停車場", "district": "大安區", "city": "taipei", "operator_name": "台灣大動力服務股份有限公司", "charging_points": 2, "available": 2, "occupied": 0, "availability_pct": 100, "charging_rate": "計分/1.25 元每分", "parking_rate": "計時/每日/30元每小時，每日最高無上限", "service_time": "每日/00:00-24:00", "address": "辛亥路3段55號", "telephone": "2377-0300", "floors": "B1"}}, {"type": "Feature", "geometry": {"type": "Point", "coordinates": [121.53416, 25.0418]}, "properties": {"station_id": "TPE1292", "station_name": "三井飯店停車場", "district": "大安區", "city": "taipei", "operator_name": "台灣大動力服務股份有限公司", "charging_points": 3, "available": 3, "occupied": 0, "availability_pct": 100, "charging_rate": "計分/1.25 元每分", "parking_rate": "計時/平日/60元每小時，每日最高/250元 每日；計時/假日/80元每小時，每日最高/350元 每日", "service_time": "每日/00:00-24:00", "address": "忠孝東路3段30號地下1、3至5層", "telephone": "0953022736", "floors": "B1"}}, {"type": "Feature", "geometry": {"type": "Point", "coordinates": [121.55221, 25.03829]}, "properties": {"station_id": "TPE0468", "station_name": "富邦金融大樓停車場", "district": "大安區", "city": "taipei", "operator_name": "台灣大動力服務股份有限公司", "charging_points": 6, "available": 2, "occupied": 4, "availability_pct": 33, "charging_rate": "計分/1.25 元每分", "parking_rate": "計時/每日/80元每小時，每日最高無上限", "service_time": "每日/00:00-24:00", "address": "仁愛路4段169號地下2至6層", "telephone": "2771-6699#68995、7751-8097", "floors": "B1"}}, {"type": "Feature", "geometry": {"type": "Point", "coordinates": [121.53729, 25.03922]}, "properties": {"station_id": "TPE0502", "station_name": "USPACE仁愛帝寶停車場", "district": "大安區", "city": "taipei", "operator_name": "台灣大動力服務股份有限公司", "charging_points": 6, "available": 0, "occupied": 6, "availability_pct": 0, "charging_rate": "計分/1.25 元每分", "parking_rate": "計時/平日/40元每小時，每日最高/200元 每日；計時/假日/110元每小時，每日最高/440元 每日", "service_time": "每日/00:00-24:00", "address": "建國南路1段222號地下1至4層", "telephone": "7751-8097", "floors": "B1"}}, {"type": "Feature", "geometry": {"type": "Point", "coordinates": [121.53308, 25.03141]}, "properties": {"station_id": "TPE0702", "station_name": "臺北市立金華國民中學", "district": "大安區", "city": "taipei", "operator_name": "皇鋒通訊股份有限公司", "charging_points": 1, "available": 1, "occupied": 0, "availability_pct": 100, "charging_rate": "計度/8元每度", "parking_rate": "計次/每日/70元每次", "service_time": "每日/00:00-24:00", "address": "新生南路2段32號", "telephone": "33931799", "floors": "1"}}, {"type": "Feature", "geometry": {"type": "Point", "coordinates": [121.55443, 25.02633]}, "properties": {"station_id": "TPE1099", "station_name": "USPACE電信大樓停車場", "district": "大安區", "city": "taipei", "operator_name": "台灣大動力服務股份有限公司", "charging_points": 6, "available": 3, "occupied": 1, "availability_pct": 75, "charging_rate": "計分/1.1 元每分", "parking_rate": "計時/每日/80元每小時，每日最高/300元 每日", "service_time": "每日/00:00-24:00", "address": "基隆路2段172-1號地下3至6層", "telephone": "7751-8097", "floors": "B1"}}, {"type": "Feature", "geometry": {"type": "Point", "coordinates": [121.52255, 25.03062]}, "properties": {"station_id": "TPE1715", "station_name": "富山杭州南路停車場", "district": "大安區", "city": "taipei", "operator_name": "皇鋒通訊股份有限公司", "charging_points": 1, "available": 0, "occupied": 1, "availability_pct": 0, "charging_rate": "計度/8元每度", "parking_rate": "計時/每日/60元每小時", "service_time": "每日/00:00-24:00", "address": "杭州南路2段61-1號", "telephone": "2265-1151", "floors": "1"}}, {"type": "Feature", "geometry": {"type": "Point", "coordinates": [121.55648, 25.0337]}, "properties": {"station_id": "TPE0311", "station_name": "便利停車場大安地政事務所站", "district": "大安區", "city": "taipei", "operator_name": "台灣大動力服務股份有限公司", "charging_points": 2, "available": 2, "occupied": 0, "availability_pct": 100, "charging_rate": "計分/1.25 元每分", "parking_rate": "計時/半小/35元/半小時(第一小時以一小時計費)，每日最高無上限", "service_time": "每日/00:00-24:00", "address": "信義路4段335巷6號地下1至3層", "telephone": "2799-1001#166", "floors": "B1"}}, {"type": "Feature", "geometry": {"type": "Point", "coordinates": [121.54587, 25.02211]}, "properties": {"station_id": "TPE1081", "station_name": "臺北和平籃球館停車場", "district": "大安區", "city": "taipei", "operator_name": "台灣大動力服務股份有限公司", "charging_points": 4, "available": 4, "occupied": 0, "availability_pct": 100, "charging_rate": "計分/1.25 元每分", "parking_rate": "計時/平日/30元每小時每日最高無上限 每日；計時/假日/40元每小時，每日最高無上限", "service_time": "每日/00:00-24:00", "address": "敦南街76巷28號", "telephone": "2377-0300", "floors": "B1"}}, {"type": "Feature", "geometry": {"type": "Point", "coordinates": [121.54948, 25.04441]}, "properties": {"station_id": "TPE0944", "station_name": "便利停車場富敦站", "district": "大安區", "city": "taipei", "operator_name": "台灣大動力服務股份有限公司", "charging_points": 2, "available": 2, "occupied": 0, "availability_pct": 100, "charging_rate": "計分/1.25 元每分", "parking_rate": "計時/每日/60元每小時，每日最高無上限", "service_time": "每日/00:00-24:00", "address": "敦化南路1段111號地下1至4層", "telephone": "2799-1001#168", "floors": "B1"}}, {"type": "Feature", "geometry": {"type": "Point", "coordinates": [121.51822, 25.11576]}, "properties": {"station_id": "TPE1864", "station_name": "振華公園地下停車場", "district": "北投區", "city": "taipei", "operator_name": "正好停股份有限公司", "charging_points": 13, "available": 13, "occupied": 0, "availability_pct": 100, "charging_rate": "計度/固定/8元每度", "parking_rate": "計時/每日/40 元每小時/每日最高/240 元每日", "service_time": "每日/00:00-24:00", "address": "振華街15號地下共2層", "telephone": "0227995657", "floors": "B1"}}, {"type": "Feature", "geometry": {"type": "Point", "coordinates": [121.53243, 25.11172]}, "properties": {"station_id": "TPE1675", "station_name": "168停車聯盟-士林場", "district": "士林區", "city": "taipei", "operator_name": "應安有限公司", "charging_points": 1, "available": 1, "occupied": 0, "availability_pct": 100, "charging_rate": "慢充每度8元", "parking_rate": "60/1H", "service_time": "24H", "address": "忠誠路2段53巷7號地下1至2層", "telephone": "(02)27546661", "floors": "1"}}, {"type": "Feature", "geometry": {"type": "Point", "coordinates": [121.51717, 25.06905]}, "properties": {"station_id": "TPE0896", "station_name": "168停車聯盟-大龍場", "district": "大同區", "city": "taipei", "operator_name": "應安有限公司", "charging_points": 1, "available": 0, "occupied": 1, "availability_pct": 0, "charging_rate": "慢充每度8元", "parking_rate": "50/1H", "service_time": "24H", "address": "民族西路105號地下1至2層", "telephone": "022754-6661", "floors": "1"}}, {"type": "Feature", "geometry": {"type": "Point", "coordinates": [121.49138, 25.02694]}, "properties": {"station_id": "TPE1267", "station_name": "168停車聯盟-西園國宅場", "district": "萬華區", "city": "taipei", "operator_name": "助安企業股份有限公司", "charging_points": 1, "available": 1, "occupied": 0, "availability_pct": 100, "charging_rate": "慢充每度8元", "parking_rate": "150/1H", "service_time": "24H", "address": "西園路2段320巷36弄1-49號地下層", "telephone": "27546661#18", "floors": "1"}}, {"type": "Feature", "geometry": {"type": "Point", "coordinates": [121.58581, 25.04922]}, "properties": {"station_id": "TPE0639", "station_name": "168停車聯盟-昆陽場(南港信義保管場)", "district": "南港區", "city": "taipei", "operator_name": "應安有限公司", "charging_points": 1, "available": 0, "occupied": 1, "availability_pct": 0, "charging_rate": "慢充每度8元", "parking_rate": "150/1H", "service_time": "24H", "address": "忠孝東路6段135號旁空地", "telephone": "0227546661#18", "floors": "1"}}, {"type": "Feature", "geometry": {"type": "Point", "coordinates": [121.535, 25.01374]}, "properties": {"station_id": "TPE1476", "station_name": "168停車聯盟-水源市場", "district": "中正區", "city": "taipei", "operator_name": "安企業有限公司水源市場停車場", "charging_points": 2, "available": 1, "occupied": 1, "availability_pct": 50, "charging_rate": "慢充每度8元", "parking_rate": "60/1H", "service_time": "24H", "address": "羅斯福路4段92號地下1至2層", "telephone": "2754-6661", "floors": "1"}}, {"type": "Feature", "geometry": {"type": "Point", "coordinates": [121.55698, 25.04373]}, "properties": {"station_id": "TPE0459", "station_name": "168停車聯盟-華視停車場", "district": "大安區", "city": "taipei", "operator_name": "應安有限公司", "charging_points": 1, "available": 1, "occupied": 0, "availability_pct": 100, "charging_rate": "慢充每度5元", "parking_rate": "150/1H", "service_time": "24H", "address": "光復南路100號地下1至2層", "telephone": "27546661", "floors": "1"}}, {"type": "Feature", "geometry": {"type": "Point", "coordinates": [121.54869, 25.00027]}, "properties": {"station_id": "TPE1650", "station_name": "168停車聯盟-興岩社福大樓", "district": "文山區", "city": "taipei", "operator_name": "助安企業有限公司興岩地下停車場", "charging_points": 3, "available": 1, "occupied": 2, "availability_pct": 33, "charging_rate": "慢充每度8元", "parking_rate": "60/1H", "service_time": "24H", "address": "興隆路2段88號地下1至2層", "telephone": "022754-6661#18", "floors": "1"}}, {"type": "Feature", "geometry": {"type": "Point", "coordinates": [121.55619, 24.9808]}, "properties": {"station_id": "TPE1589", "station_name": "景美女中地下停車場", "district": "文山區", "city": "taipei", "operator_name": "遠創智慧股份有限公司", "charging_points": 6, "available": 0, "occupied": 0, "availability_pct": 0, "charging_rate": "計度/正常/00:00-24:00/8元每度", "parking_rate": "計時/每日/20 元每小時，無上限", "service_time": "每日/00:00-24:00", "address": "木新路3段210巷9號地下(地下共2層)", "telephone": "6603-9014", "floors": "B2"}}, {"type": "Feature", "geometry": {"type": "Point", "coordinates": [121.55566, 24.98904]}, "properties": {"station_id": "TPE1148", "station_name": "永建國小地下停車場", "district": "文山區", "city": "taipei", "operator_name": "遠創智慧股份有限公司", "charging_points": 4, "available": 0, "occupied": 0, "availability_pct": 0, "charging_rate": "計度/正常/00:00-24:00/8元每度", "parking_rate": "計時/每日/30 元每小時", "service_time": "每日/00:00-24:00", "address": "木柵路1段311巷1號地下1至2層", "telephone": "22347883", "floors": "B1"}}, {"type": "Feature", "geometry": {"type": "Point", "coordinates": [121.55793, 24.98833]}, "properties": {"station_id": "TPE1411", "station_name": "興隆D1社會住宅地下停車場", "district": "文山區", "city": "taipei", "operator_name": "遠創智慧股份有限公司", "charging_points": 3, "available": 0, "occupied": 0, "availability_pct": 0, "charging_rate": "計度/正常/00:00-24:00/8元每度", "parking_rate": "計時/每日/20 元每小時", "service_time": "每日/00:00-24:00", "address": "木柵路2段2巷12-50號地下1至3層", "telephone": "2939-8930", "floors": "B1"}}, {"type": "Feature", "geometry": {"type": "Point", "coordinates": [121.56261, 24.98811]}, "properties": {"station_id": "TPE1164", "station_name": "興隆D2社會住宅地下停車場", "district": "文山區", "city": "taipei", "operator_name": "遠創智慧股份有限公司", "charging_points": 7, "available": 0, "occupied": 0, "availability_pct": 0, "charging_rate": "計度/正常/00:00-24:00/8元每度", "parking_rate": "計時/每日/20 元每小時，每日最高/150 元每日", "service_time": "每日/00:00-24:00", "address": "興隆路4段105巷45號地下1至5層", "telephone": "8661-7601", "floors": "B2"}}, {"type": "Feature", "geometry": {"type": "Point", "coordinates": [121.58803, 25.06885]}, "properties": {"station_id": "TPE1773", "station_name": "臺北市內湖區新湖國民小學活動中心地下停車場", "district": "內湖區", "city": "taipei", "operator_name": "臺北市內湖區新湖國民小學", "charging_points": 3, "available": 3, "occupied": 0, "availability_pct": 100, "charging_rate": "● 計度 / 固定 / 6 元每度", "parking_rate": "本場為月租場，未開放臨時停車。", "service_time": "本場為月租場，未開放臨時停車。", "address": "民權東路6段138號", "telephone": "0227963721#121", "floors": "B1"}}, {"type": "Feature", "geometry": {"type": "Point", "coordinates": [121.55896, 25.06136]}, "properties": {"station_id": "TPE0082", "station_name": "民權公園地下停車場", "district": "松山區", "city": "taipei", "operator_name": "連展電能科技股份有限公司", "charging_points": 14, "available": 11, "occupied": 3, "availability_pct": 79, "charging_rate": "計度/固定/8元每度", "parking_rate": "計時/每日 08:00~22:00/30元/每小時, 每日 22:00~08:00/10元/每小時 ", "service_time": "7x24 小時", "address": "民權東路4段180號地下(地下共3層)", "telephone": "0227676903", "floors": "B1"}}, {"type": "Feature", "geometry": {"type": "Point", "coordinates": [121.51983, 25.0756]}, "properties": {"station_id": "TPE1562", "station_name": "臺北市立明倫高級中學停車場", "district": "大同區", "city": "taipei", "operator_name": "區快充科技股份有限公司", "charging_points": 1, "available": 1, "occupied": 0, "availability_pct": 100, "charging_rate": "計分/固定/0.8 元每分", "parking_rate": "無臨停。季繳：7,200元，半年繳優惠：14,000元(每月2,400元)", "service_time": "每日/00:00-24:00", "address": "承德路3段336號地下1層", "telephone": "2596-1567", "floors": "B1"}}, {"type": "Feature", "geometry": {"type": "Point", "coordinates": [121.56168, 25.07956]}, "properties": {"station_id": "TPE0535", "station_name": "濱江國中地下停車場", "district": "中山區", "city": "taipei", "operator_name": "連展電能科技股份有限公司", "charging_points": 5, "available": 5, "occupied": 0, "availability_pct": 100, "charging_rate": "計度/固定/8元每度", "parking_rate": "計時/每日/10元/每小時, 計時/每日/20元/每小時", "service_time": "7x24 小時", "address": "樂群二路266巷1號地下", "telephone": "2502-3333", "floors": "B1"}}, {"type": "Feature", "geometry": {"type": "Point", "coordinates": [121.52257, 25.0965]}, "properties": {"station_id": "TPE1809", "station_name": "華榮社宅場", "district": "士林區", "city": "taipei", "operator_name": "裕電俥電股份有限公司", "charging_points": 2, "available": 2, "occupied": 0, "availability_pct": 100, "charging_rate": "計度/固定/12 元每度", "parking_rate": "計時/每日/150 元每小時;計次/每日/400 元每次", "service_time": "7x24 小時", "address": "華聲街17號地下1至3層", "telephone": "0277381111", "floors": "B1"}}, {"type": "Feature", "geometry": {"type": "Point", "coordinates": [121.50769, 25.03278]}, "properties": {"station_id": "TPE1227", "station_name": "臺北市中正區社會福利綜合大樓附設停車場", "district": "中正區", "city": "taipei", "operator_name": "裕電俥電股份有限公司", "charging_points": 1, "available": 1, "occupied": 0, "availability_pct": 100, "charging_rate": "計度/固定/0 元每度", "parking_rate": "計次/每日/200 元每次", "service_time": "平日/08:00-18:00,假日/08:00-18:00", "address": "延平南路207號地下1至2層", "telephone": "2381-0267", "floors": "1"}}, {"type": "Feature", "geometry": {"type": "Point", "coordinates": [121.55054, 25.05599]}, "properties": {"station_id": "TPE0068", "station_name": "敦北翠苑停車場", "district": "松山區", "city": "taipei", "operator_name": "皇鋒通訊股份有限公司", "charging_points": 2, "available": 1, "occupied": 1, "availability_pct": 50, "charging_rate": "計分/ 0.7元每分", "parking_rate": "計時/每日/60元每小時", "service_time": "每日/00:00-24:00", "address": "敦化北路199巷8號地下1至2層", "telephone": "0225474157", "floors": "B1"}}, {"type": "Feature", "geometry": {"type": "Point", "coordinates": [121.55293, 25.01377]}, "properties": {"station_id": "TPE0255", "station_name": "助安企業有限公司懷愛館地下停車場", "district": "大安區", "city": "taipei", "operator_name": "連展電能科技股份有限公司", "charging_points": 7, "available": 6, "occupied": 1, "availability_pct": 86, "charging_rate": "計度/固定/8元每度", "parking_rate": "計時/每日/50元/每小時", "service_time": "7x24 小時", "address": "辛亥路3段330號", "telephone": "27546661", "floors": "B3"}}, {"type": "Feature", "geometry": {"type": "Point", "coordinates": [121.60407, 25.05453]}, "properties": {"station_id": "TPE1400", "station_name": "東明乙區社會住宅地下停車場", "district": "南港區", "city": "taipei", "operator_name": " 日月亭股份有限公司南港東明乙營業所", "charging_points": 6, "available": 5, "occupied": 1, "availability_pct": 83, "charging_rate": "計度/固定/8 元每度", "parking_rate": "計時/平日/20 元每小時, 計時/假日/40 元每小時", "service_time": "每日/00:00-24:00", "address": "南港路2段38巷6號(含之1~3)及60巷13號地下1至4層", "telephone": "0228318671", "floors": "B1"}}, {"type": "Feature", "geometry": {"type": "Point", "coordinates": [121.51484, 25.09754]}, "properties": {"station_id": "TPE0928", "station_name": "兒童新樂園停車場", "district": "士林區", "city": "taipei", "operator_name": "日月亭股份有限公司兒童新樂園營業所", "charging_points": 9, "available": 6, "occupied": 3, "availability_pct": 67, "charging_rate": "計度/固定/8元每度", "parking_rate": "計時/平日/30元每小時，計時/假日/40元每小時", "service_time": "24小時", "address": "承德路5段55號地上1至2層", "telephone": "0228345378", "floors": "1"}}, {"type": "Feature", "geometry": {"type": "Point", "coordinates": [121.48936, 25.14095]}, "properties": {"station_id": "TPE1544", "station_name": "北投稻香地下停車場", "district": "北投區", "city": "taipei", "operator_name": "宜舍企業股份有限公司北投稻香營業所", "charging_points": 3, "available": 1, "occupied": 2, "availability_pct": 33, "charging_rate": "目前無收費 ", "parking_rate": "目前無收費", "service_time": "24小時", "address": "稻香路81號地下1至3層", "telephone": "0228983536", "floors": "B2"}}, {"type": "Feature", "geometry": {"type": "Point", "coordinates": [121.55081, 25.04886]}, "properties": {"station_id": "TPE0712", "station_name": "臺北田徑場平面、地下停車場", "district": "松山區", "city": "taipei", "operator_name": "日月亭股份有限公司臺北田徑地下停車場營業所", "charging_points": 6, "available": 3, "occupied": 3, "availability_pct": 50, "charging_rate": "免費", "parking_rate": "汽車40元/時(08-20)，當日最高上限230元，30元/時(20-08)，全程以半小時計費", "service_time": "7*24小時", "address": "敦化北路3號地上1層C門外及地下1層", "telephone": "0225798520", "floors": "B1"}}, {"type": "Feature", "geometry": {"type": "Point", "coordinates": [121.5356, 25.11602]}, "properties": {"station_id": "TPE0935", "station_name": "臺北市立大學天母校區體育館平面停車場", "district": "士林區", "city": "taipei", "operator_name": "俥亭停車事業股份有限公司臺北市立大學營業所", "charging_points": 2, "available": 1, "occupied": 1, "availability_pct": 50, "charging_rate": "計度/固定/8元每度", "parking_rate": "平日30元/每小時 12小時最高200元 假日50元/每小時 12小時最高350元", "service_time": "每日00:00至24:00", "address": "忠誠路2段207巷6號體育館旁", "telephone": "0228726018", "floors": "1"}}, {"type": "Feature", "geometry": {"type": "Point", "coordinates": [121.53844, 25.01241]}, "properties": {"station_id": "TPE0201U02", "station_name": "國立臺灣大學公館平面停車場", "district": "大安區", "city": "taipei", "operator_name": "華城電能科技股份有限公司", "charging_points": 7, "available": 5, "occupied": 2, "availability_pct": 71, "charging_rate": "AC/計度/一般/ 7.8000元每度", "parking_rate": "40元/小時", "service_time": "每日/00:00-24:00", "address": "羅斯福路4段1號", "telephone": "33663366", "floors": "1"}}, {"type": "Feature", "geometry": {"type": "Point", "coordinates": [121.53644, 25.11609]}, "properties": {"station_id": "TPE0709", "station_name": "臺北市立大學天母校區教學、行政科資大樓地下停車場", "district": "士林區", "city": "taipei", "operator_name": "俥亭停車事業股份有限公司臺北市立大學營業所", "charging_points": 14, "available": 4, "occupied": 8, "availability_pct": 33, "charging_rate": "計度/固定/8元每度", "parking_rate": "平日30元/每小時 12小時最高200元 假日50元/每小時 12小時最高350元", "service_time": "每日00:00至24:00", "address": "忠誠路2段101號地下2至3層", "telephone": "0228726018", "floors": "1,B2"}}, {"type": "Feature", "geometry": {"type": "Point", "coordinates": [121.60395, 25.05426]}, "properties": {"station_id": "TPE1399", "station_name": "東明甲區社會住宅地下停車場", "district": "南港區", "city": "taipei", "operator_name": "日月亭股份有限公司南港東明甲營業所", "charging_points": 1, "available": 1, "occupied": 0, "availability_pct": 100, "charging_rate": "計度/固定/8 元每度", "parking_rate": "計時/平日/20 元每小時, 計時/假日/40 元每小時", "service_time": "每日/00:00-24:00", "address": "南港路2段60巷12、16、18號地下1至3層", "telephone": "0226510865", "floors": "B1"}}, {"type": "Feature", "geometry": {"type": "Point", "coordinates": [121.55195, 25.05132]}, "properties": {"station_id": "TPE0151", "station_name": "臺北體育館地下停車場", "district": "松山區", "city": "taipei", "operator_name": "日月亭股份有限公司臺北體育館營業所", "charging_points": 3, "available": 3, "occupied": 0, "availability_pct": 100, "charging_rate": "免費", "parking_rate": "汽車40元/時(08-20)，當日最高上限230元，30元/時(20-08)，全程以半小時計費", "service_time": "7*24小時", "address": "南京東路4段10號地下1至2層", "telephone": "0225798373", "floors": "B1"}}, {"type": "Feature", "geometry": {"type": "Point", "coordinates": [121.56267, 25.05617]}, "properties": {"station_id": "TPE0177", "station_name": "健康國小地下停車場", "district": "松山區", "city": "taipei", "operator_name": "寶盛國際股份有限公司", "charging_points": 4, "available": 2, "occupied": 2, "availability_pct": 50, "charging_rate": "計時/每日/0元每1時", "parking_rate": "每1小時0元", "service_time": "每日/00:00-24:00", "address": "延壽街168號地下層［地下2層］", "telephone": "0226550818", "floors": "B1"}}, {"type": "Feature", "geometry": {"type": "Point", "coordinates": [121.54246, 25.03623]}, "properties": {"station_id": "TPE0106", "station_name": "附中公園地下停車場", "district": "大安區", "city": "taipei", "operator_name": "寶盛國際股份有限公司", "charging_points": 2, "available": 1, "occupied": 1, "availability_pct": 50, "charging_rate": "計時/每日/0元每1時", "parking_rate": "每1小時0元", "service_time": "每日/00:00-24:00", "address": "復興南路1段340巷11號地下1至2層", "telephone": "022655-0818", "floors": "B1"}}, {"type": "Feature", "geometry": {"type": "Point", "coordinates": [121.51454, 25.11601]}, "properties": {"station_id": "TPE0103", "station_name": "嘟嘟房捷運石牌站停車場", "district": "北投區", "city": "taipei", "operator_name": "中興電工機械股份有限公司", "charging_points": 2, "available": 2, "occupied": 0, "availability_pct": 100, "charging_rate": "計度/固定/5元每度", "parking_rate": "每1小時0元", "service_time": "每日/00:00-24:00", "address": "石牌路1段200號", "telephone": "0226550818", "floors": "1"}}, {"type": "Feature", "geometry": {"type": "Point", "coordinates": [121.50644, 25.12083]}, "properties": {"station_id": "TPE0104", "station_name": "嘟嘟房捷運唭哩岸站停車場", "district": "北投區", "city": "taipei", "operator_name": "中興電工機械股份有限公司", "charging_points": 1, "available": 1, "occupied": 0, "availability_pct": 100, "charging_rate": "計度/固定/5元每度", "parking_rate": "每1小時0元", "service_time": "每日/00:00-24:00", "address": "東華街2段301號", "telephone": "0226550818", "floors": "1"}}, {"type": "Feature", "geometry": {"type": "Point", "coordinates": [121.49815, 25.13284]}, "properties": {"station_id": "TPE0117", "station_name": "嘟嘟房捷運北投站停車場", "district": "北投區", "city": "taipei", "operator_name": "中興電工機械股份有限公司", "charging_points": 2, "available": 0, "occupied": 2, "availability_pct": 0, "charging_rate": "計度/固定/5元每度", "parking_rate": "每1小時0元", "service_time": "每日/00:00-24:00", "address": "光明路1號", "telephone": "0226550818", "floors": "1"}}, {"type": "Feature", "geometry": {"type": "Point", "coordinates": [121.50144, 25.13687]}, "properties": {"station_id": "TPE0102", "station_name": "嘟嘟房捷運新北投站停車場", "district": "北投區", "city": "taipei", "operator_name": "中興電工機械股份有限公司", "charging_points": 1, "available": 0, "occupied": 1, "availability_pct": 0, "charging_rate": "計度/固定/5元每度", "parking_rate": "每1小時0元", "service_time": "每日/00:00-24:00", "address": "大業路700號", "telephone": "0226550818", "floors": "1"}}, {"type": "Feature", "geometry": {"type": "Point", "coordinates": [121.47338, 25.1311]}, "properties": {"station_id": "TPE0114", "station_name": "嘟嘟房捷運忠義站停車場", "district": "北投區", "city": "taipei", "operator_name": "中興電工機械股份有限公司", "charging_points": 1, "available": 1, "occupied": 0, "availability_pct": 100, "charging_rate": "計度/固定/5元每度", "parking_rate": "每1小時0元", "service_time": "每日/00:00-24:00", "address": "中央北路4段301號", "telephone": "0226550818", "floors": "1"}}, {"type": "Feature", "geometry": {"type": "Point", "coordinates": [121.61881, 25.06139]}, "properties": {"station_id": "TPE0678", "station_name": "嘟嘟房捷運內湖機廠站停車場", "district": "南港區", "city": "taipei", "operator_name": "中興電工機械股份有限公司", "charging_points": 8, "available": 6, "occupied": 2, "availability_pct": 75, "charging_rate": "計度/固定/5元每度", "parking_rate": "每1小時0元", "service_time": "每日/00:00-24:00", "address": "經貿一路265號地上3至5層", "telephone": "0226550818", "floors": "3"}}, {"type": "Feature", "geometry": {"type": "Point", "coordinates": [121.52283, 25.10166]}, "properties": {"station_id": "TPE0091", "station_name": "嘟嘟房捷運芝山站停車場", "district": "士林區", "city": "taipei", "operator_name": "中興電工機械股份有限公司", "charging_points": 5, "available": 2, "occupied": 3, "availability_pct": 40, "charging_rate": "計度/固定/5元每度", "parking_rate": "每1小時0元", "service_time": "每日/00:00-24:00", "address": "福國路70號", "telephone": "0226550818", "floors": "1"}}, {"type": "Feature", "geometry": {"type": "Point", "coordinates": [121.52637, 25.09215]}, "properties": {"station_id": "TPE0140", "station_name": "嘟嘟房捷運士林站停車場", "district": "士林區", "city": "taipei", "operator_name": "中興電工機械股份有限公司", "charging_points": 2, "available": 1, "occupied": 1, "availability_pct": 50, "charging_rate": "計度/固定/5元每度", "parking_rate": "每1小時0元", "service_time": "每日/00:00-24:00", "address": "福德路1號", "telephone": "0226550818", "floors": "1"}}, {"type": "Feature", "geometry": {"type": "Point", "coordinates": [121.53671, 25.04689]}, "properties": {"station_id": "TPE0228U01", "station_name": "建國北路高架橋下O區", "district": "中山區", "city": "taipei", "operator_name": "寶盛國際股份有限公司", "charging_points": 2, "available": 1, "occupied": 1, "availability_pct": 50, "charging_rate": "計時/每日/10元每1時", "parking_rate": "每1小時20元", "service_time": "每日/00:00-24:00", "address": "建國北路高架橋下(八德路-民族東路)", "telephone": "2655-0818", "floors": "1"}}, {"type": "Feature", "geometry": {"type": "Point", "coordinates": [121.53701, 25.06444]}, "properties": {"station_id": "TPE0228U11", "station_name": "建國北路高架橋下IB區", "district": "中山區", "city": "taipei", "operator_name": "寶盛國際股份有限公司", "charging_points": 1, "available": 0, "occupied": 1, "availability_pct": 0, "charging_rate": "計時/每日/10元每1時", "parking_rate": "每1小時20元", "service_time": "每日/00:00-24:00", "address": "建國北路高架橋下(八德路-民族東路)", "telephone": "2655-0818", "floors": "1"}}, {"type": "Feature", "geometry": {"type": "Point", "coordinates": [121.53607, 25.06585]}, "properties": {"station_id": "TPE0228U12", "station_name": "建國北路高架橋下J區", "district": "中山區", "city": "taipei", "operator_name": "寶盛國際股份有限公司", "charging_points": 1, "available": 1, "occupied": 0, "availability_pct": 100, "charging_rate": "計時/每日/10元每1時", "parking_rate": "每1小時20元", "service_time": "每日/00:00-24:00", "address": "建國北路高架橋下(八德路-民族東路)", "telephone": "2655-0818", "floors": "1"}}, {"type": "Feature", "geometry": {"type": "Point", "coordinates": [121.53698, 25.05931]}, "properties": {"station_id": "TPE0228U08", "station_name": "建國北路高架橋下G區", "district": "中山區", "city": "taipei", "operator_name": "寶盛國際股份有限公司", "charging_points": 6, "available": 0, "occupied": 6, "availability_pct": 0, "charging_rate": "計時/每日/10元每1時", "parking_rate": "每1小時20元", "service_time": "每日/00:00-24:00", "address": "建國北路高架橋下(八德路-民族東路)", "telephone": "2655-0818", "floors": "1"}}, {"type": "Feature", "geometry": {"type": "Point", "coordinates": [121.53695, 25.06076]}, "properties": {"station_id": "TPE0228U09", "station_name": "建國北路高架橋下H區", "district": "中山區", "city": "taipei", "operator_name": "寶盛國際股份有限公司", "charging_points": 6, "available": 0, "occupied": 6, "availability_pct": 0, "charging_rate": "計時/每日/10元每1時", "parking_rate": "每1小時20元", "service_time": "每日/00:00-24:00", "address": "建國北路高架橋下(八德路-民族東路)", "telephone": "2655-0818", "floors": "1"}}, {"type": "Feature", "geometry": {"type": "Point", "coordinates": [121.53697, 25.05657]}, "properties": {"station_id": "TPE0228U06", "station_name": "建國北路高架橋下E區", "district": "中山區", "city": "taipei", "operator_name": "寶盛國際股份有限公司", "charging_points": 3, "available": 2, "occupied": 1, "availability_pct": 67, "charging_rate": "計時/每日/10元每1時", "parking_rate": "每1小時20元", "service_time": "每日/00:00-24:00", "address": "建國北路高架橋下(八德路-民族東路)", "telephone": "2655-0818", "floors": "1"}}, {"type": "Feature", "geometry": {"type": "Point", "coordinates": [121.53693, 25.05719]}, "properties": {"station_id": "TPE0228U07", "station_name": "建國北路高架橋下F區", "district": "中山區", "city": "taipei", "operator_name": "寶盛國際股份有限公司", "charging_points": 1, "available": 1, "occupied": 0, "availability_pct": 100, "charging_rate": "計時/每日/10元每1時", "parking_rate": "每1小時20元", "service_time": "每日/00:00-24:00", "address": "建國北路高架橋下(八德路-民族東路)", "telephone": "2655-0818", "floors": "1"}}, {"type": "Feature", "geometry": {"type": "Point", "coordinates": [121.53677, 25.04989]}, "properties": {"station_id": "TPE0228U03", "station_name": "建國北路高架橋下B區", "district": "中山區", "city": "taipei", "operator_name": "寶盛國際股份有限公司", "charging_points": 5, "available": 1, "occupied": 4, "availability_pct": 20, "charging_rate": "計時/每日/10元每1時", "parking_rate": "每1小時20元", "service_time": "每日/00:00-24:00", "address": "建國北路高架橋下(八德路-民族東路)", "telephone": "2655-0818", "floors": "1"}}, {"type": "Feature", "geometry": {"type": "Point", "coordinates": [121.53685, 25.0534]}, "properties": {"station_id": "TPE0228U04", "station_name": "建國北路高架橋下C區", "district": "中山區", "city": "taipei", "operator_name": "寶盛國際股份有限公司", "charging_points": 3, "available": 1, "occupied": 2, "availability_pct": 33, "charging_rate": "計時/每日/10元每1時", "parking_rate": "每1小時20元", "service_time": "每日/00:00-24:00", "address": "建國北路高架橋下(八德路-民族東路)", "telephone": "2655-0818", "floors": "1"}}, {"type": "Feature", "geometry": {"type": "Point", "coordinates": [121.53687, 25.0542]}, "properties": {"station_id": "TPE0228U05", "station_name": "建國北路高架橋下D區", "district": "中山區", "city": "taipei", "operator_name": "寶盛國際股份有限公司", "charging_points": 3, "available": 1, "occupied": 2, "availability_pct": 33, "charging_rate": "計時/每日/10元每1時", "parking_rate": "每1小時20元", "service_time": "每日/00:00-24:00", "address": "建國北路高架橋下(八德路-民族東路)", "telephone": "2655-0818", "floors": "1"}}, {"type": "Feature", "geometry": {"type": "Point", "coordinates": [121.53676, 25.04922]}, "properties": {"station_id": "TPE0228U02", "station_name": "建國北路高架橋下A區", "district": "中山區", "city": "taipei", "operator_name": "寶盛國際股份有限公司", "charging_points": 2, "available": 0, "occupied": 2, "availability_pct": 0, "charging_rate": "計時/每日/10元每1時", "parking_rate": "每1小時20元", "service_time": "每日/00:00-24:00", "address": "建國北路高架橋下(八德路-民族東路)", "telephone": "2655-0818", "floors": "1"}}, {"type": "Feature", "geometry": {"type": "Point", "coordinates": [121.5566, 25.04045]}, "properties": {"station_id": "TPE0645", "station_name": "僑安地下停車場", "district": "大安區", "city": "taipei", "operator_name": "寶盛國際股份有限公司", "charging_points": 8, "available": 2, "occupied": 6, "availability_pct": 25, "charging_rate": "計時/每日/0元每1時", "parking_rate": "每1小時0元", "service_time": "每日/00:00-24:00", "address": "忠孝東路4段306號地下1至3層", "telephone": "2655-0818", "floors": "B1"}}, {"type": "Feature", "geometry": {"type": "Point", "coordinates": [121.52274, 25.0479]}, "properties": {"station_id": "TPE0100", "station_name": "市民大道中林段停車場", "district": "中正區", "city": "taipei", "operator_name": "寶盛國際股份有限公司", "charging_points": 10, "available": 6, "occupied": 4, "availability_pct": 60, "charging_rate": "計時/每日/5元每1度", "parking_rate": "每1小時0元", "service_time": "每日/00:00-24:00", "address": "市民大道2段(中山北路至林森北路)地下1-2層", "telephone": "2655-0818", "floors": "B1"}}, {"type": "Feature", "geometry": {"type": "Point", "coordinates": [121.52792, 25.04687]}, "properties": {"station_id": "TPE0110", "station_name": "市民大道林金段停車場", "district": "中正區", "city": "taipei", "operator_name": "寶盛國際股份有限公司", "charging_points": 19, "available": 7, "occupied": 12, "availability_pct": 37, "charging_rate": "計時/每日/5元每1度", "parking_rate": "每1小時0元", "service_time": "每日/00:00-24:00", "address": "市民大道2段(林森北路至金山北路)地下1至2層", "telephone": "2655-0818", "floors": "B1"}}, {"type": "Feature", "geometry": {"type": "Point", "coordinates": [121.5714, 25.04959]}, "properties": {"station_id": "TPE0051", "station_name": "八德立體停車場", "district": "松山區", "city": "taipei", "operator_name": "寶盛國際股份有限公司", "charging_points": 7, "available": 4, "occupied": 3, "availability_pct": 57, "charging_rate": "計時/每日/0元每1時", "parking_rate": "每1小時0元", "service_time": "每日/00:00-24:00", "address": "八德路4段580號(地下1層及地上10層)", "telephone": "0226550818", "floors": "B1"}}, {"type": "Feature", "geometry": {"type": "Point", "coordinates": [121.51059, 25.04404]}, "properties": {"station_id": "TPE0011", "station_name": "中山堂地下停車場", "district": "中正區", "city": "taipei", "operator_name": "寶盛國際股份有限公司", "charging_points": 9, "available": 3, "occupied": 6, "availability_pct": 33, "charging_rate": "計時/每日/0元每1時", "parking_rate": "每1小時0元", "service_time": "每日/00:00-24:00", "address": "延平南路98號地下1至2層", "telephone": "2655-0818", "floors": "B1"}}, {"type": "Feature", "geometry": {"type": "Point", "coordinates": [121.5614, 25.05002]}, "properties": {"station_id": "TPE0355", "station_name": "中崙高中地下停車場", "district": "松山區", "city": "taipei", "operator_name": "寶盛國際股份有限公司", "charging_points": 7, "available": 1, "occupied": 6, "availability_pct": 14, "charging_rate": "計時/每日/0元每1時", "parking_rate": "每1小時0元", "service_time": "每日/00:00-24:00", "address": "八德路4段101號地下室（地下2層）", "telephone": "0226550818", "floors": "B2"}}, {"type": "Feature", "geometry": {"type": "Point", "coordinates": [121.53705, 25.06337]}, "properties": {"station_id": "TPE0228U10", "station_name": "建國北路高架橋下IA區", "district": "中山區", "city": "taipei", "operator_name": "寶盛國際股份有限公司", "charging_points": 1, "available": 0, "occupied": 1, "availability_pct": 0, "charging_rate": "計時/每日/10元每1時", "parking_rate": "每1小時20元", "service_time": "每日/00:00-24:00", "address": "建國北路高架橋下(八德路-民族東路)", "telephone": "2655-0818", "floors": "1"}}, {"type": "Feature", "geometry": {"type": "Point", "coordinates": [121.50219, 25.13655]}, "properties": {"station_id": "TPE0680", "station_name": "七星公園地下停車場", "district": "北投區", "city": "taipei", "operator_name": "寶盛國際股份有限公司", "charging_points": 6, "available": 0, "occupied": 6, "availability_pct": 0, "charging_rate": "計時/每日/10元每1時", "parking_rate": "每1小時20元", "service_time": "每日/00:00-24:00", "address": "七星街3號地下(地下共2層)層", "telephone": "0226550818", "floors": "B1"}}, {"type": "Feature", "geometry": {"type": "Point", "coordinates": [121.5134, 25.11966]}, "properties": {"station_id": "TPE0316", "station_name": "陽明大學停車場", "district": "北投區", "city": "taipei", "operator_name": "華城電能科技股份有限公司", "charging_points": 4, "available": 4, "occupied": 0, "availability_pct": 100, "charging_rate": "AC/計度/一般/ 8.000元每度", "parking_rate": "30元/時", "service_time": "每日/00:00-24:00", "address": "立農街2段201號圖書資訊暨研究發展大樓室外東側及西南側", "telephone": "0800208333", "floors": "B1"}}, {"type": "Feature", "geometry": {"type": "Point", "coordinates": [0.0, 0.0]}, "properties": {"station_id": "TPE0611", "station_name": "臺北市立明德國民中學附設停車場", "district": null, "city": "taipei", "operator_name": "華城電能科技股份有限公司", "charging_points": 1, "available": 0, "occupied": 0, "availability_pct": 0, "charging_rate": "AC/計度/一般/ 8.0元每度", "parking_rate": "", "service_time": "每日/00:00-24:00", "address": "", "telephone": "", "floors": "1"}}, {"type": "Feature", "geometry": {"type": "Point", "coordinates": [0.0, 0.0]}, "properties": {"station_id": "TPE0648", "station_name": "巧愛公寓地下室停車場", "district": null, "city": "taipei", "operator_name": "華城電能科技股份有限公司", "charging_points": 1, "available": 0, "occupied": 0, "availability_pct": 0, "charging_rate": "AC/計度/一般/ 8.000元每度", "parking_rate": "", "service_time": "每日/00:00-24:00", "address": "", "telephone": "", "floors": "1"}}, {"type": "Feature", "geometry": {"type": "Point", "coordinates": [0.0, 0.0]}, "properties": {"station_id": "TPE0892", "station_name": "新北投公園停車場", "district": null, "city": "taipei", "operator_name": "華城電能科技股份有限公司", "charging_points": 2, "available": 0, "occupied": 0, "availability_pct": 0, "charging_rate": "AC/計度/一般/ 8.000元每度", "parking_rate": "", "service_time": "每日/00:00-24:00", "address": "", "telephone": "", "floors": "1"}}, {"type": "Feature", "geometry": {"type": "Point", "coordinates": [121.5098, 25.11612]}, "properties": {"station_id": "TPE1674", "station_name": "北投運動中心停車場", "district": "北投區", "city": "taipei", "operator_name": "華城電能科技股份有限公司", "charging_points": 2, "available": 1, "occupied": 1, "availability_pct": 50, "charging_rate": "AC/計度/一般/ 8.000元每度", "parking_rate": "30元/時", "service_time": "每日/00:00-24:00", "address": "石牌路1段39巷100號", "telephone": "(02)28202880；0932-200970", "floors": "B1"}}, {"type": "Feature", "geometry": {"type": "Point", "coordinates": [121.50726, 25.12773]}, "properties": {"station_id": "TPE1560", "station_name": "博客停車場-家福公館場", "district": "北投區", "city": "taipei", "operator_name": "台灣特斯拉汽車有限公司", "charging_points": 4, "available": 4, "occupied": 0, "availability_pct": 100, "charging_rate": "計時/浮動/0.7元每分", "parking_rate": "計時/每日/40元每小時", "service_time": "7x24小時", "address": "公舘路198號", "telephone": "(02)29488889", "floors": "1F"}}, {"type": "Feature", "geometry": {"type": "Point", "coordinates": [121.59348, 25.06105]}, "properties": {"station_id": "TPE1795", "station_name": "潭美停車場", "district": "內湖區", "city": "taipei", "operator_name": "拓鑫能源股份有限公司", "charging_points": 2, "available": 0, "occupied": 1, "availability_pct": 0, "charging_rate": "計度/尖峰/09:00-23:59/5.51 元每度, 計度/尖峰/06:00-11:00/5.42 元每度, 計度/尖峰/14:00-23:59/5.42 元每度, 計度/離峰/23:59-09:00/3.46 元每度, 計度/離峰/23:59-06:00/3.39 元每度, 計度/離峰/11:00-14:00/3.39 元每度, 計度/半尖峰/09:00-23:59/4.14 元每度, 計度/半尖峰/06:00-11:00/4.06 元每度, 計度/半尖峰/14:00-23:59/4.06 元每度, ", "parking_rate": "計時/每日/40 元每小時", "service_time": "星期一：00:00～23:59星期二：00:00～23:59星期三：00:00～23:59星期四：00:00～23:59星期五：00:00～23:59星期六：00:00～23:59星期日：00:00～23:59", "address": "安康路22巷及潭美街交叉路口旁空地", "telephone": "0958388960", "floors": "1"}}, {"type": "Feature", "geometry": {"type": "Point", "coordinates": [121.59824, 25.05528]}, "properties": {"station_id": "TPE1868", "station_name": "南港重陽停車場", "district": "南港區", "city": "taipei", "operator_name": "拓鑫能源股份有限公司", "charging_points": 2, "available": 1, "occupied": 0, "availability_pct": 100, "charging_rate": "計度/尖峰/09:00-23:59/5.51 元每度, 計度/尖峰/06:00-11:00/5.42 元每度, 計度/尖峰/14:00-23:59/5.42 元每度, 計度/離峰/23:59-09:00/3.46 元每度, 計度/離峰/23:59-06:00/3.39 元每度, 計度/離峰/11:00-14:00/3.39 元每度, 計度/半尖峰/09:00-23:59/4.14 元每度, 計度/半尖峰/06:00-11:00/4.06 元每度, 計度/半尖峰/14:00-23:59/4.06 元每度, ", "parking_rate": "計時/每日/40 元每小時", "service_time": "星期一：00:00～23:59星期二：00:00～23:59星期三：00:00～23:59星期四：00:00～23:59星期五：00:00～23:59星期六：00:00～23:59星期日：00:00～23:59", "address": "重陽路72號旁空地", "telephone": "", "floors": "1"}}, {"type": "Feature", "geometry": {"type": "Point", "coordinates": [121.53165, 25.10566]}, "properties": {"station_id": "TPE0118", "station_name": "臺北市立聯合醫院-陽明院區停車場", "district": "士林區", "city": "taipei", "operator_name": "華城電能科技股份有限公司", "charging_points": 1, "available": 1, "occupied": 0, "availability_pct": 100, "charging_rate": "AC/計度/一般/ 8.000元每度", "parking_rate": "40元/時", "service_time": "每日/00:00-24:00", "address": "雨聲街105號", "telephone": "0800000269", "floors": "1"}}, {"type": "Feature", "geometry": {"type": "Point", "coordinates": [121.50876, 25.05119]}, "properties": {"station_id": "TPE0402", "station_name": "臺北市立聯合醫院-中興院區停車場", "district": "大同區", "city": "taipei", "operator_name": "華城電能科技股份有限公司", "charging_points": 2, "available": 1, "occupied": 1, "availability_pct": 50, "charging_rate": "AC/計度/一般/ 8.000元每度", "parking_rate": "40元/時", "service_time": "每日/00:00-24:00", "address": "鄭州路145號", "telephone": "0800000269", "floors": "1"}}, {"type": "Feature", "geometry": {"type": "Point", "coordinates": [121.51369, 25.05614]}, "properties": {"station_id": "TPE0354", "station_name": "朝陽公園地下停車場", "district": "大同區", "city": "taipei", "operator_name": "遠創智慧股份有限公司", "charging_points": 5, "available": 0, "occupied": 0, "availability_pct": 0, "charging_rate": "計度/正常/00:00-24:00/8元每度", "parking_rate": "計時/平日/40 元每小時，每日最高/200 元每日；計時/假日/40 元每小時，無上限", "service_time": "每日/00:00-24:00", "address": "重慶北路2段68號地下室(地下共3層)", "telephone": "2959-9991", "floors": "B1"}}, {"type": "Feature", "geometry": {"type": "Point", "coordinates": [121.57595, 25.07233]}, "properties": {"station_id": "TPE0760", "station_name": "叭叭房亞太C區停車場", "district": "內湖區", "city": "taipei", "operator_name": "華城電能科技股份有限公司", "charging_points": 5, "available": 0, "occupied": 0, "availability_pct": 0, "charging_rate": "AC/計度/一般/ 8.000元每度", "parking_rate": "20元/30分鐘", "service_time": "每日/00:00-24:00", "address": "瑞湖街88號地下2至4層", "telephone": "2655-0000", "floors": "1"}}, {"type": "Feature", "geometry": {"type": "Point", "coordinates": [121.59439, 25.08413]}, "properties": {"station_id": "TPE1032", "station_name": "CITYLINK 內湖店停車場", "district": "內湖區", "city": "taipei", "operator_name": "華城電能科技股份有限公司", "charging_points": 12, "available": 12, "occupied": 1, "availability_pct": 92, "charging_rate": "AC/計度/一般/ 8.000元每度;DC/計度/一般/ 9.8000元每度", "parking_rate": "20元/半小時(平日每12小時最高收費120元、假日每12小時最高收費200元)", "service_time": "每日/00:00-24:00", "address": "成功路4段188號地上2至7層", "telephone": "0227831863", "floors": "5"}}, {"type": "Feature", "geometry": {"type": "Point", "coordinates": [121.58169, 25.04868]}, "properties": {"station_id": "TPE0530", "station_name": "臺北市南港運動中心停車場", "district": "南港區", "city": "taipei", "operator_name": "華城電能科技股份有限公司", "charging_points": 3, "available": 3, "occupied": 0, "availability_pct": 100, "charging_rate": "AC/計度/一般/ 8.000元每度", "parking_rate": "30元/時", "service_time": "每日/05:50-22:30", "address": "玉成街69號", "telephone": "0226532279", "floors": "B3"}}, {"type": "Feature", "geometry": {"type": "Point", "coordinates": [121.57417, 25.063]}, "properties": {"station_id": "TPE0901", "station_name": "台北花卉產銷股份有限公司A館", "district": "內湖區", "city": "taipei", "operator_name": "台北花卉產銷股份有限公司", "charging_points": 9, "available": 9, "occupied": 0, "availability_pct": 100, "charging_rate": "計度/固定/10 元每度", "parking_rate": "計時/每日/30 元每小時", "service_time": "平日/00:00-24:00,假日 /00:00-24:00", "address": "新湖三路28號", "telephone": "0227909729", "floors": "3"}}, {"type": "Feature", "geometry": {"type": "Point", "coordinates": [121.5751, 25.06304]}, "properties": {"station_id": "TPE0902", "station_name": "台北花卉產銷股份有限公司B館", "district": "內湖區", "city": "taipei", "operator_name": "台北花卉產銷股份有限公司", "charging_points": 2, "available": 2, "occupied": 0, "availability_pct": 100, "charging_rate": "計度/固定/10 元每度", "parking_rate": "計時/每日/30 元每小時", "service_time": "平日/00:00-24:00,假日 /00:00-24:00", "address": "新湖三路36號", "telephone": "0227909729", "floors": "2"}}, {"type": "Feature", "geometry": {"type": "Point", "coordinates": [121.51822, 25.05389]}, "properties": {"station_id": "TPE0824", "station_name": "建成公園地下停車場", "district": "大同區", "city": "taipei", "operator_name": "華城電能科技股份有限公司", "charging_points": 6, "available": 2, "occupied": 4, "availability_pct": 33, "charging_rate": "AC/計度/一般/ 8.000元每度", "parking_rate": "30元/周一~周五，40元/周六~周日", "service_time": "每日/00:00-24:00", "address": "承德路2段31號地下", "telephone": "0226550818", "floors": "B1"}}, {"type": "Feature", "geometry": {"type": "Point", "coordinates": [121.51975, 25.05166]}, "properties": {"station_id": "TPE0239", "station_name": "建成國中地下停車場", "district": "大同區", "city": "taipei", "operator_name": "華城電能科技股份有限公司", "charging_points": 8, "available": 2, "occupied": 6, "availability_pct": 25, "charging_rate": "AC/計度/一般/ 8.000元每度", "parking_rate": "40元/8:00~22:00，10元/22:00~8:00", "service_time": "每日/00:00-24:00", "address": "長安西路37號之一地下", "telephone": "2759-0666", "floors": " B1,B1"}}, {"type": "Feature", "geometry": {"type": "Point", "coordinates": [121.53626, 25.05729]}, "properties": {"station_id": "TPE1206", "station_name": "臺北市立大同高級中學附設停車場", "district": "中山區", "city": "taipei", "operator_name": "達拉電能股份有限公司", "charging_points": 2, "available": 2, "occupied": 0, "availability_pct": 100, "charging_rate": "週日/固定/8.0000元(每度),週一/固定/8.0000元(每度),週二/固定/8.0000元(每度),週三/固定/8.0000元(每度),週四/固定/8.0000元(每度),週五/固定/8.0000元(每度),週六/固定/8.0000元(每度)", "parking_rate": "計時/每日50 元每小時每日最高/300 元每日", "service_time": "每日/00:00-24:00", "address": "建國北路2段96巷及建國北路2段96巷2弄巷弄口", "telephone": "0225235000", "floors": "1"}}, {"type": "Feature", "geometry": {"type": "Point", "coordinates": [121.53735, 25.06765]}, "properties": {"station_id": "TPE0389", "station_name": "臺北農產運銷股份有限公司第二果菜批發市場地下三樓停車場(濱江市場地下停車場)", "district": "中山區", "city": "taipei", "operator_name": "台北農產運銷股份有限公司台北市第二果菜批發市場", "charging_points": 7, "available": 7, "occupied": 0, "availability_pct": 100, "charging_rate": "計度/固定/9 元每度", "parking_rate": "計時/每日30 元每小時", "service_time": "平日/00:00-24:00,假日 /00:00-24:00", "address": "民族東路336號地下3層", "telephone": "2516-2519#1125、1116、1117", "floors": "B3"}}, {"type": "Feature", "geometry": {"type": "Point", "coordinates": [121.55407, 25.08022]}, "properties": {"station_id": "TPE0997", "station_name": "台北美福大飯店停車場", "district": "中山區", "city": "taipei", "operator_name": "華城電能科技股份有限公司", "charging_points": 6, "available": 6, "occupied": 0, "availability_pct": 100, "charging_rate": "AC/計度/一般/ 8.0元每度", "parking_rate": "120元/時(未滿1小時以1小時計算，逾1小時以上，未滿半小時以半小時計算)", "service_time": "每日/00:00-24:00", "address": "樂群二路55號地下4、5層", "telephone": "0277325599", "floors": "B4"}}, {"type": "Feature", "geometry": {"type": "Point", "coordinates": [121.51801, 25.04851]}, "properties": {"station_id": "TPE0220", "station_name": "台北地下街停車場", "district": "中正區", "city": "taipei", "operator_name": "華城電能科技股份有限公司", "charging_points": 8, "available": 5, "occupied": 3, "availability_pct": 62, "charging_rate": "AC/計度/一般/ 8.000元每度", "parking_rate": "依場域公告為準", "service_time": "每日/00:00-24:00", "address": "市民大道1段100號地下2層", "telephone": "25594566#508", "floors": "B2"}}, {"type": "Feature", "geometry": {"type": "Point", "coordinates": [121.51929, 25.02908]}, "properties": {"station_id": "TPE0665", "station_name": "臺北市立聯合醫院-婦幼院區停車場", "district": "中正區", "city": "taipei", "operator_name": "華城電能科技股份有限公司", "charging_points": 1, "available": 0, "occupied": 1, "availability_pct": 0, "charging_rate": "AC/計度/一般/ 8.000元每度", "parking_rate": "40元/時", "service_time": "每日/00:00-24:00", "address": "福州街12號", "telephone": "0800-000-269；2786-7755", "floors": "1"}}, {"type": "Feature", "geometry": {"type": "Point", "coordinates": [121.50734, 25.0356]}, "properties": {"station_id": "TPE0666", "station_name": "臺北市立聯合醫院-和平院區停車場", "district": "中正區", "city": "taipei", "operator_name": "華城電能科技股份有限公司", "charging_points": 1, "available": 1, "occupied": 0, "availability_pct": 100, "charging_rate": "AC/計度/一般/ 8.000元每度", "parking_rate": "40元/時", "service_time": "每日/00:00-24:00", "address": "中華路2段33號", "telephone": "0800000269", "floors": "1"}}, {"type": "Feature", "geometry": {"type": "Point", "coordinates": [121.51937, 25.03836]}, "properties": {"station_id": "TPE0529", "station_name": "臺北市中正運動中心地下停車場", "district": "中正區", "city": "taipei", "operator_name": "舞動陽光股份有限公司大同分公司", "charging_points": 2, "available": 0, "occupied": 1, "availability_pct": 0, "charging_rate": "計度/尖峰/09:00-23:59/8.00 元每度, 計度/尖峰/06:00-11:00/8.00 元每度, 計度/尖峰/14:00-23:59/8.00 元每度, 計度/離峰/23:59-09:00/8.00 元每度, 計度/離峰/23:59-06:00/8.00 元每度, 計度/離峰/11:00-14:00/8.00 元每度, 計度/半尖峰/09:00-23:59/8.00 元每度, 計度/半尖峰/06:00-11:00/8.00 元每度, 計度/半尖峰/14:00-23:59/8.00 元每度, ", "parking_rate": "計時/每日/40 元每小時", "service_time": "星期一：06:00～22:00星期二：06:00～22:00星期三：06:00～22:00星期四：06:00～22:00星期五：06:00～22:00星期六：06:00～22:00星期日：06:00～22:00", "address": "信義路1段1號地下3層", "telephone": "23961000", "floors": "1"}}, {"type": "Feature", "geometry": {"type": "Point", "coordinates": [121.56298, 25.05985]}, "properties": {"station_id": "TPE0054", "station_name": "民生社區中心地下停車場", "district": "松山區", "city": "taipei", "operator_name": "華城電能科技股份有限公司", "charging_points": 3, "available": 2, "occupied": 1, "availability_pct": 67, "charging_rate": "AC/計度/一般/ 8.000元每度", "parking_rate": "30元/時", "service_time": "每日/00:00-24:00", "address": "民生東路5段163之1號地下室［地下2至3］層", "telephone": "0222408767", "floors": "B3"}}, {"type": "Feature", "geometry": {"type": "Point", "coordinates": [121.56515, 25.04087]}, "properties": {"station_id": "TPE0766", "station_name": "市府轉運站停車場", "district": "信義區", "city": "taipei", "operator_name": "華城電能科技股份有限公司", "charging_points": 10, "available": 5, "occupied": 5, "availability_pct": 50, "charging_rate": "AC/計度/一般/ 8.000元每度", "parking_rate": "50元/30分鐘(館內消費滿500元，可折抵1小時)", "service_time": "每日/00:00-24:00", "address": "忠孝東路5段6號地下1至2、4至5層", "telephone": "", "floors": "B4"}}, {"type": "Feature", "geometry": {"type": "Point", "coordinates": [121.57543, 25.03034]}, "properties": {"station_id": "TPE1265", "station_name": "臺北市立聯合醫院-松德院區停車場", "district": "信義區", "city": "taipei", "operator_name": "華城電能科技股份有限公司", "charging_points": 1, "available": 1, "occupied": 0, "availability_pct": 100, "charging_rate": "AC/計度/一般/ 8.000元每度", "parking_rate": "40元/時", "service_time": "每日/00:00-24:00", "address": "松德路309號", "telephone": "", "floors": "1"}}, {"type": "Feature", "geometry": {"type": "Point", "coordinates": [121.56482, 25.03262]}, "properties": {"station_id": "TPE1667", "station_name": "詮營信義101停車場", "district": "信義區", "city": "taipei", "operator_name": "立鉑國際股份有限公司", "charging_points": 2, "available": 2, "occupied": 0, "availability_pct": 100, "charging_rate": "充電費率每度 8 元", "parking_rate": "計時/平日/60元每小時，每日最高/200元每日；計時/假日及定假日/60元每小時，每日最高/280元每日", "service_time": "每日/00:00-24:00", "address": "信義路5段101大樓對面空地", "telephone": "0227935818", "floors": "1"}}, {"type": "Feature", "geometry": {"type": "Point", "coordinates": [121.55448, 25.05879]}, "properties": {"station_id": "TPE0571", "station_name": "科技服務大樓附設停車場", "district": "松山區", "city": "taipei", "operator_name": "特爾電力股份有限公司", "charging_points": 3, "available": 3, "occupied": 0, "availability_pct": 100, "charging_rate": "計時/固定/1元每分", "parking_rate": "計時/每日/30元每小時", "service_time": "7x24小時", "address": "光復北路266號地上5至6層", "telephone": "0227160802", "floors": "5"}}, {"type": "Feature", "geometry": {"type": "Point", "coordinates": [121.5445, 25.03737]}, "properties": {"station_id": "TPE0129", "station_name": "臺北市立聯合醫院-仁愛院區停車場", "district": "大安區", "city": "taipei", "operator_name": "華城電能科技股份有限公司", "charging_points": 1, "available": 0, "occupied": 1, "availability_pct": 0, "charging_rate": "AC/計度/一般/ 8.000元每度", "parking_rate": "40元/時", "service_time": "每日/00:00-24:00", "address": "仁愛路4段10號", "telephone": "0800000269", "floors": "1"}}, {"type": "Feature", "geometry": {"type": "Point", "coordinates": [121.54027, 24.98855]}, "properties": {"station_id": "TPE0716", "station_name": "景美國小地下停車場", "district": "文山區", "city": "taipei", "operator_name": "華城電能科技股份有限公司", "charging_points": 5, "available": 4, "occupied": 1, "availability_pct": 80, "charging_rate": "AC/計度/一般/ 8.000元每度", "parking_rate": "周一至周四：11:00~21:00 30元/小時，21:00~11:00 20元/小時；周五至周日　11:00~21:00 40元/小時，21:00~11:00 20元/小時", "service_time": "每日/00:00-24:00", "address": "景文街142巷2號地下(共3層)", "telephone": "022240-8767", "floors": "B1"}}, {"type": "Feature", "geometry": {"type": "Point", "coordinates": [121.50307, 25.02381]}, "properties": {"station_id": "TPE0318", "station_name": "青年公園棒球場地下停車場", "district": "萬華區", "city": "taipei", "operator_name": "華城電能科技股份有限公司", "charging_points": 7, "available": 5, "occupied": 2, "availability_pct": 71, "charging_rate": "AC/計度/一般/ 8.0元每度,AC/計度/尖峰/ 0元每度,AC/計度/離峰/ 0元每度", "parking_rate": "30元/時", "service_time": "每日/00:00-24:00", "address": "青年路69號地下", "telephone": "23092133", "floors": "B1"}}, {"type": "Feature", "geometry": {"type": "Point", "coordinates": [121.57305, 24.99818]}, "properties": {"station_id": "TPE0840", "station_name": "歐特儀股份有限公司捷運木柵站轉乘停車場", "district": "文山區", "city": "taipei", "operator_name": "華城電能科技股份有限公司", "charging_points": 3, "available": 1, "occupied": 2, "availability_pct": 33, "charging_rate": "AC/計度/一般/ 8.000元每度", "parking_rate": "20元/時(06點~22點)，10元/時(22點~06點)", "service_time": "每日/00:00-24:00", "address": "木柵路4段135號地下1-2層", "telephone": "022705-7716", "floors": "B1"}}, {"type": "Feature", "geometry": {"type": "Point", "coordinates": [121.54923, 25.02607]}, "properties": {"station_id": "TPE0069", "station_name": "遠企中心地下停車場", "district": "大安區", "city": "taipei", "operator_name": "遠傳電信股份有限公司", "charging_points": 7, "available": 4, "occupied": 3, "availability_pct": 57, "charging_rate": "計度 /固定 /12元 DC每度", "parking_rate": "計時 /每日/50元每半小時\r\n", "service_time": "週日/11:00-21:30,週一至週四/11:00-21:30", "address": "敦化南路2段207號地下4至5層", "telephone": "27363033", "floors": "B4"}}, {"type": "Feature", "geometry": {"type": "Point", "coordinates": [121.52945, 25.11196]}, "properties": {"station_id": "TPE0453", "station_name": "臺北市公有士東市場地下室停車場", "district": "士林區", "city": "taipei", "operator_name": "皇鋒通訊股份有限公司", "charging_points": 1, "available": 1, "occupied": 0, "availability_pct": 100, "charging_rate": "計分/ 0.8元每分", "parking_rate": "計時/每日/40元每小時", "service_time": "每日/00:00-24:00", "address": "士東路100號地下1層", "telephone": "0228345308", "floors": "B2"}}, {"type": "Feature", "geometry": {"type": "Point", "coordinates": [121.55939, 24.99717]}, "properties": {"station_id": "TPE1676", "station_name": "臺北市文山運動中心停車場", "district": "文山區", "city": "taipei", "operator_name": "華城電能科技股份有限公司", "charging_points": 2, "available": 0, "occupied": 2, "availability_pct": 0, "charging_rate": "AC/計度/一般/ 7.0元每度,AC/計度/尖峰/ 7.0元每度,AC/計度/離峰/ 7.0元每度", "parking_rate": "30元/小時", "service_time": "每日/06:00-22:00", "address": "興隆路3段222號地上1層級地下1至2層", "telephone": "0222308268#221", "floors": "B1"}}, {"type": "Feature", "geometry": {"type": "Point", "coordinates": [121.50758, 25.08388]}, "properties": {"station_id": "TPE0818", "station_name": "葫蘆國小夜間停車場", "district": "士林區", "city": "taipei", "operator_name": "亟泰工程技術顧問有限公司", "charging_points": 1, "available": 1, "occupied": 0, "availability_pct": 100, "charging_rate": "免費", "parking_rate": "免費  [不對外開放] ", "service_time": "每日/00:00-24:00  [不對外開放] ", "address": "環河北路3段95號地下1層", "telephone": "28129586", "floors": "1"}}, {"type": "Feature", "geometry": {"type": "Point", "coordinates": [121.55024, 25.04884]}, "properties": {"station_id": "TPE0706", "station_name": "Times 松山運動中心", "district": "松山區", "city": "taipei", "operator_name": "華城電能科技股份有限公司", "charging_points": 2, "available": 1, "occupied": 1, "availability_pct": 50, "charging_rate": "AC/計度/一般/ 7.000元每度,AC/計度/尖峰/ 7.000元每度,AC/計度/離峰/ 7.000元每度", "parking_rate": "平日/40元，假日/40元(依現場為準)", "service_time": "每日/00:00-24:00", "address": "敦化北路1號(松山運動中心地下1層)", "telephone": "0809008924", "floors": "B1"}}, {"type": "Feature", "geometry": {"type": "Point", "coordinates": [121.5029, 25.12122]}, "properties": {"station_id": "TPE0787", "station_name": "公館路平面停車場", "district": "北投區", "city": "taipei", "operator_name": "華城電能科技股份有限公司", "charging_points": 4, "available": 4, "occupied": 0, "availability_pct": 100, "charging_rate": "AC/計度/一般/ 8.000元每度", "parking_rate": "20元/時", "service_time": "每日/00:00-24:00", "address": "公舘路與西安街口", "telephone": "(02)25683773", "floors": "1"}}, {"type": "Feature", "geometry": {"type": "Point", "coordinates": [121.50504, 25.12503]}, "properties": {"station_id": "TPE1160", "station_name": "公舘路228巷平面停車場", "district": "北投區", "city": "taipei", "operator_name": "華城電能科技股份有限公司", "charging_points": 2, "available": 2, "occupied": 0, "availability_pct": 100, "charging_rate": "AC/計度/一般/ 8.000元每度", "parking_rate": "20元/時", "service_time": "每日/00:00-24:00", "address": "三合街1段117巷與公舘路228巷交叉口", "telephone": "(02)25683773分機561", "floors": "1"}}, {"type": "Feature", "geometry": {"type": "Point", "coordinates": [121.52227, 25.08976]}, "properties": {"station_id": "TPE0742", "station_name": "承德公園地下停車場", "district": "士林區", "city": "taipei", "operator_name": "寶盛國際股份有限公司", "charging_points": 4, "available": 1, "occupied": 3, "availability_pct": 25, "charging_rate": "計度/固定/5元每度", "parking_rate": "每1小時0元", "service_time": "每日/00:00-24:00", "address": "基河路150號地下（地下共2層）", "telephone": "0226550818", "floors": "B1"}}, {"type": "Feature", "geometry": {"type": "Point", "coordinates": [121.52421, 25.10548]}, "properties": {"station_id": "TPE0667", "station_name": "太平洋崇光百貨股份有限公司天母店停車場", "district": "士林區", "city": "taipei", "operator_name": "遠傳電信股份有限公司", "charging_points": 4, "available": 5, "occupied": 3, "availability_pct": 62, "charging_rate": "計度 /固定 /12元 DC每度", "parking_rate": "計時 /每日/80元每小時", "service_time": "每日/09:00-23:00", "address": "中山北路6段77號地下2至4層", "telephone": "(02)27765555分機3898", "floors": "B3"}}, {"type": "Feature", "geometry": {"type": "Point", "coordinates": [121.53333, 25.1201]}, "properties": {"station_id": "TPE0237", "station_name": "東和公園平面停車場", "district": "士林區", "city": "taipei", "operator_name": "華城電能科技股份有限公司", "charging_points": 2, "available": 1, "occupied": 1, "availability_pct": 50, "charging_rate": "AC/計度/一般/ 8.000元每度", "parking_rate": "20元/時", "service_time": "每日/00:00-24:00", "address": "天母東路69巷旁", "telephone": "(02)25573722", "floors": "1"}}, {"type": "Feature", "geometry": {"type": "Point", "coordinates": [121.52938, 25.10666]}, "properties": {"station_id": "TPE0735", "station_name": "忠誠路（二）平面停車場", "district": "士林區", "city": "taipei", "operator_name": "華城電能科技股份有限公司", "charging_points": 2, "available": 1, "occupied": 1, "availability_pct": 50, "charging_rate": "AC/計度/一般/ 0.00元每度", "parking_rate": "30元/時", "service_time": "每日/00:00-24:00", "address": "忠誠路1段與德行東路132巷7弄交叉口旁", "telephone": "(02)25573722", "floors": "1"}}, {"type": "Feature", "geometry": {"type": "Point", "coordinates": [121.51687, 25.09407]}, "properties": {"station_id": "TPE1180", "station_name": "士林高商停車場", "district": "士林區", "city": "taipei", "operator_name": "岳鼎股份有限公司", "charging_points": 1, "available": 0, "occupied": 1, "availability_pct": 0, "charging_rate": "待確認", "parking_rate": "季租4,000元；年租16,000元。租借場地如有停車需求，30元/時。", "service_time": "平日/22:30-07:00, 假日/00:00-24:00", "address": "士商路150號", "telephone": "0228313114", "floors": "1"}}, {"type": "Feature", "geometry": {"type": "Point", "coordinates": [121.54942, 24.985]}, "properties": {"station_id": "TPE1767", "station_name": "和興水岸社會住宅地下停車場", "district": "文山區", "city": "taipei", "operator_name": "承翊系統整合股份有限公司", "charging_points": 3, "available": 2, "occupied": 1, "availability_pct": 67, "charging_rate": "計度/0:00-24:00/每度8元", "parking_rate": "計時/每日/20元每小時", "service_time": "24小時/每日/00:00-24:00", "address": "和興路88號地下1至2層", "telephone": "25573722", "floors": "B2"}}, {"type": "Feature", "geometry": {"type": "Point", "coordinates": [121.50325, 25.02043]}, "properties": {"station_id": "TPE1769", "station_name": "青年二期社會住宅地下停車場", "district": "萬華區", "city": "taipei", "operator_name": "承翊系統整合股份有限公司", "charging_points": 6, "available": 4, "occupied": 2, "availability_pct": 67, "charging_rate": "計度/00:00-24:00/每度8元", "parking_rate": "計時/每日/每小時30元", "service_time": "24小時/每日/00:00-24:00", "address": "青年路180、182號地下1至3層", "telephone": "25573722", "floors": "B1"}}, {"type": "Feature", "geometry": {"type": "Point", "coordinates": [121.58155, 25.03856]}, "properties": {"station_id": "TPE1785", "station_name": "廣慈3區社會住宅地下停車場", "district": "信義區", "city": "taipei", "operator_name": "承翊系統整合股份有限公司", "charging_points": 6, "available": 6, "occupied": 0, "availability_pct": 100, "charging_rate": "計度/00:00-24:00/每度8元", "parking_rate": "平日$30元/1小時(入場12小時最高$150元)，假日$30元/1小時(無最高上限)", "service_time": "24小時/每日/00:00-24:00", "address": "福德街84巷80、82號(地下共4層)", "telephone": "0225573722", "floors": "B2"}}, {"type": "Feature", "geometry": {"type": "Point", "coordinates": [121.55479, 25.00089]}, "properties": {"station_id": "TPE1807", "station_name": "興隆A區社會住宅地下停車場", "district": "文山區", "city": "taipei", "operator_name": "遠創智慧股份有限公司", "charging_points": 5, "available": 3, "occupied": 2, "availability_pct": 60, "charging_rate": "依現場公告", "parking_rate": "依現場公告", "service_time": "每日/00:00~24:00", "address": "興隆路4段42巷1號地下1至3層", "telephone": "2939-8935", "floors": "B2"}}, {"type": "Feature", "geometry": {"type": "Point", "coordinates": [121.51001, 25.07869]}, "properties": {"station_id": "TPE0536", "station_name": "延平北路5段1巷平面停車場", "district": "大同區", "city": "taipei", "operator_name": "華城電能科技股份有限公司", "charging_points": 4, "available": 3, "occupied": 1, "availability_pct": 75, "charging_rate": "AC/計度/一般/ 8.000元每度", "parking_rate": "20元/時", "service_time": "每日/00:00-24:00", "address": "延平北路5段1巷內", "telephone": "0222740068", "floors": "1"}}, {"type": "Feature", "geometry": {"type": "Point", "coordinates": [121.50908, 25.08807]}, "properties": {"station_id": "TPE0170", "station_name": "社正路平面停車場", "district": "士林區", "city": "taipei", "operator_name": "華城電能科技股份有限公司", "charging_points": 2, "available": 2, "occupied": 0, "availability_pct": 100, "charging_rate": "AC/計度/一般/ 8.0元每度", "parking_rate": "30元/時", "service_time": "每日/00:00-24:00", "address": "社正路12號旁", "telephone": "0222740068", "floors": "1"}}, {"type": "Feature", "geometry": {"type": "Point", "coordinates": [121.53277, 25.09633]}, "properties": {"station_id": "TPE0963", "station_name": "福林路平面停車場", "district": "士林區", "city": "taipei", "operator_name": "華城電能科技股份有限公司", "charging_points": 2, "available": 2, "occupied": 0, "availability_pct": 100, "charging_rate": "AC/計度/一般/ 8.000元每度", "parking_rate": "20元/時", "service_time": "每日/00:00-24:00", "address": "福林路與中正路交叉口南側空地", "telephone": "0227590666", "floors": "1"}}, {"type": "Feature", "geometry": {"type": "Point", "coordinates": [121.51921, 25.11312]}, "properties": {"station_id": "TPE1346", "station_name": "懷德街55巷平面停車場", "district": "北投區", "city": "taipei", "operator_name": "華城電能科技股份有限公司", "charging_points": 4, "available": 4, "occupied": 0, "availability_pct": 100, "charging_rate": "AC/計度/一般/ 8.0元每度", "parking_rate": "30元/時", "service_time": "每日/00:00-24:00", "address": "懷德街與懷德街55巷交叉口", "telephone": "(02)25683773", "floors": "1"}}, {"type": "Feature", "geometry": {"type": "Point", "coordinates": [121.50008, 25.12794]}, "properties": {"station_id": "TPE0971", "station_name": "大業路280巷臨時平面停車場", "district": "北投區", "city": "taipei", "operator_name": "華城電能科技股份有限公司", "charging_points": 2, "available": 2, "occupied": 0, "availability_pct": 100, "charging_rate": "AC/計度/一般/ 8.000元每度", "parking_rate": "50元/時", "service_time": "每日/00:00-24:00", "address": "大業路280巷", "telephone": "0227590666", "floors": "1"}}, {"type": "Feature", "geometry": {"type": "Point", "coordinates": [121.50986, 25.05027]}, "properties": {"station_id": "TPE0231", "station_name": "市民大道塔城段停車場", "district": "大同區", "city": "taipei", "operator_name": "寶盛國際股份有限公司", "charging_points": 8, "available": 4, "occupied": 4, "availability_pct": 50, "charging_rate": "計度/固定/8元每度", "parking_rate": "每1小時0元", "service_time": "每日/00:00-24:00", "address": "西寧北路至塔城街(地下)", "telephone": "0226550818", "floors": "B1"}}, {"type": "Feature", "geometry": {"type": "Point", "coordinates": [121.49135, 25.03543]}, "properties": {"station_id": "TPE0178", "station_name": "華江橋下與雙層小型車停車場", "district": "萬華區", "city": "taipei", "operator_name": "華城電能科技股份有限公司", "charging_points": 5, "available": 3, "occupied": 2, "availability_pct": 60, "charging_rate": "AC/計度/一般/ 8.000元每度", "parking_rate": "20元/時", "service_time": "每日/00:00-24:00", "address": "和平西路3段382巷對面(華江橋下)", "telephone": "0909566815", "floors": "1"}}, {"type": "Feature", "geometry": {"type": "Point", "coordinates": [121.50531, 25.02791]}, "properties": {"station_id": "TPE1435", "station_name": "新和庭園平面停車場", "district": "萬華區", "city": "taipei", "operator_name": "華城電能科技股份有限公司", "charging_points": 3, "available": 3, "occupied": 0, "availability_pct": 100, "charging_rate": "AC/計度/一般/ 8.000元每度", "parking_rate": "40元/時", "service_time": "每日/00:00-24:00", "address": "中華路2段416巷與416巷10弄交叉口", "telephone": "2655-0818", "floors": "1"}}, {"type": "Feature", "geometry": {"type": "Point", "coordinates": [121.61322, 25.06733]}, "properties": {"station_id": "TPE0407", "station_name": "安康公車調度站臨時平面停車場", "district": "內湖區", "city": "taipei", "operator_name": "源點科技股份有限公司", "charging_points": 3, "available": 3, "occupied": 0, "availability_pct": 100, "charging_rate": "計度/每度8.00元", "parking_rate": "每小時20元", "service_time": "每日/00:00~24:00", "address": "五分街12號空地旁", "telephone": "27867755", "floors": "1"}}, {"type": "Feature", "geometry": {"type": "Point", "coordinates": [121.57816, 25.07363]}, "properties": {"station_id": "TPE0751", "station_name": "叭叭房陽光大樓停車場", "district": "內湖區", "city": "taipei", "operator_name": "山發物業股份有限公司興隆Ａ區社會住宅地下停車場", "charging_points": 5, "available": 0, "occupied": 0, "availability_pct": 0, "charging_rate": "依現場公告", "parking_rate": "依現場公告", "service_time": "每日/00:00~24:00", "address": "陽光街242號地下1層(車位編號:78.81.82.97.99.100.103.104等8格)、地下2層(車位編號:40至54.56.58至62.69.71至76等28格)、地下3層(車位編號:2至5.7至12.14.15.20至27.29.30.32至34.38.39等27格)", "telephone": "2655-0000", "floors": "1"}}, {"type": "Feature", "geometry": {"type": "Point", "coordinates": [121.60374, 25.05211]}, "properties": {"station_id": "TPE0959", "station_name": "南港車站地下停車場", "district": "南港區", "city": "taipei", "operator_name": "正好停股份有限公司", "charging_points": 32, "available": 15, "occupied": 17, "availability_pct": 47, "charging_rate": "慢充：計度/固定/9.00元每度, 快充：計度/固定/15.00元每度", "parking_rate": "計時/平日/40元每小時/每日最高/240元每日,計時/假日/50元每小時/每日最高/240元每日", "service_time": "每日/00:00-24:00", "address": "忠孝東路7段265巷1號地下1層、地下1層夾層、地下2層、地下3層夾層", "telephone": "0227995657", "floors": "B2"}}, {"type": "Feature", "geometry": {"type": "Point", "coordinates": [121.51917, 25.04835]}, "properties": {"station_id": "TPE0099", "station_name": "市民大道公中段停車場", "district": "中正區", "city": "taipei", "operator_name": "寶盛國際股份有限公司", "charging_points": 8, "available": 4, "occupied": 4, "availability_pct": 50, "charging_rate": "計度/固定/8元每度", "parking_rate": "每1小時0元", "service_time": "每日/00:00-24:00", "address": "公園路至中山北路地下室", "telephone": "2655-0818", "floors": "B1"}}, {"type": "Feature", "geometry": {"type": "Point", "coordinates": [121.52364, 25.06802]}, "properties": {"station_id": "TPE0123", "station_name": "中山北路3段55巷平面停車場", "district": "中山區", "city": "taipei", "operator_name": "源點科技股份有限公司", "charging_points": 2, "available": 1, "occupied": 1, "availability_pct": 50, "charging_rate": "計度/每度8.00元", "parking_rate": "每小時40元", "service_time": "每日/00:00~24:00", "address": "中山北路3段55巷", "telephone": "2504-6290 分機85082鍾先生", "floors": "1"}}, {"type": "Feature", "geometry": {"type": "Point", "coordinates": [121.53721, 25.06777]}, "properties": {"station_id": "TPE0738", "station_name": "臺北農產運銷股份有限公司第二果菜批發市場停車場", "district": "中山區", "city": "taipei", "operator_name": "台北農產運銷股份有限公司台北市第二果菜批發市場", "charging_points": 12, "available": 12, "occupied": 0, "availability_pct": 100, "charging_rate": "計度/固定/9 元每度", "parking_rate": "計時/每日/30 元每小時", "service_time": "平日/00:00-24:00,假日 /00:00-24:00", "address": "民族東路336號地下1至2層及地上4至RF層", "telephone": "2516-2519#1122、1125", "floors": "5"}}, {"type": "Feature", "geometry": {"type": "Point", "coordinates": [121.509, 25.0388]}, "properties": {"station_id": "TPE1142", "station_name": "城中社會福利綜合大樓地下停車場", "district": "中正區", "city": "taipei", "operator_name": "岳鼎股份有限公司", "charging_points": 1, "available": 0, "occupied": 0, "availability_pct": 0, "charging_rate": "待確認", "parking_rate": "計時：小型車150元/時，全程以半小時計。計次：機車50元/次，隔日另計。月租：小型車8,500元/月、機車1,000元/月。", "service_time": "24小時", "address": "延平南路123號地下2至3層", "telephone": "24551299", "floors": "B2"}}, {"type": "Feature", "geometry": {"type": "Point", "coordinates": [121.52488, 25.02054]}, "properties": {"station_id": "TPE1624", "station_name": "臺北市客家文化中心附設地下停車場", "district": "中正區", "city": "taipei", "operator_name": "財團法人台北市客家文化基金會", "charging_points": 1, "available": 1, "occupied": 0, "availability_pct": 100, "charging_rate": "計分/1元每分", "parking_rate": "計時/每日/40元每小時", "service_time": "每日/00:00-24:00", "address": "汀州路3段2號", "telephone": "2369-1198", "floors": "B1"}}, {"type": "Feature", "geometry": {"type": "Point", "coordinates": [121.56795, 25.03693]}, "properties": {"station_id": "TPE1238", "station_name": "遠東百貨信義分公司", "district": "信義區", "city": "taipei", "operator_name": "遠傳電信股份有限公司", "charging_points": 2, "available": 3, "occupied": 1, "availability_pct": 75, "charging_rate": "計度 /固定 /12元 DC每度", "parking_rate": "計時 /每日/100元每小時", "service_time": "週日-週四/11:00-21:30,週五-週六及例假日前一天/11:00-22:00", "address": "松仁路58號", "telephone": "027750-0888", "floors": "B4"}}, {"type": "Feature", "geometry": {"type": "Point", "coordinates": [121.56367, 25.02513]}, "properties": {"station_id": "TPE0409", "station_name": "吳興街284巷臨時平面停車場", "district": "信義區", "city": "taipei", "operator_name": "源點科技股份有限公司", "charging_points": 2, "available": 1, "occupied": 1, "availability_pct": 50, "charging_rate": "計度/每度8.00元", "parking_rate": "每小時40元", "service_time": "每日/00:00~24:00", "address": "吳興街284巷與吳興街260巷21弄交叉口旁", "telephone": "2246-1708", "floors": "1"}}, {"type": "Feature", "geometry": {"type": "Point", "coordinates": [121.54307, 25.04107]}, "properties": {"station_id": "TPE0542", "station_name": "太平洋崇光百貨股份有限公司復興店停車場", "district": "大安區", "city": "taipei", "operator_name": "遠傳電信股份有限公司", "charging_points": 4, "available": 7, "occupied": 1, "availability_pct": 88, "charging_rate": "計度 /固定 /12元 DC每度", "parking_rate": "計時 /每日/60元每半小時", "service_time": "每日/09:00-22:30", "address": "忠孝東路3段300號地下4至6層", "telephone": "2776-5555分機3898", "floors": "B4"}}, {"type": "Feature", "geometry": {"type": "Point", "coordinates": [121.53368, 25.02241]}, "properties": {"station_id": "TPE0127", "station_name": "辛亥高架橋下停車場", "district": "大安區", "city": "taipei", "operator_name": "源點科技股份有限公司", "charging_points": 3, "available": 1, "occupied": 2, "availability_pct": 33, "charging_rate": "計度/每度8.00元", "parking_rate": "每小時30元", "service_time": "每日/00:00~24:00", "address": "新生南路、辛亥高架橋下", "telephone": "0225046290", "floors": "1"}}, {"type": "Feature", "geometry": {"type": "Point", "coordinates": [121.54489, 25.04195]}, "properties": {"station_id": "TPE0135", "station_name": "太平洋崇光百貨股份有限公司忠孝店停車場", "district": "大安區", "city": "taipei", "operator_name": "遠傳電信股份有限公司", "charging_points": 2, "available": 3, "occupied": 1, "availability_pct": 75, "charging_rate": "計度 /固定 /12元 DC每度", "parking_rate": "計時 /每日/60元每半小時", "service_time": "每日/09:00-22:30", "address": "忠孝東路4段45號地下2至3層", "telephone": "2776-5555分機3898", "floors": "B3"}}, {"type": "Feature", "geometry": {"type": "Point", "coordinates": [121.52567, 25.02602]}, "properties": {"station_id": "TPE0066", "station_name": "國立臺灣師範大學和平校區Ⅰ運動場地下停車場", "district": "大安區", "city": "taipei", "operator_name": "遠傳電信股份有限公司", "charging_points": 9, "available": 7, "occupied": 2, "availability_pct": 78, "charging_rate": "計度 /固定 /8.5元 AC 7kW每度", "parking_rate": "計時 /每日/70 元每小時", "service_time": "每日/06:00-24:00", "address": "和平東路1段162號地下1層", "telephone": "7749-3266", "floors": "B1"}}, {"type": "Feature", "geometry": {"type": "Point", "coordinates": [121.55889, 25.02747]}, "properties": {"station_id": "TPE1875", "station_name": "六張犁1區社宅停車場", "district": "信義區", "city": "taipei", "operator_name": "正好停股份有限公司", "charging_points": 5, "available": 4, "occupied": 1, "availability_pct": 80, "charging_rate": "慢充：計度/固定/8.00元每度", "parking_rate": "計時/每日/30元每小時", "service_time": "每日/00:00-24:00", "address": "信安街25、29號、信安街15巷20弄2、6號地下1至3層", "telephone": "", "floors": "B1"}}, {"type": "Feature", "geometry": {"type": "Point", "coordinates": [121.52962, 25.02675]}, "properties": {"station_id": "TPE0067", "station_name": "國立臺灣師範大學和平校區Ⅱ羅馬廣場地下停車場", "district": "大安區", "city": "taipei", "operator_name": "遠傳電信股份有限公司", "charging_points": 3, "available": 6, "occupied": 0, "availability_pct": 100, "charging_rate": "計度 /固定 /12元 DC 30kW每度", "parking_rate": "計時 /每日/70 元每小時", "service_time": "每日/06:00-24:00", "address": "和平東路1段127-2號地下1至3層", "telephone": "77493266", "floors": "B1"}}, {"type": "Feature", "geometry": {"type": "Point", "coordinates": [121.57481, 24.99951]}, "properties": {"station_id": "TPE0232", "station_name": "和平東路四段381巷平面停車場", "district": "文山區", "city": "taipei", "operator_name": "源點科技股份有限公司", "charging_points": 2, "available": 2, "occupied": 0, "availability_pct": 100, "charging_rate": "計度/每度8.00元", "parking_rate": "每小時20元", "service_time": "每日/00:00~24:00", "address": "和平東路4段381巷內", "telephone": "2518-5299", "floors": "1"}}, {"type": "Feature", "geometry": {"type": "Point", "coordinates": [121.54713, 24.99967]}, "properties": {"station_id": "TPE0080", "station_name": "興隆市場旁平面停車場", "district": "文山區", "city": "taipei", "operator_name": "源點科技股份有限公司", "charging_points": 2, "available": 1, "occupied": 1, "availability_pct": 50, "charging_rate": "計度/每度8.00元", "parking_rate": "每小時20元", "service_time": "每日/00:00~24:00", "address": "興隆路2段97號旁", "telephone": "2246-1708", "floors": "1"}}, {"type": "Feature", "geometry": {"type": "Point", "coordinates": [121.54014, 25.03379]}, "properties": {"station_id": "TPE1505", "station_name": "國立臺灣師範大學附屬高級中學體育教學館地下停車場", "district": "大安區", "city": "taipei", "operator_name": "舞動陽光有限公司師大附中營業所", "charging_points": 1, "available": 1, "occupied": 0, "availability_pct": 100, "charging_rate": "計度/尖峰/09:00-23:59/8.00 元每度, 計度/尖峰/06:00-11:00/8.00 元每度, 計度/尖峰/14:00-23:59/8.00 元每度, 計度/離峰/23:59-09:00/8.00 元每度, 計度/離峰/23:59-06:00/8.00 元每度, 計度/離峰/11:00-14:00/8.00 元每度, 計度/離峰/00:00-23:59/8.00 元每度, 計度/離峰/00:00-23:59/8.00 元每度, 計度/離峰/00:00-23:59/8.00 元每度, 計度/", "parking_rate": "免費", "service_time": "星期一：00:00～23:59\r\n星期二：00:00～23:59\r\n星期三：00:00～23:59\r\n星期四：00:00～23:59\r\n星期五：00:00～23:59\r\n星期六：00:00～23:59\r\n星期日：00:00～23:59", "address": "信義路3段143號地下1層", "telephone": "2708-6000", "floors": "B1"}}, {"type": "Feature", "geometry": {"type": "Point", "coordinates": [121.5593, 25.02773]}, "properties": {"station_id": "TPE1876", "station_name": "六張犁2區社宅停車場", "district": "信義區", "city": "taipei", "operator_name": "正好停股份有限公司", "charging_points": 7, "available": 6, "occupied": 1, "availability_pct": 86, "charging_rate": "慢充：計度/固定/8.00元每度", "parking_rate": "計時/每日/30元每小時", "service_time": "每日/00:00-24:00", "address": "信安街15巷36號、信安街15巷20弄1、3號、信安街15巷46弄2、6號、信安街47巷26、37、39號地下1至3層", "telephone": "", "floors": "B1"}}, {"type": "Feature", "geometry": {"type": "Point", "coordinates": [121.60577, 25.05332]}, "properties": {"station_id": "TPE1883", "station_name": "南港停車場", "district": "南港區", "city": "taipei", "operator_name": "連展電能科技股份有限公司", "charging_points": 1, "available": 0, "occupied": 1, "availability_pct": 0, "charging_rate": "計度/固定/8元每度", "parking_rate": "計時/平日/40元/每小時, 計時/假日/50元/每小時", "service_time": "7x24 小時", "address": "忠孝東路7段359號對面空地", "telephone": "0925975999", "floors": "1"}}, {"type": "Feature", "geometry": {"type": "Point", "coordinates": [121.6103, 25.05626]}, "properties": {"station_id": "TPE1884", "station_name": "經貿社會住宅地下停車場", "district": "南港區", "city": "taipei", "operator_name": "日月亭股份有限公司經貿社會住宅營業所", "charging_points": 5, "available": 5, "occupied": 0, "availability_pct": 100, "charging_rate": "計度/固定/8 元每度", "parking_rate": "計時/日間/30 元每小時, 計時/夜間/20 元每小時", "service_time": "每日/00:00-24:00", "address": "興東街28、30、32號地下1至3層", "telephone": "0800021111", "floors": "B1"}}, {"type": "Feature", "geometry": {"type": "Point", "coordinates": [121.51976, 25.09283]}, "properties": {"station_id": "TPE0183", "station_name": "臺北市士林區行政中心地下停車場", "district": "士林區", "city": "taipei", "operator_name": "亟泰工程技術顧問有限公司", "charging_points": 1, "available": 0, "occupied": 1, "availability_pct": 0, "charging_rate": "免費", "parking_rate": "免費", "service_time": "平日/20:00-08:00,六日及國定假日都不開放", "address": "中正路439號地下1至2層", "telephone": "0228826200", "floors": "1"}}, {"type": "Feature", "geometry": {"type": "Point", "coordinates": [121.52324, 25.11877]}, "properties": {"station_id": "TPE1027", "station_name": "振興公園地下停車場", "district": "北投區", "city": "taipei", "operator_name": "歐特儀股份有限公司", "charging_points": 6, "available": 0, "occupied": 0, "availability_pct": 0, "charging_rate": "計時/10 元/每小時(依停車費率加收)", "parking_rate": "計時/每日/40元每小時", "service_time": "每日/00:00-24:00", "address": "天母西路112號地下室(地下共3層)", "telephone": "(02)27057716", "floors": "B1"}}, {"type": "Feature", "geometry": {"type": "Point", "coordinates": [121.50358, 25.03743]}, "properties": {"station_id": "TPE0636", "station_name": "臺北市萬華區老松國民小學附設停車場", "district": "萬華區", "city": "taipei", "operator_name": "亟泰工程技術顧問有限公司", "charging_points": 1, "available": 0, "occupied": 1, "availability_pct": 0, "charging_rate": "免費", "parking_rate": "免費  [不對外開放] ", "service_time": "每日/19:00-07:00  [不對外開放] ", "address": "桂林路64號", "telephone": "2336-1266", "floors": "1"}}, {"type": "Feature", "geometry": {"type": "Point", "coordinates": [121.51578, 25.06632]}, "properties": {"station_id": "TPE0182", "station_name": "臺北市大同區行政中心地下停車場", "district": "大同區", "city": "taipei", "operator_name": "亟泰工程技術顧問有限公司", "charging_points": 1, "available": 1, "occupied": 0, "availability_pct": 100, "charging_rate": "免費", "parking_rate": "免費", "service_time": "每日/00:00-24:00", "address": "昌吉街57號地下1層", "telephone": "2597-5323", "floors": "1"}}, {"type": "Feature", "geometry": {"type": "Point", "coordinates": [121.59695, 25.06757]}, "properties": {"station_id": "TPE1084", "station_name": "臺北市網球中心停車場", "district": "內湖區", "city": "taipei", "operator_name": "台灣大動力服務股份有限公司", "charging_points": 6, "available": 5, "occupied": 1, "availability_pct": 83, "charging_rate": "計分/1.25 元每分", "parking_rate": "計時/每日/40元每小時，每日最高/230 元每日", "service_time": "每日/00:00-24:00", "address": "民權東路6段208號地上1層、地下1層", "telephone": "2246-1708", "floors": "B1"}}, {"type": "Feature", "geometry": {"type": "Point", "coordinates": [121.57266, 25.0826]}, "properties": {"station_id": "TPE1108", "station_name": "臺北市內湖區麗山國民小學停車場", "district": "內湖區", "city": "taipei", "operator_name": "亟泰工程技術顧問有限公司", "charging_points": 2, "available": 1, "occupied": 1, "availability_pct": 50, "charging_rate": "免費", "parking_rate": "免費 [不對外開放] ", "service_time": "平日/18:00-07:00,假日/00:00-24:00 [不對外開放] ", "address": "港華街100號", "telephone": "(02)26574158分機515", "floors": "1"}}, {"type": "Feature", "geometry": {"type": "Point", "coordinates": [121.61179, 25.06837]}, "properties": {"station_id": "TPE1537", "station_name": "南湖國小活動中心附設停車場", "district": "內湖區", "city": "taipei", "operator_name": "亟泰工程技術顧問有限公司", "charging_points": 1, "available": 0, "occupied": 1, "availability_pct": 0, "charging_rate": "免費", "parking_rate": "免費", "service_time": "每日/00:00-24:00", "address": "康寧路3段200號", "telephone": "0226313366", "floors": "1"}}, {"type": "Feature", "geometry": {"type": "Point", "coordinates": [121.61756, 25.04246]}, "properties": {"station_id": "TPE0952", "station_name": "臺北市南港區胡適國小地下停車場", "district": "南港區", "city": "taipei", "operator_name": "亟泰工程技術顧問有限公司", "charging_points": 1, "available": 1, "occupied": 0, "availability_pct": 100, "charging_rate": "免費", "parking_rate": "免費 [不對外開放]", "service_time": "每日/00:00-24:00 [不對外開放]", "address": "舊莊街1段1號", "telephone": "0227824949", "floors": "1"}}, {"type": "Feature", "geometry": {"type": "Point", "coordinates": [121.60207, 25.05616]}, "properties": {"station_id": "TPE1599", "station_name": "臺北市南港區東新國民小學停車場", "district": "南港區", "city": "taipei", "operator_name": "亟泰工程技術顧問有限公司", "charging_points": 2, "available": 2, "occupied": 0, "availability_pct": 100, "charging_rate": "免費", "parking_rate": "免費  [不對外開放] ", "service_time": "每日/19:00-07:00  [不對外開放] ", "address": "興南街62號", "telephone": "0227837577", "floors": "1"}}, {"type": "Feature", "geometry": {"type": "Point", "coordinates": [121.58901, 25.06921]}, "properties": {"station_id": "TPE0184", "station_name": "內湖區行政中心停車場", "district": "內湖區", "city": "taipei", "operator_name": "亟泰工程技術顧問有限公司", "charging_points": 1, "available": 0, "occupied": 1, "availability_pct": 0, "charging_rate": "免費", "parking_rate": "免費", "service_time": "地上1層:平日/08:30-17:30,18:00-07:30，例假日不開放，地下1層:平日/18:00-08:00，選舉期間、特殊活動不開放", "address": "民權東路6段99號地上1層及地下1層", "telephone": "0227925828", "floors": "1"}}, {"type": "Feature", "geometry": {"type": "Point", "coordinates": [121.5335, 25.0644]}, "properties": {"station_id": "TPE0176", "station_name": "中山區行政中心停車場", "district": "中山區", "city": "taipei", "operator_name": "亟泰工程技術顧問有限公司", "charging_points": 1, "available": 0, "occupied": 1, "availability_pct": 0, "charging_rate": "免費", "parking_rate": "計時/每日/80元每小時洽公民眾前30分鐘以下免費，逾30分鐘至1小時30元，逾1小時每30分鐘40元，全程以半小時計費。月租:租工小型2,000元/月，機車200元/月；夜間小型車1,800元/月，日間小型車2,000元/月", "service_time": "每日/08:00-20:00", "address": "松江路367號地下2層", "telephone": "022503-1369#205", "floors": "1"}}, {"type": "Feature", "geometry": {"type": "Point", "coordinates": [121.52346, 25.05625]}, "properties": {"station_id": "TPE0977", "station_name": "中山大樓停車場", "district": "中山區", "city": "taipei", "operator_name": "連展電能科技股份有限公司", "charging_points": 1, "available": 1, "occupied": 0, "availability_pct": 100, "charging_rate": "計度/固定/8元每度", "parking_rate": "計時/每日 08:00~24:00/60元/每小時, 計時/每日 24:00~08:00/10元/每小時", "service_time": "7x24 小時", "address": "中山北路2段61號後側空地及地下1至2層", "telephone": "0225117767", "floors": "1"}}, {"type": "Feature", "geometry": {"type": "Point", "coordinates": [121.54806, 25.04794]}, "properties": {"station_id": "TPE0792", "station_name": "便利停車場萬國站", "district": "松山區", "city": "taipei", "operator_name": "台灣大動力服務股份有限公司", "charging_points": 2, "available": 2, "occupied": 0, "availability_pct": 100, "charging_rate": "計分/1.25 元每分", "parking_rate": "計時/平日/70 元每小時，每日最高/420 元每日；計時/假日/60 元每小時，每日最高/420 元每日", "service_time": "每日/00:00-24:00", "address": "敦化南路1段2號地下1至4層", "telephone": "(02)27991001", "floors": "B1"}}, {"type": "Feature", "geometry": {"type": "Point", "coordinates": [121.58287, 25.0397]}, "properties": {"station_id": "TPE1472", "station_name": "廣慈1區社會住宅地下停車場", "district": "信義區", "city": "taipei", "operator_name": "連展電能科技股份有限公司", "charging_points": 8, "available": 8, "occupied": 0, "availability_pct": 100, "charging_rate": "計度/固定/8元每度", "parking_rate": "計時/每日/30元/每小時", "service_time": "7x24 小時", "address": "大道路108、110號（地下1至4層）", "telephone": "0225023333", "floors": "B1"}}, {"type": "Feature", "geometry": {"type": "Point", "coordinates": [121.58103, 25.03863]}, "properties": {"station_id": "TPE1488", "station_name": "廣慈2區社會住宅地下停車場", "district": "信義區", "city": "taipei", "operator_name": "連展電能科技股份有限公司", "charging_points": 6, "available": 6, "occupied": 0, "availability_pct": 100, "charging_rate": "計度/固定/8元每度", "parking_rate": "計時/每日/30元/每小時", "service_time": "7x24 小時", "address": "福德街84巷50、56號（地下1至4層）", "telephone": "0225023333", "floors": "B1"}}, {"type": "Feature", "geometry": {"type": "Point", "coordinates": [121.55798, 24.99985]}, "properties": {"station_id": "TPE0270", "station_name": "萬芳醫院附設停車場", "district": "文山區", "city": "taipei", "operator_name": "台灣國際開發事業有限公司萬芳停車場", "charging_points": 6, "available": 4, "occupied": 2, "availability_pct": 67, "charging_rate": "計度/固定/7元每度", "parking_rate": "計時/每日/40 元每小時", "service_time": "每 日/00:00-24:00", "address": "興隆路3段111號地下2、3層", "telephone": "2930-7930", "floors": "B2"}}, {"type": "Feature", "geometry": {"type": "Point", "coordinates": [121.55181, 25.00162]}, "properties": {"station_id": "TPE0153", "station_name": "驛林交通股份有限公司興隆站", "district": "文山區", "city": "taipei", "operator_name": "驛林交通股份有限公司", "charging_points": 1, "available": 1, "occupied": 0, "availability_pct": 100, "charging_rate": "計度/尖峰/09:00-23:59/10.00 元每度, 計度/尖峰/06:00-11:00/10.00 元每度, 計度/尖峰/14:00-23:59/10.00 元每度, 計度/離峰/23:59-09:00/8.00 元每度,計度/離峰/23:59-06:00/8.00 元每度, 計度/離峰/11:00-14:00/8.00 元每度, 計度/半尖峰/09:00-23:59/8.00 元每度, 計度/半尖峰/06:00-11:00/8.00 元每度, 計度/半尖峰/14:00-23:59/8.00 元每", "parking_rate": "計時/每日/30元每小時", "service_time": "星期一：00:00～23:59星期二：00:00～23:59星期三：00:00～23:59星期四：00:00～23:59星期五：00:00～23:59星期六：00:00～23:59星期日：00:00～23:59", "address": "興隆路2段160號地下1、2層", "telephone": "", "floors": "3"}}, {"type": "Feature", "geometry": {"type": "Point", "coordinates": [121.54328, 25.02608]}, "properties": {"station_id": "TPE1888", "station_name": "科技大樓地下停車場", "district": "大安區", "city": "taipei", "operator_name": "正好停股份有限公司", "charging_points": 4, "available": 4, "occupied": 0, "availability_pct": 100, "charging_rate": "慢充：計度/固定/8.00元每度", "parking_rate": "計時/每日(09~21)/50元每小時/每日最高/300元每日，計時/每日(21~09)/10元每小時/每日最高/300元每日", "service_time": "每日/00:00-24:00", "address": "復興南路2段228-230號地上2至地下4層", "telephone": "27995657", "floors": "B2"}}, {"type": "Feature", "geometry": {"type": "Point", "coordinates": [121.58771, 25.04492]}, "properties": {"station_id": "TPE0763", "station_name": "成德國中運動中心停車場", "district": "南港區", "city": "taipei", "operator_name": "舞動陽光有限公司南港營業所", "charging_points": 1, "available": 1, "occupied": 0, "availability_pct": 100, "charging_rate": "計度/尖峰/09:00-23:59/7.00 元每度, 計度/尖峰/06:00-11:00/7.00 元每度, 計度/尖峰/14:00-23:59/7.00 元每度, 計度/離峰/23:59-09:00/7.00 元每度, 計度/離峰/23:59-06:00/7.00 元每度, 計度/離峰/11:00-14:00/7.00 元每度, 計度/半尖峰/09:00-23:59/7.00 元每度, 計度/半尖峰/06:00-11:00/7.00 元每度, 計度/半尖峰/14:00-23:59/7.00 元每度, ", "parking_rate": "免費", "service_time": "星期一：00:00～23:59\r\n星期二：00:00～23:59\r\n星期三：00:00～23:59\r\n星期四：00:00～23:59\r\n星期五：00:00～23:59", "address": "東新街108巷23號地下1層", "telephone": "022782-5000", "floors": "B一"}}, {"type": "Feature", "geometry": {"type": "Point", "coordinates": [121.46942, 25.1192]}, "properties": {"station_id": "TPE0280", "station_name": "關渡自然公園停車場", "district": "北投區", "city": "taipei", "operator_name": "承翊系統整合股份有限公司", "charging_points": 1, "available": 1, "occupied": 0, "availability_pct": 100, "charging_rate": "計度/00:00-24:00/每度9元", "parking_rate": "計時/每日/40元每小時，未滿半小時以20元計算", "service_time": "24小時/每日/00:00-24:00", "address": "關渡路55號", "telephone": "0228587417", "floors": "1"}}, {"type": "Feature", "geometry": {"type": "Point", "coordinates": [121.60451, 25.06277]}, "properties": {"station_id": "TPE0348", "station_name": "內湖垃圾焚化廠停車場", "district": "內湖區", "city": "taipei", "operator_name": "承翊系統整合股份有限公司", "charging_points": 2, "available": 2, "occupied": 0, "availability_pct": 100, "charging_rate": "計度/00:00-24:00/每度8元", "parking_rate": "計時/每日/每小時20元", "service_time": "開放時間：05:00-22:00，週一及國定例假日不開放", "address": "安康路290號地下1層", "telephone": "0227961833", "floors": "B1"}}, {"type": "Feature", "geometry": {"type": "Point", "coordinates": [121.55631, 24.97964]}, "properties": {"station_id": "TPE1463", "station_name": "力行停車場", "district": "文山區", "city": "taipei", "operator_name": "承翊系統整合股份有限公司", "charging_points": 1, "available": 1, "occupied": 0, "availability_pct": 100, "charging_rate": "計度/00:00-24:00/每度10元", "parking_rate": "平日$15/半小時，假日$15/半小時(入場12小時最高$180)", "service_time": "每日/00:00-24:00", "address": "一壽街22號地下1至2層", "telephone": "7715-2938", "floors": "B1"}}, {"type": "Feature", "geometry": {"type": "Point", "coordinates": [121.55702, 25.04617]}, "properties": {"station_id": "TPE1911", "station_name": "台灣聯通延吉好室停車場", "district": "松山區", "city": "taipei", "operator_name": "皇鋒通訊股份有限公司", "charging_points": 2, "available": 2, "occupied": 0, "availability_pct": 100, "charging_rate": "計度/10元每度", "parking_rate": "計時/每日/100元每小時,全程以半小時計", "service_time": "每日/00:00-24:00", "address": "光復南路46巷7號地下1至3層", "telephone": "0225235000", "floors": "B1"}}, {"type": "Feature", "geometry": {"type": "Point", "coordinates": [121.51837, 25.09583]}, "properties": {"station_id": "TPE0101", "station_name": "臺北市立天文科學教育館地下及戶外平面停車場", "district": "士林區", "city": "taipei", "operator_name": "臺北市立天文科學教育館", "charging_points": 6, "available": 4, "occupied": 2, "availability_pct": 67, "charging_rate": "計度/固定/8 元每度", "parking_rate": "計時/每日/30 元每小時  ", "service_time": "週二~周日 07:30~18:00", "address": "基河路363號地上1層及地下1至2層", "telephone": "0228314551", "floors": "B1"}}, {"type": "Feature", "geometry": {"type": "Point", "coordinates": [121.48984, 25.02977]}, "properties": {"station_id": "TPE1277", "station_name": "環南市場停車場", "district": "萬華區", "city": "taipei", "operator_name": "俥亭停車事業股份有限公司環南市場營業所", "charging_points": 36, "available": 36, "occupied": 0, "availability_pct": 100, "charging_rate": "充電服務每度8元", "parking_rate": "汽車臨停半小時15元", "service_time": "7*24", "address": "環河南路2段245號地下1、地上2至R層", "telephone": "2362-1685", "floors": "4,4F"}}, {"type": "Feature", "geometry": {"type": "Point", "coordinates": [121.49643, 25.02851]}, "properties": {"station_id": "TPE0570", "station_name": "華江高中活動中心地下停車場", "district": "萬華區", "city": "taipei", "operator_name": "亟泰工程技術顧問有限公司", "charging_points": 1, "available": 0, "occupied": 1, "availability_pct": 0, "charging_rate": "免費", "parking_rate": "免費", "service_time": "每日/00:00-24:00", "address": "西藏路213號地下1層", "telephone": "2339-6689", "floors": "1"}}, {"type": "Feature", "geometry": {"type": "Point", "coordinates": [121.51756, 25.04701]}, "properties": {"station_id": "TPE0446", "station_name": "台北車站K區地下街停車場", "district": "中正區", "city": "taipei", "operator_name": "阜爾運通股份有限公司", "charging_points": 2, "available": 2, "occupied": 0, "availability_pct": 100, "charging_rate": "計度 /固定 /10元每度", "parking_rate": "計時/每日/50元每小時/每日最高360元每日", "service_time": "每日/00:00 24:00", "address": "忠孝西路1段47號地下2層", "telephone": "2314-1219", "floors": "1"}}, {"type": "Feature", "geometry": {"type": "Point", "coordinates": [121.52895, 25.01131]}, "properties": {"station_id": "TPE0646", "station_name": "水岸停車場", "district": "中正區", "city": "taipei", "operator_name": "特爾電力股份有限公司", "charging_points": 3, "available": 2, "occupied": 1, "availability_pct": 67, "charging_rate": "快充計度/離峰/6.5元每度，計度/尖峰/13.5元每度，尖峰時段為15:00-21:00，慢充計時/固定/1元每分", "parking_rate": "計時/平日/30元每小時，計時/假日/50元每小時\n", "service_time": "7x24小時", "address": "思源街1號空地", "telephone": "8369-5098", "floors": "1F"}}, {"type": "Feature", "geometry": {"type": "Point", "coordinates": [121.51662, 25.04786]}, "properties": {"station_id": "TPE0871", "station_name": "臺北車站西區地下停車場", "district": "中正區", "city": "taipei", "operator_name": "正好停股份有限公司", "charging_points": 2, "available": 0, "occupied": 2, "availability_pct": 0, "charging_rate": "計度/固定/9.00元每度", "parking_rate": "計時/平日/60元每小時/每日最高/500元每日,計時/假日/70元每小時/每日最高/500元每日", "service_time": "每日/00:00-24:00", "address": "北平西路3號地下1層（西區）", "telephone": "2799-5657", "floors": "B1"}}, {"type": "Feature", "geometry": {"type": "Point", "coordinates": [121.51769, 25.04769]}, "properties": {"station_id": "TPE0047", "station_name": "臺北車站東區地下停車場", "district": "中正區", "city": "taipei", "operator_name": "正好停股份有限公司", "charging_points": 2, "available": 1, "occupied": 1, "availability_pct": 50, "charging_rate": "計度/固定/9.00元每度", "parking_rate": "計時/平日/60元每小時/每日最高/500元每日,計時/假日/70元每小時/每日最高/500元每日", "service_time": "每日/00:00-24:00", "address": "北平西路3號地下1層（東區）", "telephone": "2799-5657", "floors": "B1"}}, {"type": "Feature", "geometry": {"type": "Point", "coordinates": [121.55254, 25.04908]}, "properties": {"station_id": "TPE0008", "station_name": "北寧路地下停車場", "district": "松山區", "city": "taipei", "operator_name": "正好停股份有限公司", "charging_points": 2, "available": 2, "occupied": 0, "availability_pct": 100, "charging_rate": "計度/固定/8.00元每度", "parking_rate": "計時/每日/40元/時(09:00~21:00)，夜間時段30元/時(21:00~09:00)，每12小時最高280元", "service_time": "每日/00:00-24:00", "address": "八德路3段25號地下（地下共2層）", "telephone": "0227995657", "floors": "B2"}}, {"type": "Feature", "geometry": {"type": "Point", "coordinates": [121.5595, 25.04199]}, "properties": {"station_id": "TPE1661", "station_name": "臺北大巨蛋園區停車場", "district": "信義區", "city": "taipei", "operator_name": "阜爾運通股份有限公司", "charging_points": 20, "available": 18, "occupied": 2, "availability_pct": 90, "charging_rate": "計度 /固定 /5元每度", "parking_rate": "平日：小客車$30元/每半小時，假日/活動日：小客車$35元/每半小時", "service_time": "每日/00:00 24:00", "address": "忠孝東路4段515號地下1、3至5層", "telephone": "0222461708", "floors": "1"}}, {"type": "Feature", "geometry": {"type": "Point", "coordinates": [121.55086, 25.01612]}, "properties": {"station_id": "TPE0774", "station_name": "助安企業股份有限公司黎元停車場", "district": "大安區", "city": "taipei", "operator_name": "智合創投股份有限公司", "charging_points": 2, "available": 2, "occupied": 0, "availability_pct": 100, "charging_rate": "慢充每度8元", "parking_rate": "40/1H", "service_time": "24H", "address": "辛亥路3段223號空地", "telephone": "2754-6661", "floors": "1F"}}, {"type": "Feature", "geometry": {"type": "Point", "coordinates": [121.5531, 25.01411]}, "properties": {"station_id": "TPE0116", "station_name": "助安企業股份有限公司辛亥路高架橋下停車場", "district": "大安區", "city": "taipei", "operator_name": "助安企業有限公司辛亥高架橋下停車場", "charging_points": 3, "available": 2, "occupied": 1, "availability_pct": 67, "charging_rate": "慢充每度8元", "parking_rate": "40/1H", "service_time": "24H", "address": "辛亥路3段330號(懷愛館)對面橋下空間", "telephone": "2754-6661", "floors": "1F"}}, {"type": "Feature", "geometry": {"type": "Point", "coordinates": [121.54749, 25.03297]}, "properties": {"station_id": "TPE0812", "station_name": "168停車聯盟-中華信義場", "district": "大安區", "city": "taipei", "operator_name": "助安企業股份有限公司", "charging_points": 1, "available": 1, "occupied": 0, "availability_pct": 100, "charging_rate": "慢充每度8元", "parking_rate": "50", "service_time": "24H", "address": "信義路4段88號地下2至3層", "telephone": "27546661", "floors": "1F"}}, {"type": "Feature", "geometry": {"type": "Point", "coordinates": [121.56966, 24.98955]}, "properties": {"station_id": "TPE0065", "station_name": "臺北市文山區行政中心停車場", "district": "文山區", "city": "taipei", "operator_name": "阜爾運通股份有限公司", "charging_points": 3, "available": 2, "occupied": 0, "availability_pct": 100, "charging_rate": "計度 /固定 /10元每度", "parking_rate": "計時/每日/30元每小時", "service_time": "每日/00:00 24:00", "address": "木柵路3段220號", "telephone": "", "floors": "1"}}, {"type": "Feature", "geometry": {"type": "Point", "coordinates": [121.58393, 25.0007]}, "properties": {"station_id": "TPE0139", "station_name": "嘟嘟房捷運木柵機廠站停車場", "district": "文山區", "city": "taipei", "operator_name": "承翊系統整合股份有限公司", "charging_points": 14, "available": 0, "occupied": 0, "availability_pct": 0, "charging_rate": "計度/00:00-24:00/每度8元", "parking_rate": "120 元/次", "service_time": "假日/08:00-22:00", "address": "新光路2段19號地上2至4層", "telephone": "0225573722", "floors": "2"}}, {"type": "Feature", "geometry": {"type": "Point", "coordinates": [121.56632, 24.98923]}, "properties": {"station_id": "TPE1336", "station_name": "木柵社會住宅地下停車場", "district": "文山區", "city": "taipei", "operator_name": "助安企業股份有限公司木柵社會住宅地下停車場", "charging_points": 2, "available": 2, "occupied": 0, "availability_pct": 100, "charging_rate": "慢充每度8元", "parking_rate": "週一至週五20元/時，週六至週日及行政機關放假之紀念日、民俗節日30元/時", "service_time": "24H", "address": "久康街24巷36號地下1至4層", "telephone": "", "floors": "1F"}}, {"type": "Feature", "geometry": {"type": "Point", "coordinates": [121.57877, 24.99736]}, "properties": {"station_id": "TPE0739", "station_name": "嘟嘟房動物園站停車場", "district": "文山區", "city": "taipei", "operator_name": "承翊系統整合股份有限公司", "charging_points": 3, "available": 0, "occupied": 0, "availability_pct": 0, "charging_rate": "計度/00:00-24:00/每度8元", "parking_rate": "平日：10元/小時，假日：06:00-22:00時60元/小時；22:00-06:00時10元/小時", "service_time": "每日/00:00-24:00", "address": "新光路2段28號地下1至2層", "telephone": "0225573722", "floors": "B1"}}, {"type": "Feature", "geometry": {"type": "Point", "coordinates": [121.5033, 25.08899]}, "properties": {"station_id": "TPE1916", "station_name": "永平社會住宅地下停車場", "district": "士林區", "city": "taipei", "operator_name": "助安企業股份有限公司永平社會住宅地下停車場", "charging_points": 1, "available": 0, "occupied": 1, "availability_pct": 0, "charging_rate": "慢充每度8元", "parking_rate": "月租2200", "service_time": "24H", "address": "延平北路6段261巷2號地上1層及地下1至2層", "telephone": "0227546661", "floors": "1F"}}, {"type": "Feature", "geometry": {"type": "Point", "coordinates": [121.54534, 25.04045]}, "properties": {"station_id": "TPE0976", "station_name": "168停車聯盟-大安場", "district": "大安區", "city": "taipei", "operator_name": "助安企業股份有限公司", "charging_points": 1, "available": 0, "occupied": 1, "availability_pct": 0, "charging_rate": "慢充每度8元", "parking_rate": "150", "service_time": "24H", "address": "仁愛路4段27巷25號地下1至5層", "telephone": "27546661", "floors": "1F"}}, {"type": "Feature", "geometry": {"type": "Point", "coordinates": [121.54553, 25.06043]}, "properties": {"station_id": "33029464-STP6360001", "station_name": "中山國中站", "district": "松山區", "city": "taipei", "operator_name": "中興電工機械股份有限公司", "charging_points": 6, "available": 0, "occupied": 0, "availability_pct": 0, "charging_rate": "計時/每日/10元每1時", "parking_rate": "每1小時20元", "service_time": "每日/00:00-24:00", "address": "台北市松山區復興北路361巷7號B1-B2停車場", "telephone": "02-26550818", "floors": "B1"}}, {"type": "Feature", "geometry": {"type": "Point", "coordinates": [121.52643, 25.05223]}, "properties": {"station_id": "33029464-STP6410001", "station_name": "林森公園站", "district": "中山區", "city": "taipei", "operator_name": "中興電工機械股份有限公司", "charging_points": 17, "available": 0, "occupied": 0, "availability_pct": 0, "charging_rate": "計時/每日/5元每1度", "parking_rate": "每1小時0元", "service_time": "每日/00:00-24:00", "address": "台北市中山區南京東路1段35號B1-B3", "telephone": "02-26550818", "floors": "B2"}}, {"type": "Feature", "geometry": {"type": "Point", "coordinates": [121.59264, 25.0532]}, "properties": {"station_id": "28371994-STP6510001", "station_name": "玉成國小站", "district": "南港區", "city": "taipei", "operator_name": "寶盛國際股份有限公司", "charging_points": 6, "available": 0, "occupied": 0, "availability_pct": 0, "charging_rate": "計時/每日/10元每1時", "parking_rate": "每1小時20元", "service_time": "每日/00:00-24:00", "address": "台北市南港區昆陽街23號B1-B2地下停車場", "telephone": "02-26550818", "floors": "B2"}}, {"type": "Feature", "geometry": {"type": "Point", "coordinates": [121.56637, 25.03701]}, "properties": {"station_id": "28371994-STP6910001", "station_name": "松壽廣場站", "district": "信義區", "city": "taipei", "operator_name": "寶盛國際股份有限公司", "charging_points": 8, "available": 0, "occupied": 0, "availability_pct": 0, "charging_rate": "計度/固定/5元每度", "parking_rate": "每1小時0元", "service_time": "每日/00:00-24:00", "address": "台北市信義區松智路15號B1-B3", "telephone": "02-26550818", "floors": "B1"}}, {"type": "Feature", "geometry": {"type": "Point", "coordinates": [121.52261, 25.10303]}, "properties": {"station_id": "33029464-STP6650001", "station_name": "捷運芝山站", "district": "士林區", "city": "taipei", "operator_name": "中興電工機械股份有限公司", "charging_points": 5, "available": 0, "occupied": 0, "availability_pct": 0, "charging_rate": "計度/固定/5元每度", "parking_rate": "每1小時0元", "service_time": "每日/00:00-24:00", "address": "台北市士林區福國路70號", "telephone": "02-26550818", "floors": "1F"}}, {"type": "Feature", "geometry": {"type": "Point", "coordinates": [121.47319, 25.13102]}, "properties": {"station_id": "33029464-STP6750001", "station_name": "捷運忠義站", "district": "北投區", "city": "taipei", "operator_name": "中興電工機械股份有限公司", "charging_points": 1, "available": 0, "occupied": 0, "availability_pct": 0, "charging_rate": "計度/固定/5元每度", "parking_rate": "每1小時0元", "service_time": "每日/00:00-24:00", "address": "台北市北投區中央北路4段301號", "telephone": "02-26550818", "floors": "1F"}}, {"type": "Feature", "geometry": {"type": "Point", "coordinates": [121.5062, 25.12094]}, "properties": {"station_id": "33029464-STP6800001", "station_name": "捷運唭哩岸站", "district": "北投區", "city": "taipei", "operator_name": "中興電工機械股份有限公司", "charging_points": 1, "available": 0, "occupied": 0, "availability_pct": 0, "charging_rate": "計度/固定/5元每度", "parking_rate": "每1小時0元", "service_time": "每日/00:00-24:00", "address": "台北市北投區東華街2段301號", "telephone": "02-26550818", "floors": "1F"}}, {"type": "Feature", "geometry": {"type": "Point", "coordinates": [121.51607, 25.11385]}, "properties": {"station_id": "33029464-STP6810001", "station_name": "捷運石牌站", "district": "北投區", "city": "taipei", "operator_name": "中興電工機械股份有限公司", "charging_points": 1, "available": 0, "occupied": 0, "availability_pct": 0, "charging_rate": "計度/固定/5元每度", "parking_rate": "每1小時0元", "service_time": "每日/00:00-24:00", "address": "台北市北投區石牌路1段200號", "telephone": "02-26550818", "floors": "1F"}}, {"type": "Feature", "geometry": {"type": "Point", "coordinates": [121.49853, 25.13177]}, "properties": {"station_id": "33029464-STP6780001", "station_name": "捷運北投站", "district": "北投區", "city": "taipei", "operator_name": "中興電工機械股份有限公司", "charging_points": 2, "available": 0, "occupied": 0, "availability_pct": 0, "charging_rate": "計度/固定/5元每度", "parking_rate": "每1小時0元", "service_time": "每日/00:00-24:00", "address": "台北市北投區光明路1號", "telephone": "02-26550818", "floors": "1F"}}, {"type": "Feature", "geometry": {"type": "Point", "coordinates": [121.5022, 25.13699]}, "properties": {"station_id": "33029464-STP6770001", "station_name": "捷運新北投站", "district": "北投區", "city": "taipei", "operator_name": "中興電工機械股份有限公司", "charging_points": 1, "available": 0, "occupied": 0, "availability_pct": 0, "charging_rate": "計度/固定/5元每度", "parking_rate": "每1小時0元", "service_time": "每日/00:00-24:00", "address": "台北市北投區大業路700號", "telephone": "02-26550818", "floors": "1F"}}, {"type": "Feature", "geometry": {"type": "Point", "coordinates": [121.53714, 25.06028]}, "properties": {"station_id": "28371994-STP6520001", "station_name": "建國高架站A區", "district": "中山區", "city": "taipei", "operator_name": "寶盛國際股份有限公司", "charging_points": 2, "available": 0, "occupied": 0, "availability_pct": 0, "charging_rate": "計時/每日/10元每1時", "parking_rate": "每1小時20元", "service_time": "每日/00:00-24:00", "address": "台北市中山區建國北路高架橋下停車場(八德路-民族東路)", "telephone": "02-26550818", "floors": "1F"}}, {"type": "Feature", "geometry": {"type": "Point", "coordinates": [121.53714, 25.06028]}, "properties": {"station_id": "28371994-STP6540001", "station_name": "建國高架站C區", "district": "中山區", "city": "taipei", "operator_name": "寶盛國際股份有限公司", "charging_points": 3, "available": 0, "occupied": 0, "availability_pct": 0, "charging_rate": "計時/每日/10元每1時", "parking_rate": "每1小時20元", "service_time": "每日/00:00-24:00", "address": "台北市中山區建國北路高架橋下停車場(八德路-民族東路)", "telephone": "02-26550818", "floors": "1F"}}, {"type": "Feature", "geometry": {"type": "Point", "coordinates": [121.53714, 25.06028]}, "properties": {"station_id": "28371994-STP6550001", "station_name": "建國高架站D區", "district": "中山區", "city": "taipei", "operator_name": "寶盛國際股份有限公司", "charging_points": 3, "available": 0, "occupied": 0, "availability_pct": 0, "charging_rate": "計時/每日/10元每1時", "parking_rate": "每1小時20元", "service_time": "每日/00:00-24:00", "address": "台北市中山區建國北路高架橋下停車場(八德路-民族東路)", "telephone": "02-26550818", "floors": "1F"}}, {"type": "Feature", "geometry": {"type": "Point", "coordinates": [121.53714, 25.06028]}, "properties": {"station_id": "28371994-STP6560001", "station_name": "建國高架站E區", "district": "中山區", "city": "taipei", "operator_name": "寶盛國際股份有限公司", "charging_points": 3, "available": 0, "occupied": 0, "availability_pct": 0, "charging_rate": "計時/每日/10元每1時", "parking_rate": "每1小時20元", "service_time": "每日/00:00-24:00", "address": "台北市中山區建國北路高架橋下停車場(八德路-民族東路)", "telephone": "02-26550818", "floors": "1F"}}, {"type": "Feature", "geometry": {"type": "Point", "coordinates": [121.53714, 25.06028]}, "properties": {"station_id": "28371994-STP6580001", "station_name": "建國高架站G區", "district": "中山區", "city": "taipei", "operator_name": "寶盛國際股份有限公司", "charging_points": 6, "available": 0, "occupied": 0, "availability_pct": 0, "charging_rate": "計時/每日/10元每1時", "parking_rate": "每1小時20元", "service_time": "每日/00:00-24:00", "address": "台北市中山區建國北路高架橋下停車場(八德路-民族東路)", "telephone": "02-26550818", "floors": "1F"}}, {"type": "Feature", "geometry": {"type": "Point", "coordinates": [121.53714, 25.06028]}, "properties": {"station_id": "28371994-STP6590001", "station_name": "建國高架站H區", "district": "中山區", "city": "taipei", "operator_name": "寶盛國際股份有限公司", "charging_points": 6, "available": 0, "occupied": 0, "availability_pct": 0, "charging_rate": "計時/每日/10元每1時", "parking_rate": "每1小時20元", "service_time": "每日/00:00-24:00", "address": "台北市中山區建國北路高架橋下停車場(八德路-民族東路)", "telephone": "02-26550818", "floors": "1F"}}, {"type": "Feature", "geometry": {"type": "Point", "coordinates": [121.53714, 25.06028]}, "properties": {"station_id": "28371994-STP6600001", "station_name": "建國高架站IB區", "district": "中山區", "city": "taipei", "operator_name": "寶盛國際股份有限公司", "charging_points": 1, "available": 0, "occupied": 0, "availability_pct": 0, "charging_rate": "計時/每日/10元每1時", "parking_rate": "每1小時20元", "service_time": "每日/00:00-24:00", "address": "台北市中山區建國北路高架橋下停車場(八德路-民族東路)", "telephone": "02-26550818", "floors": "1F"}}, {"type": "Feature", "geometry": {"type": "Point", "coordinates": [121.53714, 25.06028]}, "properties": {"station_id": "28371994-STP6610001", "station_name": "建國高架站J區", "district": "中山區", "city": "taipei", "operator_name": "寶盛國際股份有限公司", "charging_points": 1, "available": 0, "occupied": 0, "availability_pct": 0, "charging_rate": "計時/每日/10元每1時", "parking_rate": "每1小時20元", "service_time": "每日/00:00-24:00", "address": "台北市中山區建國北路高架橋下停車場(八德路-民族東路)", "telephone": "02-26550818", "floors": "1F"}}, {"type": "Feature", "geometry": {"type": "Point", "coordinates": [121.53714, 25.06028]}, "properties": {"station_id": "28371994-STP6620001", "station_name": "建國高架站O區", "district": "中山區", "city": "taipei", "operator_name": "寶盛國際股份有限公司", "charging_points": 2, "available": 0, "occupied": 0, "availability_pct": 0, "charging_rate": "計時/每日/10元每1時", "parking_rate": "每1小時20元", "service_time": "每日/00:00-24:00", "address": "台北市中山區建國北路高架橋下停車場(八德路-民族東路)", "telephone": "02-26550818", "floors": "1F"}}, {"type": "Feature", "geometry": {"type": "Point", "coordinates": [121.52428, 25.04798]}, "properties": {"station_id": "28371994-STP5490001", "station_name": "市民大道-中林站", "district": "中山區", "city": "taipei", "operator_name": "寶盛國際股份有限公司", "charging_points": 10, "available": 0, "occupied": 0, "availability_pct": 0, "charging_rate": "計時/每日/5元每1度", "parking_rate": "每1小時0元", "service_time": "每日/00:00-24:00", "address": "台北市中山區市民大道2段(中山北路至林森北路)地下1、2樓停車場", "telephone": "02-26550818", "floors": "B1"}}, {"type": "Feature", "geometry": {"type": "Point", "coordinates": [121.53058, 25.04628]}, "properties": {"station_id": "28371994-STP5500001", "station_name": "市民大道-林金站", "district": "中山區", "city": "taipei", "operator_name": "寶盛國際股份有限公司", "charging_points": 19, "available": 0, "occupied": 0, "availability_pct": 0, "charging_rate": "計時/每日/5元每1度", "parking_rate": "每1小時0元", "service_time": "每日/00:00-24:00", "address": "台北市中山區市民大道2段(林森北路至金山北路)地下1、2樓停車場", "telephone": "02-26550818", "floors": "B1"}}, {"type": "Feature", "geometry": {"type": "Point", "coordinates": [121.52476, 25.08461]}, "properties": {"station_id": "33029464-STP6660001", "station_name": "捷運士林站", "district": "士林區", "city": "taipei", "operator_name": "中興電工機械股份有限公司", "charging_points": 2, "available": 0, "occupied": 0, "availability_pct": 0, "charging_rate": "計度/固定/5元每度", "parking_rate": "每1小時0元", "service_time": "每日/00:00-24:00", "address": "台北市士林區福德路1號", "telephone": "02-26550818", "floors": "1F"}}, {"type": "Feature", "geometry": {"type": "Point", "coordinates": [121.50224, 25.13673]}, "properties": {"station_id": "28371994-STP3570001", "station_name": "七星公園站", "district": "北投區", "city": "taipei", "operator_name": "寶盛國際股份有限公司", "charging_points": 6, "available": 0, "occupied": 0, "availability_pct": 0, "charging_rate": "計時/每日/10元每1時", "parking_rate": "每1小時20元", "service_time": "每日/00:00-24:00", "address": "台北市北投區七星街3號地下停車場", "telephone": "02-26550818", "floors": "B1"}}, {"type": "Feature", "geometry": {"type": "Point", "coordinates": [121.57195, 25.04982]}, "properties": {"station_id": "28371994-STP5410001", "station_name": "八德立體站", "district": "松山區", "city": "taipei", "operator_name": "寶盛國際股份有限公司", "charging_points": 7, "available": 0, "occupied": 0, "availability_pct": 0, "charging_rate": "計時/每日/0元每1時", "parking_rate": "每1小時0元", "service_time": "每日/00:00-24:00", "address": "台北市松山區八德路4段580號B1-10F停車場", "telephone": "02-26550818", "floors": "B1"}}, {"type": "Feature", "geometry": {"type": "Point", "coordinates": [121.61812, 25.06126]}, "properties": {"station_id": "33029464-STP6720001", "station_name": "捷運內湖機廠站", "district": "南港區", "city": "taipei", "operator_name": "中興電工機械股份有限公司", "charging_points": 8, "available": 0, "occupied": 0, "availability_pct": 0, "charging_rate": "計度/固定/5元每度", "parking_rate": "每1小時0元", "service_time": "每日/00:00-24:00", "address": "台北市南港區經貿一路265號3~5F", "telephone": "02-26550818", "floors": "3F"}}, {"type": "Feature", "geometry": {"type": "Point", "coordinates": [121.5402, 25.03603]}, "properties": {"station_id": "28371994-STP7600001", "station_name": "附中公園站", "district": "大安區", "city": "taipei", "operator_name": "寶盛國際股份有限公司", "charging_points": 2, "available": 0, "occupied": 0, "availability_pct": 0, "charging_rate": "計時/每日/0元每1時", "parking_rate": "每1小時0元", "service_time": "每日/00:00-24:00", "address": "台北市大安區復興南路1段340巷11號B1-B2", "telephone": "02-26550818", "floors": "B1"}}, {"type": "Feature", "geometry": {"type": "Point", "coordinates": [121.53714, 25.06028]}, "properties": {"station_id": "28371994-STP3930001", "station_name": "建國高架站", "district": "中山區", "city": "taipei", "operator_name": "寶盛國際股份有限公司", "charging_points": 1, "available": 0, "occupied": 0, "availability_pct": 0, "charging_rate": "計時/每日/10元每1時", "parking_rate": "每1小時20元", "service_time": "每日/00:00-24:00", "address": "台北市中山區建國北路高架橋下停車場(八德路-民族東路)", "telephone": "02-26550818", "floors": "1F"}}, {"type": "Feature", "geometry": {"type": "Point", "coordinates": [121.53714, 25.06028]}, "properties": {"station_id": "28371994-STP6530001", "station_name": "建國高架站B區", "district": "中山區", "city": "taipei", "operator_name": "寶盛國際股份有限公司", "charging_points": 5, "available": 0, "occupied": 0, "availability_pct": 0, "charging_rate": "計時/每日/10元每1時", "parking_rate": "每1小時20元", "service_time": "每日/00:00-24:00", "address": "台北市中山區建國北路高架橋下停車場(八德路-民族東路)", "telephone": "02-26550818", "floors": "1F"}}, {"type": "Feature", "geometry": {"type": "Point", "coordinates": [121.56299, 25.03594]}, "properties": {"station_id": "28371994-STP6900001", "station_name": "府前廣場站", "district": "信義區", "city": "taipei", "operator_name": "寶盛國際股份有限公司", "charging_points": 40, "available": 0, "occupied": 0, "availability_pct": 0, "charging_rate": "計度/固定/5元每度", "parking_rate": "每1小時0元", "service_time": "每日/00:00-24:00", "address": "台北市信義區松壽路1號B1-B2", "telephone": "02-26550818", "floors": "B1"}}, {"type": "Feature", "geometry": {"type": "Point", "coordinates": [121.53714, 25.06028]}, "properties": {"station_id": "28371994-STP6570001", "station_name": "建國高架站F區", "district": "中山區", "city": "taipei", "operator_name": "寶盛國際股份有限公司", "charging_points": 1, "available": 0, "occupied": 0, "availability_pct": 0, "charging_rate": "計時/每日/10元每1時", "parking_rate": "每1小時20元", "service_time": "每日/00:00-24:00", "address": "台北市中山區建國北路高架橋下停車場(八德路-民族東路)", "telephone": "02-26550818", "floors": "1F"}}, {"type": "Feature", "geometry": {"type": "Point", "coordinates": [121.56111, 25.04858]}, "properties": {"station_id": "28371994-STP4180001", "station_name": "中崙高中站", "district": "松山區", "city": "taipei", "operator_name": "寶盛國際股份有限公司", "charging_points": 7, "available": 0, "occupied": 0, "availability_pct": 0, "charging_rate": "計時/每日/0元每1時", "parking_rate": "每1小時0元", "service_time": "每日/00:00-24:00", "address": "台北市松山區八德路4段101號B2停車場", "telephone": "02-26550818", "floors": "B2"}}, {"type": "Feature", "geometry": {"type": "Point", "coordinates": [121.5612, 25.04796]}, "properties": {"station_id": "28371994-STP4170001", "station_name": "偶戲博物館站", "district": "松山區", "city": "taipei", "operator_name": "寶盛國際股份有限公司", "charging_points": 2, "available": 0, "occupied": 0, "availability_pct": 0, "charging_rate": "計時/每日/0元每1時", "parking_rate": "每1小時0元", "service_time": "每日/00:00-24:00", "address": "台北市松山區市民大道5段99號B1停車場", "telephone": "02-26550818", "floors": "B1"}}, {"type": "Feature", "geometry": {"type": "Point", "coordinates": [121.50912, 25.04289]}, "properties": {"station_id": "28371994-STP4340001", "station_name": "中山堂站", "district": "中正區", "city": "taipei", "operator_name": "寶盛國際股份有限公司", "charging_points": 9, "available": 0, "occupied": 0, "availability_pct": 0, "charging_rate": "計時/每日/0元每1時", "parking_rate": "每1小時0元", "service_time": "每日/00:00-24:00", "address": "台北市中正區延平南路98號地下停車場", "telephone": "02-26550818", "floors": "B1"}}, {"type": "Feature", "geometry": {"type": "Point", "coordinates": [121.55668, 25.04109]}, "properties": {"station_id": "28371994-STP5850001", "station_name": "僑安站", "district": "大安區", "city": "taipei", "operator_name": "寶盛國際股份有限公司", "charging_points": 8, "available": 0, "occupied": 0, "availability_pct": 0, "charging_rate": "計時/每日/0元每1時", "parking_rate": "每1小時0元", "service_time": "每日/00:00-24:00", "address": "台北市大安區忠孝東路四段306號B1-B3停車場", "telephone": "02-26550818", "floors": "B1"}}, {"type": "Feature", "geometry": {"type": "Point", "coordinates": [121.5627, 25.05608]}, "properties": {"station_id": "28371994-STP7430001", "station_name": "健康國小站", "district": "松山區", "city": "taipei", "operator_name": "寶盛國際股份有限公司", "charging_points": 4, "available": 0, "occupied": 0, "availability_pct": 0, "charging_rate": "計時/每日/0元每1時", "parking_rate": "每1小時0元", "service_time": "每日/00:00-24:00", "address": "台北市松山區延壽街168號B1-B2停車場(由三民路43巷入場)", "telephone": "02-26550818", "floors": "B1"}}, {"type": "Feature", "geometry": {"type": "Point", "coordinates": [121.5492, 25.04993]}, "properties": {"station_id": "28371994-STP4900001", "station_name": "台北小巨蛋站", "district": "松山區", "city": "taipei", "operator_name": "寶盛國際股份有限公司", "charging_points": 8, "available": 3, "occupied": 5, "availability_pct": 38, "charging_rate": "計時/每日/5元每1度", "parking_rate": "每1小時0元", "service_time": "每日/00:00-24:00", "address": "台北市松山區南京東路四段2號B1-B2", "telephone": "02-26550818", "floors": "B1"}}, {"type": "Feature", "geometry": {"type": "Point", "coordinates": [121.52055, 25.04827]}, "properties": {"station_id": "28371994-STP5990001", "station_name": "市民大道-公中站", "district": "中山區", "city": "taipei", "operator_name": "寶盛國際股份有限公司", "charging_points": 8, "available": 0, "occupied": 0, "availability_pct": 0, "charging_rate": "計度/固定/8元每度", "parking_rate": "每1小時0元", "service_time": "每日/00:00-24:00", "address": "台北市中山區市民大道公園路至中山北路地下停車場(鄰近市民大道一段256號)", "telephone": "02-26550818", "floors": "B1"}}, {"type": "Feature", "geometry": {"type": "Point", "coordinates": [121.51009, 25.05036]}, "properties": {"station_id": "28371994-STP6000001", "station_name": "市民大道-塔城站", "district": "大同區", "city": "taipei", "operator_name": "寶盛國際股份有限公司", "charging_points": 8, "available": 0, "occupied": 0, "availability_pct": 0, "charging_rate": "計度/固定/8元每度", "parking_rate": "每1小時0元", "service_time": "每日/00:00-24:00", "address": "台北市大同區西寧北路至塔城街地下停車場(鄰近大同區鄭州路139號)", "telephone": "02-26550818", "floors": "B1"}}, {"type": "Feature", "geometry": {"type": "Point", "coordinates": [121.52257, 25.08971]}, "properties": {"station_id": "28371994-STP6010001", "station_name": "承德公園站", "district": "士林區", "city": "taipei", "operator_name": "寶盛國際股份有限公司", "charging_points": 4, "available": 0, "occupied": 0, "availability_pct": 0, "charging_rate": "計度/固定/5元每度", "parking_rate": "每1小時0元", "service_time": "每日/00:00-24:00", "address": "台北市士林區基河路150號B1-B2停車場", "telephone": "02-26550818", "floors": "B1"}}]}