{"type": "FeatureCollection", "features": [{"type": "Feature", "geometry": {"type": "Point", "coordinates": [121.53387, 25.01912]}, "properties": {"station_id": "TPE0201U03", "station_name": "國立臺灣大學新南地下停車場", "district": "大安區", "city": "taipei", "operator_name": "華城電能科技股份有限公司", "charging_points": 3, "available": 2, "occupied": 1, "availability_pct": 67, "charging_rate": "AC/計度/一般/ 7.8000元每度", "parking_rate": "平日40元/時，假日40元/時", "service_time": "每日/00:00-24:00", "address": "羅斯福路4段1號", "telephone": "33663366", "floors": "B1"}}, {"type": "Feature", "geometry": {"type": "Point", "coordinates": [121.54554, 25.15487]}, "properties": {"station_id": "TPE0383", "station_name": "陽明山第二停車場", "district": "北投區", "city": "taipei", "operator_name": "華城電能科技股份有限公司", "charging_points": 3, "available": 2, "occupied": 1, "availability_pct": 67, "charging_rate": "AC/計度/一般/ 0.00元每度,AC/計度/尖峰/ 0.00元每度,AC/計度/離峰/ 0.00元每度", "parking_rate": "20元/時(周一~周五)，30元/時(周六~周日)", "service_time": "每日/00:00-24:00", "address": "陽金公路(陽明山國家公園遊客服務中心對面)", "telephone": "0975-024268或(02)26546264", "floors": "1"}}, {"type": "Feature", "geometry": {"type": "Point", "coordinates": [121.51493, 25.07649]}, "properties": {"station_id": "TPE0126", "station_name": "慶昌橋下停車場", "district": "大同區", "city": "taipei", "operator_name": "華城電能科技股份有限公司", "charging_points": 2, "available": 1, "occupied": 1, "availability_pct": 50, "charging_rate": "AC/計度/一般/ 8.000元每度", "parking_rate": "30元/時", "service_time": "每日/00:00-24:00", "address": "哈密街59巷-延平北路", "telephone": "2759-0666", "floors": "1"}}, {"type": "Feature", "geometry": {"type": "Point", "coordinates": [121.53069, 25.09596]}, "properties": {"station_id": "TPE0852", "station_name": "福林公園地下停車場", "district": "士林區", "city": "taipei", "operator_name": "華城電能科技股份有限公司", "charging_points": 6, "available": 4, "occupied": 2, "availability_pct": 67, "charging_rate": "AC/計度/一般/ 8.000元每度", "parking_rate": "30元/時", "service_time": "每日/00:00-24:00", "address": "中正路17號地下", "telephone": "0228830481", "floors": "B1"}}, {"type": "Feature", "geometry": {"type": "Point", "coordinates": [121.53733, 25.03186]}, "properties": {"station_id": "TPE0095", "station_name": "大安森林公園地下停車場", "district": "大安區", "city": "taipei", "operator_name": "源點科技股份有限公司", "charging_points": 37, "available": 18, "occupied": 19, "availability_pct": 49, "charging_rate": "計度/每度8.00元", "parking_rate": "每小時20元", "service_time": "每日/00:00~24:00", "address": "建國南路2段2號地下", "telephone": "022709-2940", "floors": "B2"}}, {"type": "Feature", "geometry": {"type": "Point", "coordinates": [121.55833, 25.04905]}, "properties": {"station_id": "TPE0009", "station_name": "光復北路平面停車場", "district": "松山區", "city": "taipei", "operator_name": "源點科技股份有限公司", "charging_points": 3, "available": 1, "occupied": 2, "availability_pct": 33, "charging_rate": "計度/每度8.00元", "parking_rate": "每小時50元", "service_time": "每日/07:00~20:00", "address": "八德路4段17巷9號", "telephone": "0227590666", "floors": "1"}}, {"type": "Feature", "geometry": {"type": "Point", "coordinates": [121.59294, 25.05329]}, "properties": {"station_id": "TPE0722", "station_name": "玉成國小地下停車場", "district": "南港區", "city": "taipei", "operator_name": "寶盛國際股份有限公司", "charging_points": 6, "available": 2, "occupied": 4, "availability_pct": 33, "charging_rate": "計時/每日/5元每0.5時", "parking_rate": "每0.5小時10元", "service_time": "每日/00:00-24:00", "address": "昆陽街23號地下(地下共2層)", "telephone": "022655-0818", "floors": "B2"}}, {"type": "Feature", "geometry": {"type": "Point", "coordinates": [121.57417, 25.03203]}, "properties": {"station_id": "TPE1004", "station_name": "松德大樓地下停車場", "district": "信義區", "city": "taipei", "operator_name": "源點科技股份有限公司", "charging_points": 2, "available": 1, "occupied": 1, "availability_pct": 50, "charging_rate": "計度/每度8.00元", "parking_rate": "每小時40元", "service_time": "每日/00:00~24:00", "address": "松德路300號地下2層", "telephone": "0227274168", "floors": "B2"}}, {"type": "Feature", "geometry": {"type": "Point", "coordinates": [121.53157, 25.02958]}, "properties": {"station_id": "TPE0086", "station_name": "金華公園地下停車場", "district": "大安區", "city": "taipei", "operator_name": "源點科技股份有限公司", "charging_points": 5, "available": 4, "occupied": 1, "availability_pct": 80, "charging_rate": "計度/每度8.00元", "parking_rate": "每小時50元", "service_time": "每日/00:00~24:00", "address": "金華街190號地下", "telephone": "022357-8564", "floors": "B1"}}, {"type": "Feature", "geometry": {"type": "Point", "coordinates": [121.54232, 25.06443]}, "properties": {"station_id": "TPE1128", "station_name": "五常街臨時平面停車場", "district": "中山區", "city": "taipei", "operator_name": "源點科技股份有限公司", "charging_points": 2, "available": 0, "occupied": 2, "availability_pct": 0, "charging_rate": "計度/每度8.00元", "parking_rate": "每小時40元", "service_time": "周一至周六/09:00~17:00", "address": "五常街與民權東路3段39巷口", "telephone": "27590666", "floors": "1"}}, {"type": "Feature", "geometry": {"type": "Point", "coordinates": [121.52991, 25.01378]}, "properties": {"station_id": "TPE0762", "station_name": "國立臺灣大學水源校區平面停車場", "district": "中正區", "city": "taipei", "operator_name": "華城電能科技股份有限公司", "charging_points": 4, "available": 4, "occupied": 0, "availability_pct": 100, "charging_rate": "AC/計度/一般/ 7.8000元每度", "parking_rate": "平日40元/時，假日40元/時", "service_time": "每日/00:00-24:00", "address": "思源街18號", "telephone": "3366-3366", "floors": "1"}}, {"type": "Feature", "geometry": {"type": "Point", "coordinates": [121.53892, 25.15513]}, "properties": {"station_id": "TPE0160", "station_name": "陽明山立體停車場", "district": "北投區", "city": "taipei", "operator_name": "華城電能科技股份有限公司", "charging_points": 6, "available": 6, "occupied": 0, "availability_pct": 100, "charging_rate": "AC/計度/一般/ 0.00元每度,AC/計度/尖峰/ 0.00元每度,AC/計度/離峰/ 0.00元每度", "parking_rate": "30元/時", "service_time": "每日/00:00-24:00", "address": "湖山路(陽明山公園大門口旁)", "telephone": "0975-024268或(02)26546264", "floors": "1"}}, {"type": "Feature", "geometry": {"type": "Point", "coordinates": [121.61064, 25.0665]}, "properties": {"station_id": "TPE0358", "station_name": "南湖高中運動中心停車場", "district": "內湖區", "city": "taipei", "operator_name": "舞動陽光有限公司內湖營業所", "charging_points": 1, "available": 1, "occupied": 0, "availability_pct": 100, "charging_rate": "計度/尖峰/16:00-22:00/7.00 元每度, 計度/半尖峰/09:00-16:00/7.00 元每度, 計度/半尖峰/22:00-23:59/7.00 元每度, 計度/半尖峰/06:00-11:00/7.00 元每度, 計度/半尖峰/14:00-23:59/7.00 元每度, 計度/離峰/23:59-09:00/7.00 元每度, 計度/離峰/23:59-06:00/7.00 元每度, 計度/離峰/11:00-14:00/7.00 元每度, 計度/半尖峰/09:00-23:59/7.00 元每度", "parking_rate": "免費", "service_time": "星期一：00:00～23:59\n星期二：00:00～23:59\n星期三：00:00～23:59\n星期四：00:00～23:59\n星期五：00:00～23:59\n星期六：00:00～23:59\n星期日：00:00～23:59", "address": "康寧路3段220號地下2層", "telephone": "0226341717", "floors": "B1"}}, {"type": "Feature", "geometry": {"type": "Point", "coordinates": [121.50309, 25.11856]}, "properties": {"station_id": "TPE0723", "station_name": "立農公園地下停車場", "district": "北投區", "city": "taipei", "operator_name": "華城電能科技股份有限公司", "charging_points": 5, "available": 5, "occupied": 0, "availability_pct": 100, "charging_rate": "AC/計度/一般/ 8.000元每度,AC/計度/尖峰/ 8.000元每度,AC/計度/離峰/ 8.000元每度", "parking_rate": "30元/時", "service_time": "每日/00:00-24:00", "address": "承德路7段372號地下層", "telephone": "0227233628", "floors": "B1"}}, {"type": "Feature", "geometry": {"type": "Point", "coordinates": [121.52132, 25.08603]}, "properties": {"station_id": "TPE0062", "station_name": "前港公園地下停車場", "district": "士林區", "city": "taipei", "operator_name": "華城電能科技股份有限公司", "charging_points": 15, "available": 15, "occupied": 0, "availability_pct": 100, "charging_rate": "AC/計度/一般/ 8.000元每度,AC/計度/尖峰/ 8.000元每度,AC/計度/離峰/ 8.000元每度", "parking_rate": "20元/02:00~19:00，40元/19:00~02:00", "service_time": "每日/00:00-24:00", "address": "前港街45號地下", "telephone": "0228817033", "floors": "B1"}}, {"type": "Feature", "geometry": {"type": "Point", "coordinates": [121.5867, 25.03714]}, "properties": {"station_id": "TPE1123", "station_name": "瑠公國中停車場", "district": "信義區", "city": "taipei", "operator_name": "華城電能科技股份有限公司", "charging_points": 1, "available": 1, "occupied": 0, "availability_pct": 100, "charging_rate": "AC/計度/一般/ 8元每度", "parking_rate": "AC/計度/一般/ 8元每度", "service_time": "每日/00:00-24:00", "address": "福德街221巷15號", "telephone": "0227261481#401", "floors": "1"}}, {"type": "Feature", "geometry": {"type": "Point", "coordinates": [121.5344, 25.01274]}, "properties": {"station_id": "TPE1323", "station_name": "水源停車場", "district": "中正區", "city": "taipei", "operator_name": "特爾電力股份有限公司", "charging_points": 1, "available": 1, "occupied": 0, "availability_pct": 100, "charging_rate": "計時/固定/1元每分", "parking_rate": "計時/平日/40元每小時，計時/假日/60元每小時", "service_time": "7x24小時", "address": "汀州路3段140巷內空地", "telephone": "83695098", "floors": "1"}}, {"type": "Feature", "geometry": {"type": "Point", "coordinates": [121.56913, 25.03966]}, "properties": {"station_id": "TPE0253", "station_name": "中油大樓停車場", "district": "信義區", "city": "taipei", "operator_name": "源點科技股份有限公司", "charging_points": 8, "available": 7, "occupied": 1, "availability_pct": 88, "charging_rate": "計度/每度8.50元", "parking_rate": "每小時30元", "service_time": "每日/07:00~23:00", "address": "松仁路3號地下1至5層", "telephone": "0287258847", "floors": "B3"}}, {"type": "Feature", "geometry": {"type": "Point", "coordinates": [121.5659, 25.02885]}, "properties": {"station_id": "TPE0567", "station_name": "臺北市災害應變中心地下停車場", "district": "信義區", "city": "taipei", "operator_name": "源點科技股份有限公司", "charging_points": 4, "available": 2, "occupied": 2, "availability_pct": 50, "charging_rate": "計度/每度8.00元", "parking_rate": "每小時30元", "service_time": "每日/00:00~24:00", "address": "莊敬路391巷11弄2號地下", "telephone": "0223453859", "floors": "B1"}}, {"type": "Feature", "geometry": {"type": "Point", "coordinates": [121.50361, 25.13494]}, "properties": {"station_id": "TPE0607", "station_name": "北投國中教職員工停車場", "district": "北投區", "city": "taipei", "operator_name": "思納捷科技股份有限公司", "charging_points": 1, "available": 1, "occupied": 0, "availability_pct": 100, "charging_rate": "計分/固定/ 8.5 元每分", "parking_rate": "校園案預設'以分計費'", "service_time": "夜間 19:00-07:00", "address": "溫泉路62號地下1層", "telephone": "0228912091", "floors": "1"}}, {"type": "Feature", "geometry": {"type": "Point", "coordinates": [121.56212, 25.03653]}, "properties": {"station_id": "TPE0096", "station_name": "府前廣場地下停車場", "district": "信義區", "city": "taipei", "operator_name": "寶盛國際股份有限公司", "charging_points": 40, "available": 1, "occupied": 39, "availability_pct": 2, "charging_rate": "計時/每日/0元每1時", "parking_rate": "每1小時0元", "service_time": "每日/00:00-24:00", "address": "松壽路1號(地下共2層)", "telephone": "0226550818", "floors": "B1"}}, {"type": "Feature", "geometry": {"type": "Point", "coordinates": [121.53209, 25.05535]}, "properties": {"station_id": "TPE0015", "station_name": "長春路平面停車場", "district": "中山區", "city": "taipei", "operator_name": "源點科技股份有限公司", "charging_points": 2, "available": 1, "occupied": 1, "availability_pct": 50, "charging_rate": "計度/每度8.00元", "parking_rate": "每小時40元", "service_time": "周一至周六/07:00~20:00", "address": "松江路160巷5-5號旁", "telephone": "2759-0666", "floors": "1"}}, {"type": "Feature", "geometry": {"type": "Point", "coordinates": [121.56407, 25.04407]}, "properties": {"station_id": "TPE0072", "station_name": "松山高中地下停車場", "district": "信義區", "city": "taipei", "operator_name": "源點科技股份有限公司", "charging_points": 6, "available": 4, "occupied": 2, "availability_pct": 67, "charging_rate": "計度/每度8.00元", "parking_rate": "每小時30元", "service_time": "每日/00:00~24:00", "address": "基隆路1段156號地下", "telephone": "0227685492", "floors": "B1"}}, {"type": "Feature", "geometry": {"type": "Point", "coordinates": [121.547, 25.01393]}, "properties": {"station_id": "TPE1012", "station_name": "國立臺灣大學生醫工程館地下停車場", "district": "大安區", "city": "taipei", "operator_name": "華城電能科技股份有限公司", "charging_points": 3, "available": 3, "occupied": 0, "availability_pct": 100, "charging_rate": "AC/計度/一般/ 7.8000元每度", "parking_rate": "平日40元/時，假日40元/時", "service_time": "每日/00:00-24:00", "address": "芳蘭路49號", "telephone": "3366-3366", "floors": "B2"}}, {"type": "Feature", "geometry": {"type": "Point", "coordinates": [121.50421, 25.13113]}, "properties": {"station_id": "TPE0169", "station_name": "大豐公園地下停車場", "district": "北投區", "city": "taipei", "operator_name": "華城電能科技股份有限公司", "charging_points": 6, "available": 2, "occupied": 4, "availability_pct": 33, "charging_rate": "AC/計度/一般/ 8.000元每度,AC/計度/尖峰/ 8.000元每度,AC/計度/離峰/ 8.000元每度", "parking_rate": "40元/7:00~22:00，10元/22:00~7:00", "service_time": "每日/00:00-24:00", "address": "大興街145號地下", "telephone": "0228921209", "floors": "B1"}}, {"type": "Feature", "geometry": {"type": "Point", "coordinates": [121.49159, 25.02783]}, "properties": {"station_id": "TPE0288", "station_name": "雙園國中地下停車場", "district": "萬華區", "city": "taipei", "operator_name": "華城電能科技股份有限公司", "charging_points": 8, "available": 6, "occupied": 2, "availability_pct": 75, "charging_rate": "AC/計度/一般/ 0.00元每度", "parking_rate": "30元/8:00~22:00，10元/22:00~8:00", "service_time": "每日/00:00-24:00", "address": "西園路2段320巷55弄3號地下", "telephone": "23016115", "floors": "B1"}}, {"type": "Feature", "geometry": {"type": "Point", "coordinates": [121.54873, 25.0159]}, "properties": {"station_id": "TPE1593", "station_name": "辛亥水安停車場", "district": "大安區", "city": "taipei", "operator_name": "華城電能科技股份有限公司", "charging_points": 1, "available": 0, "occupied": 0, "availability_pct": 0, "charging_rate": "AC/計度/一般/ 0元每度", "parking_rate": "AC/計度/一般/ 0元每度", "service_time": "每日/00:00-24:00", "address": "長興街131號", "telephone": "83695104", "floors": "1"}}, {"type": "Feature", "geometry": {"type": "Point", "coordinates": [121.52761, 25.09327]}, "properties": {"station_id": "TPE0514", "station_name": "USPACE 福林第二停車場", "district": "士林區", "city": "taipei", "operator_name": "特爾電力股份有限公司", "charging_points": 4, "available": 2, "occupied": 2, "availability_pct": 50, "charging_rate": "計度/尖峰/12.5元每度，計度/離峰/6.5元每度", "parking_rate": "電動汽車充電不收停車費", "service_time": "7x24小時", "address": "中山北路5段465號旁空地", "telephone": "0277518097", "floors": "1"}}, {"type": "Feature", "geometry": {"type": "Point", "coordinates": [121.50666, 25.047]}, "properties": {"station_id": "TPE1726", "station_name": "福星社會住宅地下停車場", "district": "萬華區", "city": "taipei", "operator_name": "威瀧實業有限公司", "charging_points": 4, "available": 3, "occupied": 1, "availability_pct": 75, "charging_rate": "計度/固定/8 元每度", "parking_rate": "計時/每日/20 元每小時", "service_time": "7x24 小時或 每日/00:00-24:00", "address": "開封街2段37號地下1至4層", "telephone": "29441489#0", "floors": "B2"}}, {"type": "Feature", "geometry": {"type": "Point", "coordinates": [121.5377, 25.04604]}, "properties": {"station_id": "TPE0120", "station_name": "進安公園地下停車場", "district": "中山區", "city": "taipei", "operator_name": "千斗開發有限公司", "charging_points": 3, "available": 3, "occupied": 0, "availability_pct": 100, "charging_rate": "計度/固定/8元每度", "parking_rate": "計時/每日/30元/每小時", "service_time": "7x24 小時", "address": "八德路2段158號地下1至3層", "telephone": "2502-3333", "floors": "B1"}}, {"type": "Feature", "geometry": {"type": "Point", "coordinates": [121.56641, 25.03716]}, "properties": {"station_id": "TPE0070", "station_name": "松壽廣場地下停車場", "district": "信義區", "city": "taipei", "operator_name": "寶盛國際股份有限公司", "charging_points": 8, "available": 3, "occupied": 5, "availability_pct": 38, "charging_rate": "計時/每日/0元每1時", "parking_rate": "每1小時0元", "service_time": "每日/00:00-24:00", "address": "松智路15號（地下共3層）", "telephone": "0226550818", "floors": "B1"}}, {"type": "Feature", "geometry": {"type": "Point", "coordinates": [121.57049, 25.02596]}, "properties": {"station_id": "TPE1110", "station_name": "信義路5段150巷臨時平面停車場", "district": "信義區", "city": "taipei", "operator_name": "源點科技股份有限公司", "charging_points": 2, "available": 1, "occupied": 1, "availability_pct": 50, "charging_rate": "計度/每度8.00元", "parking_rate": "每小時20元", "service_time": "每日/00:00~24:00", "address": "信義路5段150巷與信義路5段150巷342弄交叉口", "telephone": "0800208333", "floors": "1"}}, {"type": "Feature", "geometry": {"type": "Point", "coordinates": [121.51803, 25.07116]}, "properties": {"station_id": "TPE1861", "station_name": "大龍峒社會住宅地下停車場", "district": "大同區", "city": "taipei", "operator_name": "助安企業股份有限公司大龍峒社會住宅地下停車場", "charging_points": 2, "available": 2, "occupied": 0, "availability_pct": 100, "charging_rate": "慢充每度8元", "parking_rate": "30", "service_time": "24H", "address": "承德路3段212、212-2號地上1層及地下1至3層", "telephone": "0227546661", "floors": "1F"}}, {"type": "Feature", "geometry": {"type": "Point", "coordinates": [121.49002, 25.03341]}, "properties": {"station_id": "TPE1904", "station_name": "台灣聯通萬華安居A停車場", "district": "萬華區", "city": "taipei", "operator_name": "皇鋒通訊股份有限公司", "charging_points": 2, "available": 2, "occupied": 0, "availability_pct": 100, "charging_rate": "計度/10元每度", "parking_rate": "計時/每日/100元每小時,全程以半小時計", "service_time": "每日/00:00-24:00", "address": "環河南路2段250巷23號地下1至2層", "telephone": "25235000", "floors": "B1"}}, {"type": "Feature", "geometry": {"type": "Point", "coordinates": [121.49071, 25.03312]}, "properties": {"station_id": "TPE1905", "station_name": "台灣聯通萬華安居B停車場", "district": "萬華區", "city": "taipei", "operator_name": "皇鋒通訊股份有限公司", "charging_points": 2, "available": 2, "occupied": 0, "availability_pct": 100, "charging_rate": "計度/10元每度", "parking_rate": "計時/每日/100元每小時,全程以半小時計", "service_time": "每日/00:00-24:00", "address": "環河南路2段250巷21號地下1至2層", "telephone": "25235000", "floors": "B1"}}, {"type": "Feature", "geometry": {"type": "Point", "coordinates": [121.57785, 25.06257]}, "properties": {"station_id": "TPE1908", "station_name": "舊宗社會住宅地下停車場", "district": "內湖區", "city": "taipei", "operator_name": "助安企業股份有限公司舊宗社會住宅地下停車場", "charging_points": 1, "available": 0, "occupied": 1, "availability_pct": 0, "charging_rate": "慢充每度8元", "parking_rate": "30", "service_time": "24H", "address": "舊宗路1段185號地下1至3層", "telephone": "0227546661", "floors": "1F"}}, {"type": "Feature", "geometry": {"type": "Point", "coordinates": [121.53533, 25.00382]}, "properties": {"station_id": "TPE0379", "station_name": "水源快速道路高架橋下", "district": "文山區", "city": "taipei", "operator_name": "源點科技股份有限公司", "charging_points": 4, "available": 3, "occupied": 1, "availability_pct": 75, "charging_rate": "計度/每度8.00元", "parking_rate": "每小時20元", "service_time": "每日/09:00~17:00", "address": "汀州路4段51號至137巷間", "telephone": "2759-0666", "floors": "1"}}, {"type": "Feature", "geometry": {"type": "Point", "coordinates": [121.56822, 25.04027]}, "properties": {"station_id": "TPE0230", "station_name": "忠信廣場地下停車場", "district": "信義區", "city": "taipei", "operator_name": "源點科技股份有限公司", "charging_points": 8, "available": 3, "occupied": 5, "availability_pct": 38, "charging_rate": "計度/每度8.00元", "parking_rate": "每小時50元", "service_time": "每日/00:00~24:00", "address": "松仁路2號地下", "telephone": "0223459578", "floors": "B1"}}, {"type": "Feature", "geometry": {"type": "Point", "coordinates": [121.60553, 25.07253]}, "properties": {"station_id": "TPE0300", "station_name": "康寧平面停車場", "district": "內湖區", "city": "taipei", "operator_name": "源點科技股份有限公司", "charging_points": 2, "available": 2, "occupied": 0, "availability_pct": 100, "charging_rate": "計度/每度8.00元", "parking_rate": "每小時20元", "service_time": "每日/00:00~24:00", "address": "民權東路6段與民權東路6段296巷口", "telephone": "0226550818", "floors": "1"}}, {"type": "Feature", "geometry": {"type": "Point", "coordinates": [121.57207, 25.08573]}, "properties": {"station_id": "TPE0381", "station_name": "環山平面停車場", "district": "內湖區", "city": "taipei", "operator_name": "源點科技股份有限公司", "charging_points": 2, "available": 2, "occupied": 0, "availability_pct": 100, "charging_rate": "計度/每度8.00元", "parking_rate": "每小時20元", "service_time": "每日/00:00~24:00", "address": "環山路2段與內湖路1段411巷口", "telephone": "02-27546661", "floors": "1"}}, {"type": "Feature", "geometry": {"type": "Point", "coordinates": [121.54997, 25.01887]}, "properties": {"station_id": "TPE0593", "station_name": "臺北市芳和實驗中學", "district": "大安區", "city": "taipei", "operator_name": "鋐城科技股份有限公司", "charging_points": 5, "available": 5, "occupied": 0, "availability_pct": 100, "charging_rate": "測試中，不計費", "parking_rate": "計月/2500 元每月", "service_time": "每日/00:00-24:00", "address": "臥龍街170號", "telephone": "2732-1961#504", "floors": "1"}}, {"type": "Feature", "geometry": {"type": "Point", "coordinates": [121.54503, 25.01177]}, "properties": {"station_id": "TPE1011", "station_name": "國立臺灣大學芳蘭第一平面停車場", "district": "大安區", "city": "taipei", "operator_name": "華城電能科技股份有限公司", "charging_points": 1, "available": 1, "occupied": 0, "availability_pct": 100, "charging_rate": "AC/計度/一般/ 7.8000元每度", "parking_rate": "平日40元/時，假日40元/時", "service_time": "每日/00:00-24:00", "address": "芳蘭路71號(環境研究大樓)", "telephone": "3366-3366", "floors": "1"}}, {"type": "Feature", "geometry": {"type": "Point", "coordinates": [121.46245, 25.11868]}, "properties": {"station_id": "TPE0399", "station_name": "關渡水岸自然公園平面停車場", "district": "北投區", "city": "taipei", "operator_name": "華城電能科技股份有限公司", "charging_points": 9, "available": 3, "occupied": 6, "availability_pct": 33, "charging_rate": "AC/計度/一般/ 8.0元每度", "parking_rate": "50元/時", "service_time": "每日/00:00-24:00", "address": "知行路360號(關渡宮)對面空地", "telephone": "(02)27057716", "floors": "1"}}, {"type": "Feature", "geometry": {"type": "Point", "coordinates": [121.61584, 25.06855]}, "properties": {"station_id": "TPE0360", "station_name": "東湖國小地下停車場", "district": "內湖區", "city": "taipei", "operator_name": "華城電能科技股份有限公司", "charging_points": 10, "available": 8, "occupied": 2, "availability_pct": 80, "charging_rate": "AC/計度/一般/ 8.000元每度,AC/計度/尖峰/ 0.00元每度,AC/計度/離峰/ 0.00元每度", "parking_rate": "30元/8:00~18:00，20元/18:00~8:00", "service_time": "每日/00:00-24:00", "address": "東湖路115號之1地下", "telephone": "0226306731", "floors": "B1"}}, {"type": "Feature", "geometry": {"type": "Point", "coordinates": [121.5073, 25.02492]}, "properties": {"station_id": "TPE0305", "station_name": "青年公園高爾夫球場地下停車場", "district": "萬華區", "city": "taipei", "operator_name": "華城電能科技股份有限公司", "charging_points": 8, "available": 6, "occupied": 2, "availability_pct": 75, "charging_rate": "AC/計度/一般/ 8.000元每度,AC/計度/尖峰/ 8.000元每度,AC/計度/離峰/ 8.000元每度", "parking_rate": "30元/時", "service_time": "每日/00:00-24:00", "address": "國興路5號地下共2層", "telephone": "23379616", "floors": "B1"}}, {"type": "Feature", "geometry": {"type": "Point", "coordinates": [121.53512, 25.01092]}, "properties": {"station_id": "TPE0251", "station_name": "公館停車場", "district": "中正區", "city": "taipei", "operator_name": "特爾電力股份有限公司", "charging_points": 3, "available": 3, "occupied": 0, "availability_pct": 100, "charging_rate": "計時/固定/1元每分", "parking_rate": "計時/平日/40元每小時，計時/假日/50元每小時", "service_time": "7x24小時", "address": "汀州路3段230巷內空地", "telephone": "8369-5098", "floors": "1"}}, {"type": "Feature", "geometry": {"type": "Point", "coordinates": [121.52322, 25.04314]}, "properties": {"station_id": "TPE1585", "station_name": "臺北市立成功高級中學綜合大樓地下停車場", "district": "中正區", "city": "taipei", "operator_name": "舞動陽光股份有限公司成功營業所", "charging_points": 1, "available": 1, "occupied": 0, "availability_pct": 100, "charging_rate": "計度/尖峰/09:00-23:59/7.00 元每度, 計度/尖峰/06:00-11:00/7.00 元每度, 計度/尖峰/14:00-23:59/7.00 元每度, 計度/離峰/23:59-09:00/7.00 元每度, 計度/離峰/23:59-06:00/7.00 元每度, 計度/離峰/11:00-14:00/7.00 元每度, 計度/半尖峰/09:00-23:59/7.00 元每度, 計度/半尖峰/06:00-11:00/7.00 元每度, 計度/半尖峰/14:00-23:59/7.00 元每度, ", "parking_rate": "計時/每日/20 元每小時", "service_time": "星期一：00:00～23:59\n星期二：00:00～23:59\n星期三：00:00～23:59\n星期四：00:00～23:59\n星期五：00:00～23:59\n星期六：00:00～23:59\n星期日：00:00～23:59", "address": "濟南路1段71號地下2層", "telephone": "2321-8222", "floors": "B2"}}, {"type": "Feature", "geometry": {"type": "Point", "coordinates": [121.56934, 25.07935]}, "properties": {"station_id": "TPE1634", "station_name": "洲子站", "district": "內湖區", "city": "taipei", "operator_name": "創玖科技股份有限公司", "charging_points": 1, "available": 0, "occupied": 0, "availability_pct": 0, "charging_rate": "計度/固定/8.00元每度", "parking_rate": "計時/每日/40元每小時", "service_time": "每日/00:00-24:00", "address": "瑞光路513巷22弄2號地下1層", "telephone": "0227995657", "floors": "B1"}}, {"type": "Feature", "geometry": {"type": "Point", "coordinates": [121.54052, 24.99052]}, "properties": {"station_id": "TPE0121", "station_name": "景文平面停車場", "district": "文山區", "city": "taipei", "operator_name": "源點科技股份有限公司", "charging_points": 2, "available": 2, "occupied": 0, "availability_pct": 100, "charging_rate": "計度/每度8.00元", "parking_rate": "每小時30元", "service_time": "每日/00:00~24:00", "address": "景文街90巷內廣場停車場", "telephone": "2759-0666", "floors": "1"}}, {"type": "Feature", "geometry": {"type": "Point", "coordinates": [121.57351, 25.03148]}, "properties": {"station_id": "TPE0238", "station_name": "松德臨時平面停車場", "district": "信義區", "city": "taipei", "operator_name": "源點科技股份有限公司", "charging_points": 2, "available": 1, "occupied": 1, "availability_pct": 50, "charging_rate": "計度/每度8.00元", "parking_rate": "每小時30元", "service_time": "每日/00:00~24:00", "address": "松德路底(中強公園旁)", "telephone": "0800208333", "floors": "1"}}, {"type": "Feature", "geometry": {"type": "Point", "coordinates": [121.55136, 25.00071]}, "properties": {"station_id": "TPE0715", "station_name": "興隆公園地下停車場", "district": "文山區", "city": "taipei", "operator_name": "源點科技股份有限公司", "charging_points": 7, "available": 7, "occupied": 0, "availability_pct": 100, "charging_rate": "計度/每度8.00元", "parking_rate": "每小時20元", "service_time": "每日/00:00~24:00", "address": "仙岩路128號地下", "telephone": "2759-0666", "floors": "B1"}}, {"type": "Feature", "geometry": {"type": "Point", "coordinates": [121.52359, 25.08583]}, "properties": {"station_id": "TPE0058", "station_name": "百齡高中地下停車場", "district": "士林區", "city": "taipei", "operator_name": "日月亭股份有限公司百齡高中營業所", "charging_points": 5, "available": 4, "occupied": 1, "availability_pct": 80, "charging_rate": "計度/固定/8元每度", "parking_rate": "計時:週一 ~ 周四 AM 09：00 ~ PM 22：00  40/1H PM 22：00 ~ AM 09：00  10/1H        週五 ~ 周日及國定假日 PM 12：00 ~ AM 01：00   50/1H AM 01：00 ~ PM 12：00   10/1H", "service_time": "7*24 小時", "address": "承德路4段175號地下", "telephone": "0800021111", "floors": "B1"}}, {"type": "Feature", "geometry": {"type": "Point", "coordinates": [121.50498, 25.14065]}, "properties": {"station_id": "TPE0204", "station_name": "開勝平面停車場", "district": "北投區", "city": "taipei", "operator_name": "華城電能科技股份有限公司", "charging_points": 2, "available": 1, "occupied": 1, "availability_pct": 50, "charging_rate": "AC/計度/一般/ 8.0元每度", "parking_rate": "20元/時", "service_time": "每日/00:00-24:00", "address": "珠海路88號", "telephone": "(02)25683773", "floors": "1"}}, {"type": "Feature", "geometry": {"type": "Point", "coordinates": [121.56935, 25.07946]}, "properties": {"station_id": "TPE0654", "station_name": "洲子立體停車場", "district": "內湖區", "city": "taipei", "operator_name": "華城電能科技股份有限公司", "charging_points": 10, "available": 9, "occupied": 1, "availability_pct": 90, "charging_rate": "AC/計度/一般/ 8.000元每度,AC/計度/尖峰/ 8.000元每度,AC/計度/離峰/ 8.000元每度", "parking_rate": "40元/8:00~20:00，10元/20:00~8:00", "service_time": "每日/00:00-24:00", "address": "瑞光路513巷22弄2號", "telephone": "0287511380", "floors": "3"}}, {"type": "Feature", "geometry": {"type": "Point", "coordinates": [121.51001, 25.02385]}, "properties": {"station_id": "TPE0092", "station_name": "古亭國中地下停車場", "district": "萬華區", "city": "taipei", "operator_name": "華城電能科技股份有限公司", "charging_points": 7, "available": 7, "occupied": 0, "availability_pct": 100, "charging_rate": "AC/計度/一般/ 8.000元每度", "parking_rate": "30元/時", "service_time": "每日/00:00-24:00", "address": "中華路2段606巷1號地下", "telephone": "23390684", "floors": "B1"}}, {"type": "Feature", "geometry": {"type": "Point", "coordinates": [121.53803, 25.02407]}, "properties": {"station_id": "TPE0449", "station_name": "龍門國中地下停車場", "district": "大安區", "city": "taipei", "operator_name": "源點科技股份有限公司", "charging_points": 19, "available": 14, "occupied": 5, "availability_pct": 74, "charging_rate": "計度/每度8.00元", "parking_rate": "每小時30元", "service_time": "每日/00:00~24:00", "address": "建國南路2段269號地下", "telephone": "022732-6469", "floors": "B1"}}, {"type": "Feature", "geometry": {"type": "Point", "coordinates": [121.5684, 25.04773]}, "properties": {"station_id": "TPE1149", "station_name": "正氣橋下平面停車場", "district": "信義區", "city": "taipei", "operator_name": "源點科技股份有限公司", "charging_points": 2, "available": 1, "occupied": 1, "availability_pct": 50, "charging_rate": "計度/每度8.00元", "parking_rate": "每小時30元", "service_time": "每日/00:00~24:00", "address": "基隆路1段35巷至65號間對面", "telephone": "", "floors": "1"}}, {"type": "Feature", "geometry": {"type": "Point", "coordinates": [121.54189, 25.05407]}, "properties": {"station_id": "TPE0134", "station_name": "龍江平面停車場", "district": "中山區", "city": "taipei", "operator_name": "源點科技股份有限公司", "charging_points": 2, "available": 0, "occupied": 2, "availability_pct": 0, "charging_rate": "計度/每度8.00元", "parking_rate": "每小時30元", "service_time": "每日/00:00~24:00", "address": "龍江路155巷與遼寧街口", "telephone": "2754-6661", "floors": "1"}}, {"type": "Feature", "geometry": {"type": "Point", "coordinates": [121.58286, 24.98622]}, "properties": {"station_id": "TPE0726", "station_name": "政大三街臨時平面停車場", "district": "文山區", "city": "taipei", "operator_name": "源點科技股份有限公司", "charging_points": 2, "available": 2, "occupied": 0, "availability_pct": 100, "charging_rate": "計度/每度8.00元", "parking_rate": "每小時20元", "service_time": "每日/00:00~24:00", "address": "政大三街53號旁", "telephone": "2518-5299", "floors": "1"}}, {"type": "Feature", "geometry": {"type": "Point", "coordinates": [121.49939, 25.10973]}, "properties": {"station_id": "TPE0444", "station_name": "洲美運動公園地下停車場", "district": "北投區", "city": "taipei", "operator_name": "源點科技股份有限公司", "charging_points": 2, "available": 2, "occupied": 0, "availability_pct": 100, "charging_rate": "計度/每度8.00元", "parking_rate": "每小時20元", "service_time": "每日/00:00~24:00", "address": "洲美街271號地下1層", "telephone": "0228360050", "floors": "B1"}}, {"type": "Feature", "geometry": {"type": "Point", "coordinates": [121.50008, 25.03363]}, "properties": {"station_id": "TPE0575", "station_name": "萬華車站地下停車場", "district": "萬華區", "city": "taipei", "operator_name": "華城電能科技股份有限公司", "charging_points": 6, "available": 6, "occupied": 0, "availability_pct": 100, "charging_rate": "AC/計度/一般/ 8.000元每度,AC/計度/尖峰/ 8.000元每度,AC/計度/離峰/ 8.000元每度", "parking_rate": "平日40元/時，假日40元/時", "service_time": "每日/00:00-24:00", "address": "康定路382號地下1至2層", "telephone": "22408767", "floors": "B1"}}, {"type": "Feature", "geometry": {"type": "Point", "coordinates": [121.53135, 25.10198]}, "properties": {"station_id": "TPE0315", "station_name": "至誠平面停車場", "district": "士林區", "city": "taipei", "operator_name": "華城電能科技股份有限公司", "charging_points": 2, "available": 2, "occupied": 0, "availability_pct": 100, "charging_rate": "AC/計度/一般/ 8.000元每度", "parking_rate": "20元/時", "service_time": "每日/00:00-24:00", "address": "至誠路1段295號對面", "telephone": "(02)25573722", "floors": "1"}}, {"type": "Feature", "geometry": {"type": "Point", "coordinates": [121.60679, 25.05624]}, "properties": {"station_id": "TPE0229", "station_name": "興中立體停車場", "district": "南港區", "city": "taipei", "operator_name": "華城電能科技股份有限公司", "charging_points": 16, "available": 11, "occupied": 5, "availability_pct": 69, "charging_rate": "AC/計度/一般/ 8.000元每度,AC/計度/尖峰/ 0.00元每度,AC/計度/離峰/ 0.00元每度,AC/計度/尖峰/ 8.000元每度,AC/計度/離峰/ 8.000元每度", "parking_rate": "20元/時", "service_time": "每日/00:00-24:00", "address": "興中路44巷1號", "telephone": "0227832912", "floors": "2"}}, {"type": "Feature", "geometry": {"type": "Point", "coordinates": [121.49957, 25.02919]}, "properties": {"station_id": "TPE0690", "station_name": "萬華國中地下停車場", "district": "萬華區", "city": "taipei", "operator_name": "華城電能科技股份有限公司", "charging_points": 13, "available": 6, "occupied": 7, "availability_pct": 46, "charging_rate": "AC/計度/一般/ 8.000元每度", "parking_rate": "20元/小時", "service_time": "每日/00:00-24:00", "address": "西藏路201號地下", "telephone": "23078457", "floors": "B1"}}, {"type": "Feature", "geometry": {"type": "Point", "coordinates": [121.52424, 25.08789]}, "properties": {"station_id": "TPE1622", "station_name": "台北市公有士林市場停車場", "district": "士林區", "city": "taipei", "operator_name": "皇鋒通訊股份有限公司", "charging_points": 2, "available": 2, "occupied": 0, "availability_pct": 100, "charging_rate": "計分/ 0.9元每分", "parking_rate": "計時/每日/40元第1小時,計時/每日/50元第2小時,計時/每日/60元第3小時", "service_time": "每日/00:00-24:00", "address": "基河路101號地下3層", "telephone": "(02)28815557", "floors": "B3"}}, {"type": "Feature", "geometry": {"type": "Point", "coordinates": [121.48937, 25.03038]}, "properties": {"station_id": "TPE0754", "station_name": "環南停車場", "district": "萬華區", "city": "taipei", "operator_name": "合凌科技股份有限公司", "charging_points": 4, "available": 4, "occupied": 0, "availability_pct": 100, "charging_rate": "計時/固定/1 元每分", "parking_rate": "計時/每日/30元每小時", "service_time": "每日/00:00-24:00", "address": "環河南路2段338號4至5層", "telephone": "0932237171", "floors": "4"}}, {"type": "Feature", "geometry": {"type": "Point", "coordinates": [121.54675, 25.06083]}, "properties": {"station_id": "TPE0534", "station_name": "民有市場地下停車場", "district": "松山區", "city": "taipei", "operator_name": "源點科技股份有限公司", "charging_points": 9, "available": 3, "occupied": 6, "availability_pct": 33, "charging_rate": "計度/每度8.00元", "parking_rate": "每小時30元", "service_time": "每日/00:00~24:00", "address": "民權東路3段140巷15號地下", "telephone": "0287125731", "floors": "B1"}}, {"type": "Feature", "geometry": {"type": "Point", "coordinates": [121.56088, 25.08647]}, "properties": {"station_id": "TPE0215", "station_name": "文湖平面停車場", "district": "內湖區", "city": "taipei", "operator_name": "源點科技股份有限公司", "charging_points": 2, "available": 2, "occupied": 0, "availability_pct": 100, "charging_rate": "計度/每度8.00元", "parking_rate": "每小時20元", "service_time": "每日/00:00~24:00", "address": "文湖街21巷口文湖國小旁", "telephone": "02-27546661", "floors": "1"}}, {"type": "Feature", "geometry": {"type": "Point", "coordinates": [121.50217, 25.09135]}, "properties": {"station_id": "TPE0734", "station_name": "社子國小地下停車場", "district": "士林區", "city": "taipei", "operator_name": "千斗開發有限公司", "charging_points": 10, "available": 9, "occupied": 1, "availability_pct": 90, "charging_rate": "計度/固定/8元每度", "parking_rate": "計時/每日/20元/每小時", "service_time": "7x24 小時", "address": "延平北路6段308號地下1至3層", "telephone": "0228162810", "floors": "B1"}}, {"type": "Feature", "geometry": {"type": "Point", "coordinates": [121.55682, 24.97964]}, "properties": {"station_id": "TPE0610", "station_name": "樟新平面停車場", "district": "文山區", "city": "taipei", "operator_name": "源點科技股份有限公司", "charging_points": 2, "available": 2, "occupied": 0, "availability_pct": 100, "charging_rate": "計度/每度8.00元", "parking_rate": "每小時20元", "service_time": "每日/00:00~24:00", "address": "一壽街3巷與17巷之間", "telephone": "2518-5299", "floors": "1"}}, {"type": "Feature", "geometry": {"type": "Point", "coordinates": [121.56647, 25.03307]}, "properties": {"station_id": "TPE0334", "station_name": "信義廣場地下停車場", "district": "信義區", "city": "taipei", "operator_name": "源點科技股份有限公司", "charging_points": 9, "available": 4, "occupied": 5, "availability_pct": 44, "charging_rate": "計度/每度8.00元", "parking_rate": "每小時50元", "service_time": "每日/00:00~24:00", "address": "信義路5段11號地下(地下共2層)", "telephone": "", "floors": "B1"}}, {"type": "Feature", "geometry": {"type": "Point", "coordinates": [121.59237, 25.06865]}, "properties": {"station_id": "TPE0279", "station_name": "石潭平面停車場", "district": "內湖區", "city": "taipei", "operator_name": "源點科技股份有限公司", "charging_points": 2, "available": 2, "occupied": 0, "availability_pct": 100, "charging_rate": "計度/每度8.00元", "parking_rate": "每小時30元", "service_time": "每日/00:00~24:00", "address": "民權東路6段與民權東路6段174巷口", "telephone": "022655-0818", "floors": "1"}}, {"type": "Feature", "geometry": {"type": "Point", "coordinates": [121.52483, 25.05926]}, "properties": {"station_id": "TPE0425", "station_name": "永盛公園地下停車場", "district": "中山區", "city": "taipei", "operator_name": "源點科技股份有限公司", "charging_points": 6, "available": 4, "occupied": 2, "availability_pct": 67, "charging_rate": "計度/每度8.00元", "parking_rate": "每小時50元", "service_time": "每日/00:00~24:00", "address": "中山北路2段93巷30號地下", "telephone": "2759-0666", "floors": "B1"}}, {"type": "Feature", "geometry": {"type": "Point", "coordinates": [121.54407, 25.0144]}, "properties": {"station_id": "TPE1195", "station_name": "臺大癌醫中心分院地下停車場", "district": "大安區", "city": "taipei", "operator_name": "華城電能科技股份有限公司", "charging_points": 8, "available": 7, "occupied": 1, "availability_pct": 88, "charging_rate": "AC/計度/一般/ 8.8000元每度", "parking_rate": "50元/時", "service_time": "每日/00:00-24:00", "address": "基隆路3段155巷57號地下1至3層", "telephone": "2732-1156", "floors": "B2"}}, {"type": "Feature", "geometry": {"type": "Point", "coordinates": [121.46572, 25.12033]}, "properties": {"station_id": "TPE0207", "station_name": "關渡醫院旁平面停車場", "district": "北投區", "city": "taipei", "operator_name": "華城電能科技股份有限公司", "charging_points": 2, "available": 2, "occupied": 0, "availability_pct": 100, "charging_rate": "AC/計度/一般/ 0.00元每度", "parking_rate": "20元/時", "service_time": "每日/00:00-24:00", "address": "大度路3段301巷", "telephone": "(02)25683773", "floors": "1"}}, {"type": "Feature", "geometry": {"type": "Point", "coordinates": [121.52925, 25.10964]}, "properties": {"station_id": "TPE0819", "station_name": "蘭雅公園地下停車場", "district": "士林區", "city": "taipei", "operator_name": "華城電能科技股份有限公司", "charging_points": 4, "available": 3, "occupied": 1, "availability_pct": 75, "charging_rate": "AC/計度/一般/ 8.000元每度,AC/計度/尖峰/ 8.000元每度,AC/計度/離峰/ 8.000元每度", "parking_rate": "30元/周一~周五，40元/周六~周日", "service_time": "每日/00:00-24:00", "address": "德行東路129巷31號地下", "telephone": "0228318004", "floors": "B1"}}, {"type": "Feature", "geometry": {"type": "Point", "coordinates": [121.51722, 25.07411]}, "properties": {"station_id": "TPE0828", "station_name": "大龍國小地下停車場", "district": "大同區", "city": "taipei", "operator_name": "華城電能科技股份有限公司", "charging_points": 7, "available": 5, "occupied": 2, "availability_pct": 71, "charging_rate": "AC/計度/一般/ 8.000元每度,AC/計度/尖峰/ 8.000元每度,AC/計度/離峰/ 8.000元每度", "parking_rate": "30元/小時", "service_time": "每日/00:00-24:00", "address": "哈密街47號地下1層", "telephone": "2759-0666", "floors": "B1"}}, {"type": "Feature", "geometry": {"type": "Point", "coordinates": [121.59315, 25.05281]}, "properties": {"station_id": "TPE0596", "station_name": "南港高中停車場", "district": "南港區", "city": "taipei", "operator_name": "合創數位科技股份有限公司", "charging_points": 1, "available": 1, "occupied": 0, "availability_pct": 100, "charging_rate": "計度/固定/6.0 元每度", "parking_rate": "季租:以季票(3個月為一期)方式計費，每車3000元/季，以年票方式九折", "service_time": "夜間:每日下午六點至翌日上午八點 : 例假日:星期六、日及國定假日全天", "address": "向陽路21號", "telephone": "0227837863#248", "floors": "1"}}, {"type": "Feature", "geometry": {"type": "Point", "coordinates": [121.50331, 25.02601]}, "properties": {"station_id": "TPE1602", "station_name": "新和國小地下停車場", "district": "萬華區", "city": "taipei", "operator_name": "創玖科技股份有限公司", "charging_points": 6, "available": 0, "occupied": 0, "availability_pct": 0, "charging_rate": "計度/固定/8.00元每度", "parking_rate": "計時/每日/30元每小時/每日最高/180元每日", "service_time": "每日/00:00-24:00", "address": "西藏路125巷31號地下1至3層", "telephone": "2799-5657", "floors": "B1"}}, {"type": "Feature", "geometry": {"type": "Point", "coordinates": [121.54025, 25.01973]}, "properties": {"station_id": "TPE0201U01", "station_name": "國立臺灣大學校總區平面停車場", "district": "大安區", "city": "taipei", "operator_name": "台灣特斯拉汽車有限公司", "charging_points": 6, "available": 4, "occupied": 2, "availability_pct": 67, "charging_rate": "計度/浮動/8元每度", "parking_rate": "計時/每日/60元每小時", "service_time": "7x24小時", "address": "羅斯福路4段1號", "telephone": "33663366", "floors": "B2"}}, {"type": "Feature", "geometry": {"type": "Point", "coordinates": [121.58136, 25.05881]}, "properties": {"station_id": "TPE1315", "station_name": "臺北市內湖區潭美國民小學地下停車場", "district": "內湖區", "city": "taipei", "operator_name": "思納捷科技股份有限公司", "charging_points": 2, "available": 2, "occupied": 0, "availability_pct": 100, "charging_rate": "計分/固定/ 0.0 元每分", "parking_rate": "校園案預設'以分計費'", "service_time": "平日/19:00-07:00 假日00:00-24:00", "address": "行善路179號地下1層", "telephone": "0227917334#231", "floors": "1"}}, {"type": "Feature", "geometry": {"type": "Point", "coordinates": [121.61591, 25.04547]}, "properties": {"station_id": "TPE0384", "station_name": "福山平面停車場", "district": "南港區", "city": "taipei", "operator_name": "源點科技股份有限公司", "charging_points": 2, "available": 2, "occupied": 0, "availability_pct": 100, "charging_rate": "計度/每度8.00元", "parking_rate": "每小時20元", "service_time": "每日/00:00~24:00", "address": "福山街4號旁", "telephone": "(02)24551299", "floors": "1"}}, {"type": "Feature", "geometry": {"type": "Point", "coordinates": [121.52892, 25.01943]}, "properties": {"station_id": "TPE0154", "station_name": "耕莘文教院前平面停車場", "district": "中正區", "city": "taipei", "operator_name": "源點科技股份有限公司", "charging_points": 2, "available": 0, "occupied": 2, "availability_pct": 0, "charging_rate": "計度/每度8.00元", "parking_rate": "每小時30元", "service_time": "每日/00:00~24:00", "address": "辛亥路1段22號前（耕莘文教院前）", "telephone": "0800208333", "floors": "1"}}, {"type": "Feature", "geometry": {"type": "Point", "coordinates": [121.55958, 25.05839]}, "properties": {"station_id": "TPE0003", "station_name": "民生立體停車場", "district": "松山區", "city": "taipei", "operator_name": "源點科技股份有限公司", "charging_points": 12, "available": 8, "occupied": 4, "availability_pct": 67, "charging_rate": "計度/每度8.00元", "parking_rate": "每小時30元", "service_time": "每日/00:00~24:00", "address": "民生東路5段84號", "telephone": "0227608303", "floors": "1"}}, {"type": "Feature", "geometry": {"type": "Point", "coordinates": [121.51621, 25.06479]}, "properties": {"station_id": "TPE0721", "station_name": "臺北市大同運動中心地下平面停車場", "district": "大同區", "city": "taipei", "operator_name": "舞動陽光股份有限公司大同分公司", "charging_points": 1, "available": 1, "occupied": 0, "availability_pct": 100, "charging_rate": "計度/尖峰/16:00-22:00/7.00 元每度, 計度/半尖峰/09:00-16:00/7.00 元每度, 計度/半尖峰/22:00-23:59/7.00 元每度, 計度/半尖峰/06:00-11:00/7.00 元每度, 計度/半尖峰/14:00-23:59/7.00 元每度, 計度/離峰/23:59-09:00/7.00 元每度, 計度/離峰/23:59-06:00/7.00 元每度, 計度/離峰/11:00-14:00/7.00 元每度, 計度/離峰/23:59-09:00/7.00 元每度,", "parking_rate": "計時/每日/40 元每小時", "service_time": "星期一：00:00～23:59\n星期二：00:00～23:59\n星期三：00:00～23:59\n星期四：00:00～23:59\n星期五：00:00～23:59\n星期六：00:00～23:59\n星期日：00:00～23:59", "address": "大龍街51號地下3層", "telephone": "2592-0055", "floors": "B3"}}, {"type": "Feature", "geometry": {"type": "Point", "coordinates": [121.56256, 25.03182]}, "properties": {"station_id": "TPE0816", "station_name": "信義國小地下停車場", "district": "信義區", "city": "taipei", "operator_name": "源點科技股份有限公司", "charging_points": 6, "available": 6, "occupied": 0, "availability_pct": 100, "charging_rate": "計度/每度8.00元", "parking_rate": "每小時30元", "service_time": "每日/00:00~24:00", "address": "松勤街60號地下1層", "telephone": "", "floors": "B1"}}, {"type": "Feature", "geometry": {"type": "Point", "coordinates": [121.61922, 25.07261]}, "properties": {"station_id": "TPE1102", "station_name": "康樂合署大樓地下停車場", "district": "內湖區", "city": "taipei", "operator_name": "華城電能科技股份有限公司", "charging_points": 1, "available": 1, "occupied": 0, "availability_pct": 100, "charging_rate": "AC/計度/一般/ 8.000元每度", "parking_rate": "30元/時(當日最高上限200元)", "service_time": "每日/00:00-24:00", "address": "康樂街150號地下（地下共3層）", "telephone": "0226337997", "floors": "B1"}}, {"type": "Feature", "geometry": {"type": "Point", "coordinates": [121.51863, 25.08719]}, "properties": {"station_id": "TPE0630", "station_name": "福港街平面停車場", "district": "士林區", "city": "taipei", "operator_name": "華城電能科技股份有限公司", "charging_points": 2, "available": 2, "occupied": 0, "availability_pct": 100, "charging_rate": "AC/計度/一般/ 8.000元每度", "parking_rate": "20元/時", "service_time": "每日/00:00-24:00", "address": "福港街149巷2號對面", "telephone": "0225046290", "floors": "1"}}, {"type": "Feature", "geometry": {"type": "Point", "coordinates": [150163.40664, -24908.75703]}, "properties": {"station_id": "TPE0441", "station_name": "中山運動中心旁臨時平面停車場", "district": null, "city": "taipei", "operator_name": "華城電能科技股份有限公司", "charging_points": 2, "available": 0, "occupied": 2, "availability_pct": 0, "charging_rate": "AC/計度/一般/ 8.000元每度", "parking_rate": "20元/時", "service_time": "每日/00:00-24:00", "address": "中山北路2段44巷及46巷中間", "telephone": "2518-5299", "floors": "1"}}, {"type": "Feature", "geometry": {"type": "Point", "coordinates": [121.6151, 25.05783]}, "properties": {"station_id": "TPE0827", "station_name": "世貿公園地下停車場", "district": "南港區", "city": "taipei", "operator_name": "華城電能科技股份有限公司", "charging_points": 14, "available": 8, "occupied": 6, "availability_pct": 57, "charging_rate": "AC/計度/一般/ 8.000元每度,AC/計度/尖峰/ 8.000元每度,AC/計度/離峰/ 8.000元每度", "parking_rate": "20元/時", "service_time": "每日/00:00-24:00", "address": "經貿二路88巷1號地下", "telephone": "0227886271", "floors": "B1"}}, {"type": "Feature", "geometry": {"type": "Point", "coordinates": [121.50842, 25.08094]}, "properties": {"station_id": "TPE0538", "station_name": "海光公園地下停車場", "district": "士林區", "city": "taipei", "operator_name": "華城電能科技股份有限公司", "charging_points": 4, "available": 4, "occupied": 0, "availability_pct": 100, "charging_rate": "AC/計度/一般/ 8.000元每度,AC/計度/尖峰/ 8.000元每度,AC/計度/離峰/ 8.000元每度", "parking_rate": "20元/小時", "service_time": "每日/00:00-24:00", "address": "葫蘆街83號地下", "telephone": "0228137344", "floors": "B1"}}, {"type": "Feature", "geometry": {"type": "Point", "coordinates": [121.5168, 25.0565]}, "properties": {"station_id": "TPE0758", "station_name": "蓬萊國小地下停車場", "district": "大同區", "city": "taipei", "operator_name": "皇鋒通訊股份有限公司", "charging_points": 6, "available": 1, "occupied": 5, "availability_pct": 17, "charging_rate": "計度/5元每度/00:00-09:00,計度/8元每度/09:00-24:00", "parking_rate": "計時/每日/16:00-22:00/40元每小時,計時/每日/22:00-16:00/30元每小時", "service_time": "每日/00:00-24:00", "address": "寧夏路35號地下(地下共2層)", "telephone": "02-25573722", "floors": "B1"}}, {"type": "Feature", "geometry": {"type": "Point", "coordinates": [121.54269, 25.0208]}, "properties": {"station_id": "TPE0880", "station_name": "國立臺灣大學辛亥地下停車場", "district": "大安區", "city": "taipei", "operator_name": "台灣特斯拉汽車有限公司", "charging_points": 3, "available": 3, "occupied": 0, "availability_pct": 100, "charging_rate": "計度/浮動/8元每度", "parking_rate": "計時/每日/40元每小時", "service_time": "7x24小時", "address": "羅斯福路4段1號地下1至2層", "telephone": "3366-3366", "floors": "B2"}}, {"type": "Feature", "geometry": {"type": "Point", "coordinates": [121.58017, 25.03611]}, "properties": {"station_id": "TPE0707", "station_name": "臺北市松山家商附設夜間及假日停車場", "district": "信義區", "city": "taipei", "operator_name": "思納捷科技股份有限公司", "charging_points": 1, "available": 0, "occupied": 0, "availability_pct": 0, "charging_rate": "計分/固定/ 6.7 元每分", "parking_rate": "不開放臨停，只開放月租車停放", "service_time": "夜間/星期一至星期日晚上19:00至翌日上午07:00 假日/星期六、日及國定假日上午07:00至晚上19:00", "address": "松山路655號", "telephone": "0227261118#415", "floors": "1"}}, {"type": "Feature", "geometry": {"type": "Point", "coordinates": [121.57229, 25.03958]}, "properties": {"station_id": "TPE0848", "station_name": "松山工農地下停車場", "district": "信義區", "city": "taipei", "operator_name": "源點科技股份有限公司", "charging_points": 6, "available": 4, "occupied": 2, "availability_pct": 67, "charging_rate": "計度/每度8.00元", "parking_rate": "每小時30元", "service_time": "每日/00:00~24:00", "address": "忠孝東路5段236巷15號地下", "telephone": "0223450672", "floors": "B1"}}, {"type": "Feature", "geometry": {"type": "Point", "coordinates": [121.53093, 25.06861]}, "properties": {"station_id": "TPE0125", "station_name": "新生公園停車場", "district": "中山區", "city": "taipei", "operator_name": "源點科技股份有限公司", "charging_points": 3, "available": 2, "occupied": 1, "availability_pct": 67, "charging_rate": "計度/每度8.00元", "parking_rate": "每小時30元", "service_time": "每日/00:00~24:00", "address": "民族東路與吉林路口(新生公園溫水游泳池旁)", "telephone": "0226550818", "floors": "1"}}, {"type": "Feature", "geometry": {"type": "Point", "coordinates": [121.54289, 24.99837]}, "properties": {"station_id": "TPE0097", "station_name": "三福街平面停車場", "district": "文山區", "city": "taipei", "operator_name": "源點科技股份有限公司", "charging_points": 2, "available": 2, "occupied": 0, "availability_pct": 100, "charging_rate": "計度/每度8.00元", "parking_rate": "每小時20元", "service_time": "每日/00:00~24:00", "address": "景隆街36巷內", "telephone": "8919-3669", "floors": "1"}}, {"type": "Feature", "geometry": {"type": "Point", "coordinates": [121.54467, 25.00251]}, "properties": {"station_id": "TPE0591", "station_name": "景豐臨時平面停車場", "district": "文山區", "city": "taipei", "operator_name": "源點科技股份有限公司", "charging_points": 2, "available": 2, "occupied": 0, "availability_pct": 100, "charging_rate": "計度/每度8.00元", "parking_rate": "每小時20元", "service_time": "每日/00:00~24:00", "address": "景豐街79號旁(文山景美運動公園內)", "telephone": "8919-3669", "floors": "1"}}, {"type": "Feature", "geometry": {"type": "Point", "coordinates": [121.5105, 25.05837]}, "properties": {"station_id": "TPE0122", "station_name": "大稻埕公園地下停車場", "district": "大同區", "city": "taipei", "operator_name": "華城電能科技股份有限公司", "charging_points": 4, "available": 2, "occupied": 2, "availability_pct": 50, "charging_rate": "AC/計度/一般/ 8.000元每度", "parking_rate": "40元/時", "service_time": "每日/00:00-24:00", "address": "歸綏街243號地下", "telephone": "2455-1299", "floors": "B1"}}, {"type": "Feature", "geometry": {"type": "Point", "coordinates": [121.51883, 25.10192]}, "properties": {"station_id": "TPE1049", "station_name": "福國路橋下平面停車場", "district": "士林區", "city": "taipei", "operator_name": "華城電能科技股份有限公司", "charging_points": 2, "available": 0, "occupied": 2, "availability_pct": 0, "charging_rate": "AC/計度/一般/ 8.000元每度", "parking_rate": "20元/時", "service_time": "每日/00:00-24:00", "address": "文林路台灣戲曲中心與臺北高等行政法院間福國路橋下", "telephone": "0227590666", "floors": "1"}}, {"type": "Feature", "geometry": {"type": "Point", "coordinates": [121.55664, 25.03399]}, "properties": {"station_id": "TPE0313", "station_name": "便利停車場大安地政事務所一站", "district": "大安區", "city": "taipei", "operator_name": "台灣大動力服務股份有限公司", "charging_points": 1, "available": 0, "occupied": 0, "availability_pct": 0, "charging_rate": "計分/1 元每分", "parking_rate": "計時/半小/35元/半小時(第一小時以一小時計費)，每日最高無上限", "service_time": "每日/00:00-24:00", "address": "信義路4段335巷6號旁空地", "telephone": "2799-1001#166", "floors": "B1"}}, {"type": "Feature", "geometry": {"type": "Point", "coordinates": [121.6113, 25.0566]}, "properties": {"station_id": "TPE0752", "station_name": "南港國小地下停車場", "district": "南港區", "city": "taipei", "operator_name": "華城電能科技股份有限公司", "charging_points": 8, "available": 8, "occupied": 0, "availability_pct": 100, "charging_rate": "AC/計度/一般/ 8.000元每度,AC/計度/尖峰/ 0.00元每度,AC/計度/離峰/ 0.00元每度", "parking_rate": "30元/8:00~20:00，20元/20:00~8:00", "service_time": "每日/00:00-24:00", "address": "興東街59號（地下1至2層）", "telephone": "0800021111", "floors": "B1"}}, {"type": "Feature", "geometry": {"type": "Point", "coordinates": [121.512, 25.07425]}, "properties": {"station_id": "TPE0930", "station_name": "啟聰學校地下停車場", "district": "大同區", "city": "taipei", "operator_name": "華城電能科技股份有限公司", "charging_points": 4, "available": 4, "occupied": 0, "availability_pct": 100, "charging_rate": "AC/計度/一般/ 8.000元每度", "parking_rate": "30元/小時", "service_time": "每日/00:00-24:00", "address": "延平北路4段205號地下1層", "telephone": "2759-0666", "floors": "B1"}}, {"type": "Feature", "geometry": {"type": "Point", "coordinates": [121.56177, 25.04704]}, "properties": {"station_id": "TPE0356", "station_name": "偶戲博物館地下停車場", "district": "松山區", "city": "taipei", "operator_name": "寶盛國際股份有限公司", "charging_points": 2, "available": 1, "occupied": 1, "availability_pct": 50, "charging_rate": "計時/每日/0元每1時", "parking_rate": "每1小時0元", "service_time": "每日/00:00-24:00", "address": "市民大道5段99號地下1層", "telephone": "0226550818", "floors": "B1"}}, {"type": "Feature", "geometry": {"type": "Point", "coordinates": [121.49506, 25.13528]}, "properties": {"station_id": "TPE1423", "station_name": "豐年運動公園平面停車場", "district": "北投區", "city": "taipei", "operator_name": "華城電能科技股份有限公司", "charging_points": 2, "available": 2, "occupied": 0, "availability_pct": 100, "charging_rate": "AC/計度/一般/ 0.00元每度", "parking_rate": "30元/時", "service_time": "每日/00:00-24:00", "address": "大業路527巷與大業路525巷2弄口", "telephone": "0227590666", "floors": "1"}}, {"type": "Feature", "geometry": {"type": "Point", "coordinates": [121.60037, 25.0881]}, "properties": {"station_id": "TPE0843", "station_name": "大湖活動中心暨溫水游泳池停車場", "district": "內湖區", "city": "taipei", "operator_name": "思納捷科技股份有限公司", "charging_points": 1, "available": 1, "occupied": 0, "availability_pct": 100, "charging_rate": "計分/固定/ 8.5 元每分", "parking_rate": "校園案預設'以分計費'", "service_time": "24小時", "address": "大湖山莊街170號", "telephone": "27915870", "floors": "1"}}, {"type": "Feature", "geometry": {"type": "Point", "coordinates": [121.5728, 25.03491]}, "properties": {"station_id": "TPE0108", "station_name": "興雅國中地下停車場", "district": "信義區", "city": "taipei", "operator_name": "源點科技股份有限公司", "charging_points": 11, "available": 5, "occupied": 6, "availability_pct": 45, "charging_rate": "計度/每度8.00元", "parking_rate": "每小時30元", "service_time": "每日/00:00~24:00", "address": "松德路200巷18號地下", "telephone": "0227585499", "floors": "B1"}}, {"type": "Feature", "geometry": {"type": "Point", "coordinates": [121.57852, 25.05037]}, "properties": {"station_id": "TPE0884", "station_name": "松山國小地下停車場", "district": "松山區", "city": "taipei", "operator_name": "源點科技股份有限公司", "charging_points": 7, "available": 7, "occupied": 0, "availability_pct": 100, "charging_rate": "計度/每度8.00元", "parking_rate": "每小時40元", "service_time": "每日/00:00~24:00", "address": "八德路4段746號地下(地下共3層)", "telephone": "0227995657", "floors": "B1"}}, {"type": "Feature", "geometry": {"type": "Point", "coordinates": [121.54093, 25.03258]}, "properties": {"station_id": "TPE0098", "station_name": "大安高工地下停車場", "district": "大安區", "city": "taipei", "operator_name": "源點科技股份有限公司", "charging_points": 14, "available": 12, "occupied": 2, "availability_pct": 86, "charging_rate": "計度/每度8.00元", "parking_rate": "每小時30元", "service_time": "每日/00:00~24:00", "address": "信義路3段166巷6弄12號地下(共2層)", "telephone": "022655-0818", "floors": "B1"}}, {"type": "Feature", "geometry": {"type": "Point", "coordinates": [121.56599, 24.98437]}, "properties": {"station_id": "TPE0206", "station_name": "保儀路平面停車場", "district": "文山區", "city": "taipei", "operator_name": "源點科技股份有限公司", "charging_points": 2, "available": 1, "occupied": 1, "availability_pct": 50, "charging_rate": "計度/每度8.00元", "parking_rate": "每小時20元", "service_time": "每日/00:00~24:00", "address": "保儀路157號對面", "telephone": "2246-1708", "floors": "1"}}, {"type": "Feature", "geometry": {"type": "Point", "coordinates": [121.56122, 25.05033]}, "properties": {"station_id": "TPE0234", "station_name": "吉祥平面停車場", "district": "松山區", "city": "taipei", "operator_name": "源點科技股份有限公司", "charging_points": 2, "available": 2, "occupied": 0, "availability_pct": 100, "charging_rate": "計度/每度8.00元", "parking_rate": "每小時30元", "service_time": "每日/00:00~24:00", "address": "光復北路11巷81號旁", "telephone": "0277518097", "floors": "1"}}, {"type": "Feature", "geometry": {"type": "Point", "coordinates": [121.5184, 25.05457]}, "properties": {"station_id": "TPE1648", "station_name": "臺北市建成綜合大樓停車場", "district": "大同區", "city": "taipei", "operator_name": "華城電能科技股份有限公司", "charging_points": 1, "available": 0, "occupied": 0, "availability_pct": 0, "charging_rate": "AC/計度/一般/ 8.000元每度", "parking_rate": "20元/時", "service_time": "每日/00:00-24:00", "address": "承德路2段33號地下1至4層", "telephone": "0225503853", "floors": "B1"}}, {"type": "Feature", "geometry": {"type": "Point", "coordinates": [121.53957, 25.15764]}, "properties": {"station_id": "TPE0382", "station_name": "陽明山花鐘停車場", "district": "北投區", "city": "taipei", "operator_name": "華城電能科技股份有限公司", "charging_points": 2, "available": 2, "occupied": 0, "availability_pct": 100, "charging_rate": "AC/計度/一般/ 0.00元每度", "parking_rate": "60元/時", "service_time": "每日/00:00-24:00", "address": "湖山路2段(陽明山公園花鐘前)", "telephone": "0975-024268或(02)26546264", "floors": "1"}}, {"type": "Feature", "geometry": {"type": "Point", "coordinates": [121.52168, 25.07548]}, "properties": {"station_id": "TPE0161", "station_name": "兒童育樂中心平面停車場", "district": "大同區", "city": "taipei", "operator_name": "華城電能科技股份有限公司", "charging_points": 2, "available": 2, "occupied": 0, "availability_pct": 100, "charging_rate": "AC/計度/一般/ 8.0元每度", "parking_rate": "30元/時", "service_time": "每日/00:00-24:00", "address": "玉門街與敦煌路口兒童育樂中心旁", "telephone": "2504-6290 分機85082鍾先生", "floors": "1"}}, {"type": "Feature", "geometry": {"type": "Point", "coordinates": [121.52018, 25.06044]}, "properties": {"station_id": "TPE0156", "station_name": "成淵高中地下停車場", "district": "大同區", "city": "taipei", "operator_name": "華城電能科技股份有限公司", "charging_points": 8, "available": 2, "occupied": 6, "availability_pct": 25, "charging_rate": "AC/計度/一般/ 8.000元每度", "parking_rate": "40元/9:00~21:00，30元/21:00~9:00", "service_time": "每日/00:00-24:00", "address": "承德路2段235號之1地下", "telephone": "2799-5657", "floors": "B1"}}, {"type": "Feature", "geometry": {"type": "Point", "coordinates": [121.55845, 25.00602]}, "properties": {"station_id": "TPE0128", "station_name": "辛亥國小地下停車場", "district": "文山區", "city": "taipei", "operator_name": "皇鋒通訊股份有限公司", "charging_points": 3, "available": 1, "occupied": 2, "availability_pct": 33, "charging_rate": "計度/8元每度", "parking_rate": "計時/每日/08:00-18:00/20元每小時,計時/每日/18:00-08:00/10元每小時", "service_time": "每日/00:00-24:00", "address": "辛亥路4段103號地下共2層", "telephone": "2557-3722#0", "floors": "B2"}}, {"type": "Feature", "geometry": {"type": "Point", "coordinates": [121.49992, 25.03613]}, "properties": {"station_id": "TPE0450", "station_name": "艋舺公園地下停車場", "district": "萬華區", "city": "taipei", "operator_name": "創玖科技股份有限公司", "charging_points": 10, "available": 0, "occupied": 0, "availability_pct": 0, "charging_rate": "計度/固定/8.00元每度", "parking_rate": "計時/平日/30元每小時/每日最高/180元,計時/假日/30元每小時/每日", "service_time": "每日/00:00-24:00", "address": "西園路1段145號地下室", "telephone": "2799-5657", "floors": "B4"}}, {"type": "Feature", "geometry": {"type": "Point", "coordinates": [121.5456, 25.06065]}, "properties": {"station_id": "TPE1578", "station_name": "中山國中地下停車場", "district": "松山區", "city": "taipei", "operator_name": "中興電工機械股份有限公司", "charging_points": 6, "available": 2, "occupied": 4, "availability_pct": 33, "charging_rate": "計時/每日/5元每0.5時", "parking_rate": "每0.5小時10元", "service_time": "每日/00:00-24:00", "address": "民權東路3段140巷6號地下(地下共2層)", "telephone": "2655-0818", "floors": "B1"}}, {"type": "Feature", "geometry": {"type": "Point", "coordinates": [121.51154, 25.06193]}, "properties": {"station_id": "TPE0725", "station_name": "臺北市大同區太平國民小學停車場", "district": "大同區", "city": "taipei", "operator_name": "思納捷科技股份有限公司", "charging_points": 1, "available": 1, "occupied": 0, "availability_pct": 100, "charging_rate": "計分/固定/ 8.5 元每分", "parking_rate": "校園案預設'以分計費'", "service_time": "平日/19:00-07:00 假日/24小時", "address": "延平北路2段239號", "telephone": "2553-2229#834", "floors": "1"}}, {"type": "Feature", "geometry": {"type": "Point", "coordinates": [121.53132, 25.05034]}, "properties": {"station_id": "TPE0606", "station_name": "長安國小地下停車場", "district": "中山區", "city": "taipei", "operator_name": "源點科技股份有限公司", "charging_points": 7, "available": 3, "occupied": 4, "availability_pct": 43, "charging_rate": "計度/每度8.00元", "parking_rate": "每小時40元", "service_time": "每日/00:00~24:00", "address": "松江路90巷14號地下", "telephone": "2759-0666", "floors": "B1"}}, {"type": "Feature", "geometry": {"type": "Point", "coordinates": [121.57666, 24.98945]}, "properties": {"station_id": "TPE0835", "station_name": "萬興國小地下停車場", "district": "文山區", "city": "taipei", "operator_name": "源點科技股份有限公司", "charging_points": 6, "available": 3, "occupied": 3, "availability_pct": 50, "charging_rate": "計度/每度8.00元", "parking_rate": "每小時30元", "service_time": "每日/00:00~24:00", "address": "秀明路2段116號地下", "telephone": "2759-0666", "floors": "B1"}}, {"type": "Feature", "geometry": {"type": "Point", "coordinates": [121.56608, 25.05582]}, "properties": {"station_id": "TPE0832", "station_name": "西松高中地下停車場", "district": "松山區", "city": "taipei", "operator_name": "源點科技股份有限公司", "charging_points": 8, "available": 4, "occupied": 4, "availability_pct": 50, "charging_rate": "計度/每度8.00元", "parking_rate": "每小時30元", "service_time": "每日/00:00~24:00", "address": "健康路325巷19弄1號地下", "telephone": "0225284554", "floors": "B1"}}, {"type": "Feature", "geometry": {"type": "Point", "coordinates": [121.57846, 25.0483]}, "properties": {"station_id": "TPE0851", "station_name": "松山車站地下停車場", "district": "信義區", "city": "taipei", "operator_name": "源點科技股份有限公司", "charging_points": 11, "available": 9, "occupied": 2, "availability_pct": 82, "charging_rate": "計度/每度8.00元", "parking_rate": "每小時40元", "service_time": "每日/00:00~24:00", "address": "松山路11號(南廣場B1)", "telephone": "0227676549", "floors": "B1"}}, {"type": "Feature", "geometry": {"type": "Point", "coordinates": [121.51192, 25.06694]}, "properties": {"station_id": "TPE1334", "station_name": "延平國小地下停車場", "district": "大同區", "city": "taipei", "operator_name": "華城電能科技股份有限公司", "charging_points": 6, "available": 3, "occupied": 3, "availability_pct": 50, "charging_rate": "AC/計度/一般/ 8.000元每度", "parking_rate": "40元/時，最高上限200元/12小時", "service_time": "每日/00:00-24:00", "address": "昌吉街97號地下層", "telephone": "2705-7716#0", "floors": "B1"}}, {"type": "Feature", "geometry": {"type": "Point", "coordinates": [121.51015, 25.06308]}, "properties": {"station_id": "TPE0539", "station_name": "臺北大橋橋下停車場", "district": "大同區", "city": "taipei", "operator_name": "華城電能科技股份有限公司", "charging_points": 2, "available": 0, "occupied": 2, "availability_pct": 0, "charging_rate": "AC/計度/一般/ 0.00元每度", "parking_rate": "30元/時", "service_time": "每日/00:00-24:00", "address": "環河北路2段至延平北路3段間之臺北大橋橋下空間", "telephone": "0228233418", "floors": "1"}}, {"type": "Feature", "geometry": {"type": "Point", "coordinates": [121.58692, 25.0418]}, "properties": {"station_id": "TPE0775", "station_name": "玉成公園地下停車場", "district": "南港區", "city": "taipei", "operator_name": "華城電能科技股份有限公司", "charging_points": 10, "available": 4, "occupied": 6, "availability_pct": 40, "charging_rate": "AC/計度/一般/ 8.000元每度,AC/計度/尖峰/ 8.000元每度,AC/計度/離峰/ 8.000元每度", "parking_rate": "20元/時", "service_time": "每日/00:00-24:00", "address": "成福路118號地下", "telephone": "0226517459", "floors": "B1"}}, {"type": "Feature", "geometry": {"type": "Point", "coordinates": [121.58098, 25.04248]}, "properties": {"station_id": "TPE0421", "station_name": "春光公園地下停車場", "district": "信義區", "city": "taipei", "operator_name": "威炬實業有限公司春光公園地下停車場", "charging_points": 5, "available": 0, "occupied": 5, "availability_pct": 0, "charging_rate": "計度/固定/8 元每度", "parking_rate": "計時/每日/30 元每小時", "service_time": "7x24 小時或 每日/00:00-24:00", "address": "忠孝東路5段666號地下1至3層", "telephone": "2944-1489", "floors": "B1"}}, {"type": "Feature", "geometry": {"type": "Point", "coordinates": [121.56694, 25.03068]}, "properties": {"station_id": "TPE0505", "station_name": "三張里地下停車場", "district": "信義區", "city": "taipei", "operator_name": "皇鋒通訊股份有限公司", "charging_points": 10, "available": 7, "occupied": 3, "availability_pct": 70, "charging_rate": "計度/8元每度", "parking_rate": "計時/每日/30元每小時", "service_time": "每日/00:00-24:00", "address": "松平路81號地下室(地下共3層)", "telephone": "0225573722", "floors": "B1,B2"}}, {"type": "Feature", "geometry": {"type": "Point", "coordinates": [121.54089, 25.04456]}, "properties": {"station_id": "TPE0109", "station_name": "市民大道建復段停車場", "district": "大安區", "city": "taipei", "operator_name": "創玖科技股份有限公司", "charging_points": 4, "available": 0, "occupied": 0, "availability_pct": 0, "charging_rate": "計度/固定/8.00元每度", "parking_rate": "計時/每日/30元每小時", "service_time": "每日/00:00-24:00", "address": "市民大道3段(建國南路至復興南路)地下(地下共1層)", "telephone": "2799-5657", "floors": "B1"}}, {"type": "Feature", "geometry": {"type": "Point", "coordinates": [121.52643, 25.05236]}, "properties": {"station_id": "TPE0330", "station_name": "林森公園地下停車場", "district": "中山區", "city": "taipei", "operator_name": "中興電工機械股份有限公司", "charging_points": 17, "available": 4, "occupied": 13, "availability_pct": 24, "charging_rate": "計時/每日/5元每0.5時", "parking_rate": "每0.5小時10元", "service_time": "每日/00:00-24:00", "address": "南京東路1段35號地下", "telephone": "2655-0818", "floors": "B2"}}, {"type": "Feature", "geometry": {"type": "Point", "coordinates": [121.50385, 25.04303]}, "properties": {"station_id": "TPE0601", "station_name": "Times浩瀚運創西門館", "district": "萬華區", "city": "taipei", "operator_name": "思納捷科技股份有限公司", "charging_points": 1, "available": 0, "occupied": 1, "availability_pct": 0, "charging_rate": "計分/固定/ 8.0 元每分", "parking_rate": "校園案預設'以分計費'", "service_time": "平日/17:00-07:00 假日/10:00-24:00", "address": "成都路98號", "telephone": "0800888924#0", "floors": "1"}}, {"type": "Feature", "geometry": {"type": "Point", "coordinates": [121.56068, 25.00301]}, "properties": {"station_id": "TPE0479", "station_name": "萬芳八號公園停車場", "district": "文山區", "city": "taipei", "operator_name": "源點科技股份有限公司", "charging_points": 3, "available": 3, "occupied": 0, "availability_pct": 100, "charging_rate": "計度/每度8.00元", "parking_rate": "每小時50元", "service_time": "周一至周六/09:00~17:00", "address": "公務員訓練中心旁", "telephone": "2759-0666", "floors": "1"}}, {"type": "Feature", "geometry": {"type": "Point", "coordinates": [121.55193, 25.02167]}, "properties": {"station_id": "TPE0926", "station_name": "嘉興公園地下停車場", "district": "大安區", "city": "taipei", "operator_name": "源點科技股份有限公司", "charging_points": 5, "available": 1, "occupied": 4, "availability_pct": 20, "charging_rate": "計度/每度8.00元", "parking_rate": "每小時30元", "service_time": "每日/00:00~24:00", "address": "嘉興街373號地下室(共3層)", "telephone": "2557-3722#0", "floors": "B1"}}, {"type": "Feature", "geometry": {"type": "Point", "coordinates": [121.59855, 25.08132]}, "properties": {"station_id": "TPE0724", "station_name": "金湖臨時平面停車場", "district": "內湖區", "city": "taipei", "operator_name": "源點科技股份有限公司", "charging_points": 3, "available": 3, "occupied": 0, "availability_pct": 100, "charging_rate": "計度/每度8.00元", "parking_rate": "每小時20元", "service_time": "每日/00:00~24:00", "address": "金湖路100號旁", "telephone": "(02)24551299", "floors": "1"}}, {"type": "Feature", "geometry": {"type": "Point", "coordinates": [121.54007, 25.05485]}, "properties": {"station_id": "TPE1150", "station_name": "長春路龍江路臨時平面停車場", "district": "中山區", "city": "taipei", "operator_name": "源點科技股份有限公司", "charging_points": 2, "available": 1, "occupied": 1, "availability_pct": 50, "charging_rate": "計度/每度8.00元", "parking_rate": "每小時40元", "service_time": "每日/00:00~24:00", "address": "長春路龍江路交叉口", "telephone": "7751-8097", "floors": "1"}}, {"type": "Feature", "geometry": {"type": "Point", "coordinates": [121.58029, 25.04677]}, "properties": {"station_id": "TPE0075", "station_name": "五分埔公園地下停車場", "district": "信義區", "city": "taipei", "operator_name": "源點科技股份有限公司", "charging_points": 5, "available": 4, "occupied": 1, "availability_pct": 80, "charging_rate": "計度/每度8.00元", "parking_rate": "每小時40元", "service_time": "每日/00:00~24:00", "address": "中坡北路57號地下", "telephone": "0227606275", "floors": "B1"}}, {"type": "Feature", "geometry": {"type": "Point", "coordinates": [121.51314, 25.11452]}, "properties": {"station_id": "TPE0537", "station_name": "石牌國小地下停車場", "district": "北投區", "city": "taipei", "operator_name": "千斗開發有限公司", "charging_points": 10, "available": 9, "occupied": 1, "availability_pct": 90, "charging_rate": "計度/固定/8元每度", "parking_rate": "計時/每日/30元/每小時", "service_time": "7x24 小時", "address": "致遠二路80號地下1至3層", "telephone": "0228237886", "floors": "B2"}}, {"type": "Feature", "geometry": {"type": "Point", "coordinates": [121.52195, 25.09941]}, "properties": {"station_id": "TPE0359", "station_name": "文昌國小地下停車場", "district": "士林區", "city": "taipei", "operator_name": "日月亭股份有限公司", "charging_points": 3, "available": 2, "occupied": 1, "availability_pct": 67, "charging_rate": "每度電費：8元", "parking_rate": "20元/時", "service_time": "24小時", "address": "文林路615巷20號地下1至2層", "telephone": "0228318671", "floors": "B1"}}, {"type": "Feature", "geometry": {"type": "Point", "coordinates": [121.53826, 25.0642]}, "properties": {"station_id": "TPE0615", "station_name": "榮星花園地下停車場", "district": "中山區", "city": "taipei", "operator_name": "大日開發有限公司", "charging_points": 5, "available": 4, "occupied": 1, "availability_pct": 80, "charging_rate": "計度/固定/8元每度", "parking_rate": "計時/每日/40元/每小時", "service_time": "7x24 小時", "address": "建國北路3段39號地下1-2層", "telephone": "2502-3333", "floors": "B1"}}, {"type": "Feature", "geometry": {"type": "Point", "coordinates": [121.55867, 25.02653]}, "properties": {"station_id": "TPE1243", "station_name": "景勤二號公園地下停車場", "district": "信義區", "city": "taipei", "operator_name": "威瀧實業有限公司", "charging_points": 5, "available": 1, "occupied": 4, "availability_pct": 20, "charging_rate": "計度/固定/8元每度", "parking_rate": "計時/每日/30 元每小時", "service_time": "7x24 小時或 每日/00:00-24:00", "address": "信安街49號地下室(地下共2層)", "telephone": "2944-1489", "floors": "B1"}}, {"type": "Feature", "geometry": {"type": "Point", "coordinates": [121.5004, 25.03199]}, "properties": {"station_id": "TPE1550", "station_name": "莒光社會住宅地下停車場", "district": "萬華區", "city": "taipei", "operator_name": "威瀧實業有限公司", "charging_points": 4, "available": 4, "occupied": 0, "availability_pct": 100, "charging_rate": "計度/固定/8 元每度", "parking_rate": "計時/每日/30 元每小時", "service_time": "7x24 小時或 每日/00:00-24:00", "address": "萬大路22號地下1至4層", "telephone": "2944-1489", "floors": "B1"}}, {"type": "Feature", "geometry": {"type": "Point", "coordinates": [121.49985, 25.03476]}, "properties": {"station_id": "TPE0401", "station_name": "臺北市萬華區行政中心地下停車場", "district": "萬華區", "city": "taipei", "operator_name": "臺北市萬華區公所", "charging_points": 4, "available": 0, "occupied": 0, "availability_pct": 0, "charging_rate": "計度：8元/度", "parking_rate": "計時：30元/時(08-22)，10元/時(22-08)，全程以半小時計。洽公便民於停車上班時間08至20時止，經驗證後，前30分鐘免費。", "service_time": "24小時", "address": "和平西路3段120號地下1至5層", "telephone": "23064468", "floors": "B2"}}, {"type": "Feature", "geometry": {"type": "Point", "coordinates": [121.52041, 25.06892]}, "properties": {"station_id": "TPE0007", "station_name": "花博公園圓山地下停車場", "district": "中山區", "city": "taipei", "operator_name": "俥亭停車事業股份有限公司", "charging_points": 2, "available": 0, "occupied": 2, "availability_pct": 0, "charging_rate": "計分/5元每30分(充電)，10元每30分(佔位未充電)", "parking_rate": "計時/每日/40元每小時(0800-2200)，20元每小時(2200-0800)", "service_time": "7x24 小時", "address": "玉門街1號地下1層", "telephone": "0800-021-111", "floors": "B1"}}, {"type": "Feature", "geometry": {"type": "Point", "coordinates": [121.53652, 25.06005]}, "properties": {"station_id": "TPE1733", "station_name": "USPACE三寶大樓地下停車場", "district": "中山區", "city": "taipei", "operator_name": "台灣大動力服務股份有限公司", "charging_points": 3, "available": 0, "occupied": 3, "availability_pct": 0, "charging_rate": "計分/1.25 元每分", "parking_rate": "計時/每日/60元每小時，每日最高/320元 每日", "service_time": "每日/00:00-24:00", "address": "建國北路2段196號地下2層", "telephone": "7751-8097", "floors": "B1"}}, {"type": "Feature", "geometry": {"type": "Point", "coordinates": [121.47012, 25.12759]}, "properties": {"station_id": "TPE0992", "station_name": "好市多北投分公司", "district": "北投區", "city": "taipei", "operator_name": "台灣大動力服務股份有限公司", "charging_points": 14, "available": 12, "occupied": 2, "availability_pct": 86, "charging_rate": "計度/固定/8 元每度", "parking_rate": "計時/每日/100元每小時，每日最高無上限", "service_time": "每日/10:00-21:30", "address": "立德路117號", "telephone": "0228941838", "floors": "B1"}}, {"type": "Feature", "geometry": {"type": "Point", "coordinates": [121.50444, 25.13805]}, "properties": {"station_id": "TPE1792", "station_name": "USPACE北投晶泉丰旅停車場", "district": "北投區", "city": "taipei", "operator_name": "台灣大動力服務股份有限公司", "charging_points": 6, "available": 4, "occupied": 2, "availability_pct": 67, "charging_rate": "計分/1.25 元每分", "parking_rate": "計時/平日/30元每小時，每日最高無上限；計時/假日/100元每小時，每日最高無上限", "service_time": "每日/00:00-24:00", "address": "泉源路19號", "telephone": "0277518097", "floors": "B1"}}, {"type": "Feature", "geometry": {"type": "Point", "coordinates": [121.54621, 25.02974]}, "properties": {"station_id": "TPE1793", "station_name": "大安國中地下停車場", "district": "大安區", "city": "taipei", "operator_name": "創玖科技股份有限公司", "charging_points": 5, "available": 0, "occupied": 0, "availability_pct": 0, "charging_rate": "計度/固定/8.00元每度", "parking_rate": "計時/每日(08~21)/50元每小時/每日最高/300元每日,計時/每日(21~08)/10元每小時/每日最高/300元每日", "service_time": "每日/00:00-24:00", "address": "大安路2段63號地下1至2層", "telephone": "2799-5657", "floors": "B1"}}, {"type": "Feature", "geometry": {"type": "Point", "coordinates": [121.52729, 25.09278]}, "properties": {"station_id": "TPE0040", "station_name": "USPACE 福林第一停車場", "district": "士林區", "city": "taipei", "operator_name": "台灣大動力服務股份有限公司", "charging_points": 3, "available": 3, "occupied": 0, "availability_pct": 100, "charging_rate": "計分/1.25 元每分", "parking_rate": "計時/平日/50元每小時，每日最高/280元 每日；計時/假日/70元每小時，每日最高無上限", "service_time": "每日/00:00-24:00", "address": "中山北路5段465號旁空地", "telephone": "0277518097", "floors": "B1"}}, {"type": "Feature", "geometry": {"type": "Point", "coordinates": [121.58007, 25.08022]}, "properties": {"station_id": "TPE1820", "station_name": "臺北市內湖區內湖國民小學孝悌樓地下停車場", "district": "內湖區", "city": "taipei", "operator_name": "思納捷科技股份有限公司", "charging_points": 1, "available": 1, "occupied": 0, "availability_pct": 100, "charging_rate": "計度/固定/8.5 元每度", "parking_rate": "校園案預設以分計費", "service_time": "周一至周五晚間6時30分至翌日早上6時30分及例假日全天", "address": "內湖路2段41號地下1層", "telephone": "0227970237#1313", "floors": "1"}}, {"type": "Feature", "geometry": {"type": "Point", "coordinates": [121.50347, 25.02026]}, "properties": {"station_id": "TPE1401", "station_name": "青年一期社會住宅地下停車場", "district": "萬華區", "city": "taipei", "operator_name": "台灣大動力服務股份有限公司", "charging_points": 3, "available": 3, "occupied": 0, "availability_pct": 100, "charging_rate": "計度/固定/8 元每度", "parking_rate": "計時/每日/30元每小時，每12小時最高/150元每12小時", "service_time": "每日/00:00-24:00", "address": "青年路188號地下1至2層", "telephone": "0800076080", "floors": "B1"}}, {"type": "Feature", "geometry": {"type": "Point", "coordinates": [121.50531, 25.04423]}, "properties": {"station_id": "TPE0006", "station_name": "峨眉立體停車場", "district": "萬華區", "city": "taipei", "operator_name": "創玖科技股份有限公司", "charging_points": 10, "available": 0, "occupied": 0, "availability_pct": 0, "charging_rate": "計度/固定/8.00元每度", "parking_rate": "計時/平日(10~22)/50元每小時,計時/平日(22~10)/10元每小時,計時/假日(10~22)/60元每小時,計時/假日(22~10)/10元每小時", "service_time": "每日/00:00-24:00", "address": "峨眉街83號地下1層及地上7層", "telephone": "", "floors": "1,4"}}, {"type": "Feature", "geometry": {"type": "Point", "coordinates": [121.51427, 25.07499]}, "properties": {"station_id": "TPE1258", "station_name": "臺北市大龍新城地下停車場", "district": "大同區", "city": "taipei", "operator_name": "皇鋒通訊股份有限公司", "charging_points": 4, "available": 4, "occupied": 0, "availability_pct": 100, "charging_rate": "計度/8元每度", "parking_rate": "計時/每日/50元每小時", "service_time": "每日/00:00-24:00", "address": "重慶北路3段347號地下1至4層", "telephone": "022265-1151", "floors": "B2"}}, {"type": "Feature", "geometry": {"type": "Point", "coordinates": [121.57552, 25.06441]}, "properties": {"station_id": "TPE1354", "station_name": "好市多內湖店停車場", "district": "內湖區", "city": "taipei", "operator_name": "台灣大動力服務股份有限公司", "charging_points": 14, "available": 9, "occupied": 5, "availability_pct": 64, "charging_rate": "計度/固定/8 元每度", "parking_rate": "計時/每日/100元每小時，每日最高無上限", "service_time": "每日/10:00-21:30", "address": "舊宗路1段268號地上1層及地下1至3層", "telephone": "4499909", "floors": "B1"}}, {"type": "Feature", "geometry": {"type": "Point", "coordinates": [121.58197, 25.07072]}, "properties": {"station_id": "TPE1056", "station_name": "便利停車場瑞光站", "district": "內湖區", "city": "taipei", "operator_name": "台灣大動力服務股份有限公司", "charging_points": 2, "available": 2, "occupied": 0, "availability_pct": 100, "charging_rate": "計分/1 元每分", "parking_rate": "計時/每日/30元每小時，每日最高/170元 每日", "service_time": "每日/00:00-24:00", "address": "瑞光路68號地下1至3層", "telephone": "2799-1001#168", "floors": "B1"}}, {"type": "Feature", "geometry": {"type": "Point", "coordinates": [121.61445, 25.0574]}, "properties": {"station_id": "TPE0800", "station_name": "南港軟體園區南軟大樓地下室停車場", "district": "南港區", "city": "taipei", "operator_name": "台灣大動力服務股份有限公司", "charging_points": 6, "available": 6, "occupied": 0, "availability_pct": 100, "charging_rate": "計分/1.25 元每分", "parking_rate": "計時/每日/30元每小時，每日最高無上限", "service_time": "每日/00:00-24:00", "address": "三重路66號地下2層", "telephone": "022654-9101#369", "floors": "B1"}}, {"type": "Feature", "geometry": {"type": "Point", "coordinates": [121.61623, 25.05711]}, "properties": {"station_id": "TPE1048", "station_name": "南港軟體園區經貿大樓地下停車場", "district": "南港區", "city": "taipei", "operator_name": "台灣大動力服務股份有限公司", "charging_points": 6, "available": 6, "occupied": 0, "availability_pct": 100, "charging_rate": "計分/1.25 元每分", "parking_rate": "計時/每日/30元每小時，每日最高無上限", "service_time": "每日/00:00-24:00", "address": "經貿二路66號地下2層", "telephone": "2654-9101", "floors": "B1"}}, {"type": "Feature", "geometry": {"type": "Point", "coordinates": [121.5743, 25.07851]}, "properties": {"station_id": "TPE1388", "station_name": "大港墘公園地下停車場", "district": "內湖區", "city": "taipei", "operator_name": "創玖科技股份有限公司", "charging_points": 6, "available": 0, "occupied": 0, "availability_pct": 0, "charging_rate": "計度/固定/8.00元每度", "parking_rate": "計時/平日(08~20)/40元每小時/每日最高/280元每日,計時/平日(20~08)/20元每小時/每日最高/280元每日,計時/假日/20元每小時/每日最高/280元每日", "service_time": "每日/00:00-24:00", "address": "洲子街18號地下1至2層", "telephone": "0227995657", "floors": "B1"}}, {"type": "Feature", "geometry": {"type": "Point", "coordinates": [121.61243, 25.06902]}, "properties": {"station_id": "TPE1604", "station_name": "東湖立體停車場", "district": "內湖區", "city": "taipei", "operator_name": "創玖科技股份有限公司", "charging_points": 15, "available": 0, "occupied": 0, "availability_pct": 0, "charging_rate": "計度/固定/8.00元每度", "parking_rate": "計時/每日(08~21)/40元每小時/每日最高/200元每日,計時/每日(21~08)/20元每小時/每日最高/200元每日", "service_time": "每日/00:00-24:00", "address": "東湖路3號(地下共2層、地上1層及3至8層)", "telephone": "(02)27995657", "floors": "B2"}}, {"type": "Feature", "geometry": {"type": "Point", "coordinates": [121.52424, 25.05416]}, "properties": {"station_id": "TPE0014", "station_name": "USPACE晶華酒店附設停車場", "district": "中山區", "city": "taipei", "operator_name": "台灣大動力服務股份有限公司", "charging_points": 6, "available": 1, "occupied": 5, "availability_pct": 17, "charging_rate": "計分/1.25 元每分", "parking_rate": "計時/每日/100元每小時，每日最高無上限", "service_time": "每日/00:00-24:00", "address": "中山北路2段39巷3號地下4層", "telephone": "7751-8097", "floors": "B1"}}, {"type": "Feature", "geometry": {"type": "Point", "coordinates": [121.54249, 25.04695]}, "properties": {"station_id": "TPE0447", "station_name": "大潤發中崙店停車場", "district": "中山區", "city": "taipei", "operator_name": "台灣大動力服務股份有限公司", "charging_points": 12, "available": 12, "occupied": 0, "availability_pct": 100, "charging_rate": "計分/1.25 元每分", "parking_rate": "計時/每日/50元每小時，每日最高無上限", "service_time": "每日/00:00-24:00", "address": "八德路2段306號地下4-5層及地上1層", "telephone": "8772-6635", "floors": "B1"}}, {"type": "Feature", "geometry": {"type": "Point", "coordinates": [121.53872, 25.05758]}, "properties": {"station_id": "TPE0493", "station_name": "便利停車場民生站", "district": "中山區", "city": "taipei", "operator_name": "台灣大動力服務股份有限公司", "charging_points": 2, "available": 2, "occupied": 0, "availability_pct": 100, "charging_rate": "計分/1 元每分", "parking_rate": "計時/每日/60元每小時，每日最高無上限", "service_time": "每日/00:00-24:00", "address": "民生東路3段8號地下2-6層", "telephone": "2799-1001", "floors": "B1"}}, {"type": "Feature", "geometry": {"type": "Point", "coordinates": [121.51573, 25.04572]}, "properties": {"station_id": "TPE0247", "station_name": "永田停車場", "district": "中正區", "city": "taipei", "operator_name": "皇鋒通訊股份有限公司", "charging_points": 1, "available": 1, "occupied": 0, "availability_pct": 100, "charging_rate": "計分/ 0.9元每分", "parking_rate": "計時/每日/30元每小時", "service_time": "每日/00:00-24:00", "address": "忠孝西路1段50號地下5層", "telephone": "2370-5266", "floors": "B5"}}, {"type": "Feature", "geometry": {"type": "Point", "coordinates": [121.54678, 25.04508]}, "properties": {"station_id": "TPE0155", "station_name": "市民大道復敦段停車場", "district": "大安區", "city": "taipei", "operator_name": "創玖科技股份有限公司", "charging_points": 4, "available": 0, "occupied": 0, "availability_pct": 0, "charging_rate": "計度/固定/8.00元每度", "parking_rate": "計時/平日(08~12)/30元每小時,計時/平日(12~23)/40元每小時,計時/平日(23~08)/10元每小時,計時/假日(08~12)/60元每小時,計時/假日(12~08)/10元每小時", "service_time": "每日/00:00-24:00", "address": "市民大道4段(復興南路至敦化南路)地下(地下共2層)", "telephone": "2799-5657", "floors": "B1"}}, {"type": "Feature", "geometry": {"type": "Point", "coordinates": [121.55061, 25.04467]}, "properties": {"station_id": "TPE0163", "station_name": "市民大道敦延段停車場", "district": "大安區", "city": "taipei", "operator_name": "創玖科技股份有限公司", "charging_points": 4, "available": 0, "occupied": 0, "availability_pct": 0, "charging_rate": "計度/固定/8.00元每度", "parking_rate": "計時/平日(08~23)/30元每小時,計時/平日(23~08)/10元每小時,計時/假日(08~18)/30元每小時,計時/假日(18~23)/40元每小時,計時/假日(23~08)/10元每小時", "service_time": "每日/00:00-24:00", "address": "市民大道4段(敦化南路至延吉街)地下(地下共2層)", "telephone": "022799-5657", "floors": "B1"}}, {"type": "Feature", "geometry": {"type": "Point", "coordinates": [121.55357, 25.04437]}, "properties": {"station_id": "TPE0164", "station_name": "市民大道延吉段停車場", "district": "大安區", "city": "taipei", "operator_name": "創玖科技股份有限公司", "charging_points": 2, "available": 0, "occupied": 0, "availability_pct": 0, "charging_rate": "計度/固定/8.00元每度", "parking_rate": "計時/平日(08~12)/30元每小時,計時/平日(12~23)/40元每小時,計時/平日(23~08)/10元每小時,計時/假日(08~12)/40元每小時,計時/假日(12~23)/50元每小時,計時/假日(23~08)/10元每小時", "service_time": "每日/00:00-24:00", "address": "市民大道4段(延吉街兩側)地下(地下共1層)", "telephone": "022799-5657", "floors": "B1"}}, {"type": "Feature", "geometry": {"type": "Point", "coordinates": [121.56408, 25.05438]}, "properties": {"station_id": "TPE1402", "station_name": "健康1區社會住宅地下停車場", "district": "松山區", "city": "taipei", "operator_name": "台灣大動力服務股份有限公司", "charging_points": 4, "available": 3, "occupied": 0, "availability_pct": 100, "charging_rate": "計度/固定/8 元每度", "parking_rate": "計時/每日/30元每小時，每12小時最高/170元每12小時", "service_time": "每日/00:00-24:00", "address": "健康路285號(地下1至3層)", "telephone": "0277518097", "floors": "B1"}}, {"type": "Feature", "geometry": {"type": "Point", "coordinates": [121.56587, 25.05448]}, "properties": {"station_id": "TPE1403", "station_name": "健康2區社會住宅地下停車場", "district": "松山區", "city": "taipei", "operator_name": "台灣大動力服務股份有限公司", "charging_points": 5, "available": 4, "occupied": 1, "availability_pct": 80, "charging_rate": "計分/6.9 元每分", "parking_rate": "計時/每日/30元每小時，每12小時最高/170元每12小時", "service_time": "每日/00:00-24:00", "address": "健康路309號(地下1至3層)", "telephone": "027751-8097", "floors": "B1"}}, {"type": "Feature", "geometry": {"type": "Point", "coordinates": [121.54857, 25.05278]}, "properties": {"station_id": "TPE0038", "station_name": "王朝大酒店", "district": "松山區", "city": "taipei", "operator_name": "台灣大動力服務股份有限公司", "charging_points": 10, "available": 8, "occupied": 2, "availability_pct": 80, "charging_rate": "計分/1.25 元每分", "parking_rate": "計時/平日/100元每小時，每日最高無上限；計時/假日/150元每小時，每日最高無上限", "service_time": "每日/00:00-24:00", "address": "敦化北路100號地下3層", "telephone": "2719-8399", "floors": "B1"}}, {"type": "Feature", "geometry": {"type": "Point", "coordinates": [121.54958, 25.05464]}, "properties": {"station_id": "TPE0656", "station_name": "宏國大樓停車場", "district": "松山區", "city": "taipei", "operator_name": "台灣大動力服務股份有限公司", "charging_points": 8, "available": 8, "occupied": 0, "availability_pct": 100, "charging_rate": "計分/1.25 元每分", "parking_rate": "免費", "service_time": "每日/00:00-24:00", "address": "敦化北路167號地下2至4層", "telephone": "0225147188", "floors": "B1"}}, {"type": "Feature", "geometry": {"type": "Point", "coordinates": [121.54824, 25.04523]}, "properties": {"station_id": "TPE1598", "station_name": "USPACE富邦敦北大樓", "district": "松山區", "city": "taipei", "operator_name": "台灣大動力服務股份有限公司", "charging_points": 3, "available": 0, "occupied": 3, "availability_pct": 0, "charging_rate": "計分/1.25 元每分", "parking_rate": "計時/平日/40元每小時，每日最高無上限；計時/假日/60元每小時，每日最高無上限", "service_time": "每日/00:00-24:00", "address": "敦化南路1段108號地下3層", "telephone": "027751-8097", "floors": "B1"}}, {"type": "Feature", "geometry": {"type": "Point", "coordinates": [121.56193, 25.04466]}, "properties": {"station_id": "TPE0874", "station_name": "臺北文創停車場", "district": "信義區", "city": "taipei", "operator_name": "台灣大動力服務股份有限公司", "charging_points": 5, "available": 4, "occupied": 1, "availability_pct": 80, "charging_rate": "計分/1.1 元每分", "parking_rate": "計時/每日/80元每小時，每日最高無上限", "service_time": "每日/00:00-24:00", "address": "菸廠路88號地下3至5層", "telephone": "66386398", "floors": "B1"}}, {"type": "Feature", "geometry": {"type": "Point", "coordinates": [121.56262, 25.03556]}, "properties": {"station_id": "TPE0022", "station_name": "台北君悅酒店停車場", "district": "信義區", "city": "taipei", "operator_name": "台灣大動力服務股份有限公司", "charging_points": 5, "available": 0, "occupied": 5, "availability_pct": 0, "charging_rate": "計分/1.25 元每分", "parking_rate": "計時/每日/70元每小時，每日最高無上限", "service_time": "每日/00:00-24:00", "address": "松壽路2號地下1至2層", "telephone": "02-27290580", "floors": "B1"}}, {"type": "Feature", "geometry": {"type": "Point", "coordinates": [121.56776, 25.03568]}, "properties": {"station_id": "TPE0343", "station_name": "USPACE 宏泰A19購物中心停車場", "district": "信義區", "city": "taipei", "operator_name": "台灣大動力服務股份有限公司", "charging_points": 6, "available": 1, "occupied": 5, "availability_pct": 17, "charging_rate": "計分/1 元每分", "parking_rate": "計時/每日/70元每小時，每日最高無上限", "service_time": "每日/00:00-24:00", "address": "松壽路22號地下2層", "telephone": "02-77518097", "floors": "B1"}}, {"type": "Feature", "geometry": {"type": "Point", "coordinates": [121.56875, 25.03722]}, "properties": {"station_id": "TPE1053", "station_name": "USPACE交易一號停車場", "district": "信義區", "city": "taipei", "operator_name": "台灣大動力服務股份有限公司", "charging_points": 6, "available": 1, "occupied": 5, "availability_pct": 17, "charging_rate": "計分/1.25 元每分", "parking_rate": "計時/平日/60元每小時，每日最高/380元 每日；計時/假日/80元每小時，每日最高無上限", "service_time": "每日/00:00-24:00", "address": "松仁路89號地下3層", "telephone": "", "floors": "B1"}}, {"type": "Feature", "geometry": {"type": "Point", "coordinates": [121.56869, 25.03608]}, "properties": {"station_id": "TPE1054", "station_name": "USPACE交易二號停車場", "district": "信義區", "city": "taipei", "operator_name": "台灣大動力服務股份有限公司", "charging_points": 5, "available": 2, "occupied": 3, "availability_pct": 40, "charging_rate": "計分/1 元每分", "parking_rate": "計時/每日/80元每小時，每日最高/380元 每日", "service_time": "每日/00:00-24:00", "address": "松仁路97號地下3至4層", "telephone": "", "floors": "B1"}}, {"type": "Feature", "geometry": {"type": "Point", "coordinates": [121.5462, 25.02052]}, "properties": {"station_id": "TPE0741", "station_name": "大安運動中心停車場", "district": "大安區", "city": "taipei", "operator_name": "台灣大動力服務股份有限公司", "charging_points": 2, "available": 2, "occupied": 0, "availability_pct": 100, "charging_rate": "計分/1.25 元每分", "parking_rate": "計時/每日/30元每小時，每日最高無上限", "service_time": "每日/00:00-24:00", "address": "辛亥路3段55號", "telephone": "2377-0300", "floors": "B1"}}, {"type": "Feature", "geometry": {"type": "Point", "coordinates": [121.53416, 25.0418]}, "properties": {"station_id": "TPE1292", "station_name": "三井飯店停車場", "district": "大安區", "city": "taipei", "operator_name": "台灣大動力服務股份有限公司", "charging_points": 3, "available": 3, "occupied": 0, "availability_pct": 100, "charging_rate": "計分/1.25 元每分", "parking_rate": "計時/平日/60元每小時，每日最高/250元 每日；計時/假日/80元每小時，每日最高/350元 每日", "service_time": "每日/00:00-24:00", "address": "忠孝東路3段30號地下1、3至5層", "telephone": "0953022736", "floors": "B1"}}, {"type": "Feature", "geometry": {"type": "Point", "coordinates": [121.55221, 25.03829]}, "properties": {"station_id": "TPE0468", "station_name": "富邦金融大樓停車場", "district": "大安區", "city": "taipei", "operator_name": "台灣大動力服務股份有限公司", "charging_points": 6, "available": 2, "occupied": 4, "availability_pct": 33, "charging_rate": "計分/1.25 元每分", "parking_rate": "計時/每日/80元每小時，每日最高無上限", "service_time": "每日/00:00-24:00", "address": "仁愛路4段169號地下2至6層", "telephone": "2771-6699#68995、7751-8097", "floors": "B1"}}, {"type": "Feature", "geometry": {"type": "Point", "coordinates": [121.53729, 25.03922]}, "properties": {"station_id": "TPE0502", "station_name": "USPACE仁愛帝寶停車場", "district": "大安區", "city": "taipei", "operator_name": "台灣大動力服務股份有限公司", "charging_points": 6, "available": 0, "occupied": 6, "availability_pct": 0, "charging_rate": "計分/1.25 元每分", "parking_rate": "計時/平日/40元每小時，每日最高/200元 每日；計時/假日/110元每小時，每日最高/440元 每日", "service_time": "每日/00:00-24:00", "address": "建國南路1段222號地下1至4層", "telephone": "7751-8097", "floors": "B1"}}, {"type": "Feature", "geometry": {"type": "Point", "coordinates": [121.53308, 25.03141]}, "properties": {"station_id": "TPE0702", "station_name": "臺北市立金華國民中學", "district": "大安區", "city": "taipei", "operator_name": "皇鋒通訊股份有限公司", "charging_points": 1, "available": 1, "occupied": 0, "availability_pct": 100, "charging_rate": "計度/8元每度", "parking_rate": "計次/每日/70元每次", "service_time": "每日/00:00-24:00", "address": "新生南路2段32號", "telephone": "33931799", "floors": "1"}}, {"type": "Feature", "geometry": {"type": "Point", "coordinates": [121.55443, 25.02633]}, "properties": {"station_id": "TPE1099", "station_name": "USPACE電信大樓停車場", "district": "大安區", "city": "taipei", "operator_name": "台灣大動力服務股份有限公司", "charging_points": 6, "available": 3, "occupied": 1, "availability_pct": 75, "charging_rate": "計分/1.1 元每分", "parking_rate": "計時/每日/80元每小時，每日最高/300元 每日", "service_time": "每日/00:00-24:00", "address": "基隆路2段172-1號地下3至6層", "telephone": "7751-8097", "floors": "B1"}}, {"type": "Feature", "geometry": {"type": "Point", "coordinates": [121.52255, 25.03062]}, "properties": {"station_id": "TPE1715", "station_name": "富山杭州南路停車場", "district": "大安區", "city": "taipei", "operator_name": "皇鋒通訊股份有限公司", "charging_points": 1, "available": 0, "occupied": 1, "availability_pct": 0, "charging_rate": "計度/8元每度", "parking_rate": "計時/每日/60元每小時", "service_time": "每日/00:00-24:00", "address": "杭州南路2段61-1號", "telephone": "2265-1151", "floors": "1"}}, {"type": "Feature", "geometry": {"type": "Point", "coordinates": [121.55648, 25.0337]}, "properties": {"station_id": "TPE0311", "station_name": "便利停車場大安地政事務所站", "district": "大安區", "city": "taipei", "operator_name": "台灣大動力服務股份有限公司", "charging_points": 2, "available": 2, "occupied": 0, "availability_pct": 100, "charging_rate": "計分/1.25 元每分", "parking_rate": "計時/半小/35元/半小時(第一小時以一小時計費)，每日最高無上限", "service_time": "每日/00:00-24:00", "address": "信義路4段335巷6號地下1至3層", "telephone": "2799-1001#166", "floors": "B1"}}, {"type": "Feature", "geometry": {"type": "Point", "coordinates": [121.54587, 25.02211]}, "properties": {"station_id": "TPE1081", "station_name": "臺北和平籃球館停車場", "district": "大安區", "city": "taipei", "operator_name": "台灣大動力服務股份有限公司", "charging_points": 4, "available": 4, "occupied": 0, "availability_pct": 100, "charging_rate": "計分/1.25 元每分", "parking_rate": "計時/平日/30元每小時每日最高無上限 每日；計時/假日/40元每小時，每日最高無上限", "service_time": "每日/00:00-24:00", "address": "敦南街76巷28號", "telephone": "2377-0300", "floors": "B1"}}, {"type": "Feature", "geometry": {"type": "Point", "coordinates": [121.54948, 25.04441]}, "properties": {"station_id": "TPE0944", "station_name": "便利停車場富敦站", "district": "大安區", "city": "taipei", "operator_name": "台灣大動力服務股份有限公司", "charging_points": 2, "available": 2, "occupied": 0, "availability_pct": 100, "charging_rate": "計分/1.25 元每分", "parking_rate": "計時/每日/60元每小時，每日最高無上限", "service_time": "每日/00:00-24:00", "address": "敦化南路1段111號地下1至4層", "telephone": "2799-1001#168", "floors": "B1"}}, {"type": "Feature", "geometry": {"type": "Point", "coordinates": [121.51822, 25.11576]}, "properties": {"station_id": "TPE1864", "station_name": "振華公園地下停車場", "district": "北投區", "city": "taipei", "operator_name": "正好停股份有限公司", "charging_points": 13, "available": 13, "occupied": 0, "availability_pct": 100, "charging_rate": "計度/固定/8元每度", "parking_rate": "計時/每日/40 元每小時/每日最高/240 元每日", "service_time": "每日/00:00-24:00", "address": "振華街15號地下共2層", "telephone": "0227995657", "floors": "B1"}}, {"type": "Feature", "geometry": {"type": "Point", "coordinates": [121.53243, 25.11172]}, "properties": {"station_id": "TPE1675", "station_name": "168停車聯盟-士林場", "district": "士林區", "city": "taipei", "operator_name": "應安有限公司", "charging_points": 1, "available": 1, "occupied": 0, "availability_pct": 100, "charging_rate": "慢充每度8元", "parking_rate": "60/1H", "service_time": "24H", "address": "忠誠路2段53巷7號地下1至2層", "telephone": "(02)27546661", "floors": "1"}}, {"type": "Feature", "geometry": {"type": "Point", "coordinates": [121.51717, 25.06905]}, "properties": {"station_id": "TPE0896", "station_name": "168停車聯盟-大龍場", "district": "大同區", "city": "taipei", "operator_name": "應安有限公司", "charging_points": 1, "available": 0, "occupied": 1, "availability_pct": 0, "charging_rate": "慢充每度8元", "parking_rate": "50/1H", "service_time": "24H", "address": "民族西路105號地下1至2層", "telephone": "022754-6661", "floors": "1"}}, {"type": "Feature", "geometry": {"type": "Point", "coordinates": [121.49138, 25.02694]}, "properties": {"station_id": "TPE1267", "station_name": "168停車聯盟-西園國宅場", "district": "萬華區", "city": "taipei", "operator_name": "助安企業股份有限公司", "charging_points": 1, "available": 1, "occupied": 0, "availability_pct": 100, "charging_rate": "慢充每度8元", "parking_rate": "150/1H", "service_time": "24H", "address": "西園路2段320巷36弄1-49號地下層", "telephone": "27546661#18", "floors": "1"}}, {"type": "Feature", "geometry": {"type": "Point", "coordinates": [121.58581, 25.04922]}, "properties": {"station_id": "TPE0639", "station_name": "168停車聯盟-昆陽場(南港信義保管場)", "district": "南港區", "city": "taipei", "operator_name": "應安有限公司", "charging_points": 1, "available": 0, "occupied": 1, "availability_pct": 0, "charging_rate": "慢充每度8元", "parking_rate": "150/1H", "service_time": "24H", "address": "忠孝東路6段135號旁空地", "telephone": "0227546661#18", "floors": "1"}}, {"type": "Feature", "geometry": {"type": "Point", "coordinates": [121.535, 25.01374]}, "properties": {"station_id": "TPE1476", "station_name": "168停車聯盟-水源市場", "district": "中正區", "city": "taipei", "operator_name": "安企業有限公司水源市場停車場", "charging_points": 2, "available": 1, "occupied": 1, "availability_pct": 50, "charging_rate": "慢充每度8元", "parking_rate": "60/1H", "service_time": "24H", "address": "羅斯福路4段92號地下1至2層", "telephone": "2754-6661", "floors": "1"}}, {"type": "Feature", "geometry": {"type": "Point", "coordinates": [121.55698, 25.04373]}, "properties": {"station_id": "TPE0459", "station_name": "168停車聯盟-華視停車場", "district": "大安區", "city": "taipei", "operator_name": "應安有限公司", "charging_points": 1, "available": 1, "occupied": 0, "availability_pct": 100, "charging_rate": "慢充每度5元", "parking_rate": "150/1H", "service_time": "24H", "address": "光復南路100號地下1至2層", "telephone": "27546661", "floors": "1"}}, {"type": "Feature", "geometry": {"type": "Point", "coordinates": [121.54869, 25.00027]}, "properties": {"station_id": "TPE1650", "station_name": "168停車聯盟-興岩社福大樓", "district": "文山區", "city": "taipei", "operator_name": "助安企業有限公司興岩地下停車場", "charging_points": 3, "available": 1, "occupied": 2, "availability_pct": 33, "charging_rate": "慢充每度8元", "parking_rate": "60/1H", "service_time": "24H", "address": "興隆路2段88號地下1至2層", "telephone": "022754-6661#18", "floors": "1"}}, {"type": "Feature", "geometry": {"type": "Point", "coordinates": [121.55619, 24.9808]}, "properties": {"station_id": "TPE1589", "station_name": "景美女中地下停車場", "district": "文山區", "city": "taipei", "operator_name": "遠創智慧股份有限公司", "charging_points": 6, "available": 0, "occupied": 0, "availability_pct": 0, "charging_rate": "計度/正常/00:00-24:00/8元每度", "parking_rate": "計時/每日/20 元每小時，無上限", "service_time": "每日/00:00-24:00", "address": "木新路3段210巷9號地下(地下共2層)", "telephone": "6603-9014", "floors": "B2"}}, {"type": "Feature", "geometry": {"type": "Point", "coordinates": [121.55566, 24.98904]}, "properties": {"station_id": "TPE1148", "station_name": "永建國小地下停車場", "district": "文山區", "city": "taipei", "operator_name": "遠創智慧股份有限公司", "charging_points": 4, "available": 0, "occupied": 0, "availability_pct": 0, "charging_rate": "計度/正常/00:00-24:00/8元每度", "parking_rate": "計時/每日/30 元每小時", "service_time": "每日/00:00-24:00", "address": "木柵路1段311巷1號地下1至2層", "telephone": "22347883", "floors": "B1"}}, {"type": "Feature", "geometry": {"type": "Point", "coordinates": [121.55793, 24.98833]}, "properties": {"station_id": "TPE1411", "station_name": "興隆D1社會住宅地下停車場", "district": "文山區", "city": "taipei", "operator_name": "遠創智慧股份有限公司", "charging_points": 3, "available": 0, "occupied": 0, "availability_pct": 0, "charging_rate": "計度/正常/00:00-24:00/8元每度", "parking_rate": "計時/每日/20 元每小時", "service_time": "每日/00:00-24:00", "address": "木柵路2段2巷12-50號地下1至3層", "telephone": "2939-8930", "floors": "B1"}}, {"type": "Feature", "geometry": {"type": "Point", "coordinates": [121.56261, 24.98811]}, "properties": {"station_id": "TPE1164", "station_name": "興隆D2社會住宅地下停車場", "district": "文山區", "city": "taipei", "operator_name": "遠創智慧股份有限公司", "charging_points": 7, "available": 0, "occupied": 0, "availability_pct": 0, "charging_rate": "計度/正常/00:00-24:00/8元每度", "parking_rate": "計時/每日/20 元每小時，每日最高/150 元每日", "service_time": "每日/00:00-24:00", "address": "興隆路4段105巷45號地下1至5層", "telephone": "8661-7601", "floors": "B2"}}, {"type": "Feature", "geometry": {"type": "Point", "coordinates": [121.58803, 25.06885]}, "properties": {"station_id": "TPE1773", "station_name": "臺北市內湖區新湖國民小學活動中心地下停車場", "district": "內湖區", "city": "taipei", "operator_name": "臺北市內湖區新湖國民小學", "charging_points": 3, "available": 3, "occupied": 0, "availability_pct": 100, "charging_rate": "● 計度 / 固定 / 6 元每度", "parking_rate": "本場為月租場，未開放臨時停車。", "service_time": "本場為月租場，未開放臨時停車。", "address": "民權東路6段138號", "telephone": "0227963721#121", "floors": "B1"}}, {"type": "Feature", "geometry": {"type": "Point", "coordinates": [121.55896, 25.06136]}, "properties": {"station_id": "TPE0082", "station_name": "民權公園地下停車場", "district": "松山區", "city": "taipei", "operator_name": "連展電能科技股份有限公司", "charging_points": 14, "available": 11, "occupied": 3, "availability_pct": 79, "charging_rate": "計度/固定/8元每度", "parking_rate": "計時/每日 08:00~22:00/30元/每小時, 每日 22:00~08:00/10元/每小時 ", "service_time": "7x24 小時", "address": "民權東路4段180號地下(地下共3層)", "telephone": "0227676903", "floors": "B1"}}, {"type": "Feature", "geometry": {"type": "Point", "coordinates": [121.51983, 25.0756]}, "properties": {"station_id": "TPE1562", "station_name": "臺北市立明倫高級中學停車場", "district": "大同區", "city": "taipei", "operator_name": "區快充科技股份有限公司", "charging_points": 1, "available": 1, "occupied": 0, "availability_pct": 100, "charging_rate": "計分/固定/0.8 元每分", "parking_rate": "無臨停。季繳：7,200元，半年繳優惠：14,000元(每月2,400元)", "service_time": "每日/00:00-24:00", "address": "承德路3段336號地下1層", "telephone": "2596-1567", "floors": "B1"}}, {"type": "Feature", "geometry": {"type": "Point", "coordinates": [121.56168, 25.07956]}, "properties": {"station_id": "TPE0535", "station_name": "濱江國中地下停車場", "district": "中山區", "city": "taipei", "operator_name": "連展電能科技股份有限公司", "charging_points": 5, "available": 5, "occupied": 0, "availability_pct": 100, "charging_rate": "計度/固定/8元每度", "parking_rate": "計時/每日/10元/每小時, 計時/每日/20元/每小時", "service_time": "7x24 小時", "address": "樂群二路266巷1號地下", "telephone": "2502-3333", "floors": "B1"}}, {"type": "Feature", "geometry": {"type": "Point", "coordinates": [121.52257, 25.0965]}, "properties": {"station_id": "TPE1809", "station_name": "華榮社宅場", "district": "士林區", "city": "taipei", "operator_name": "裕電俥電股份有限公司", "charging_points": 2, "available": 2, "occupied": 0, "availability_pct": 100, "charging_rate": "計度/固定/12 元每度", "parking_rate": "計時/每日/150 元每小時;計次/每日/400 元每次", "service_time": "7x24 小時", "address": "華聲街17號地下1至3層", "telephone": "0277381111", "floors": "B1"}}, {"type": "Feature", "geometry": {"type": "Point", "coordinates": [121.50769, 25.03278]}, "properties": {"station_id": "TPE1227", "station_name": "臺北市中正區社會福利綜合大樓附設停車場", "district": "中正區", "city": "taipei", "operator_name": "裕電俥電股份有限公司", "charging_points": 1, "available": 1, "occupied": 0, "availability_pct": 100, "charging_rate": "計度/固定/0 元每度", "parking_rate": "計次/每日/200 元每次", "service_time": "平日/08:00-18:00,假日/08:00-18:00", "address": "延平南路207號地下1至2層", "telephone": "2381-0267", "floors": "1"}}, {"type": "Feature", "geometry": {"type": "Point", "coordinates": [121.55054, 25.05599]}, "properties": {"station_id": "TPE0068", "station_name": "敦北翠苑停車場", "district": "松山區", "city": "taipei", "operator_name": "皇鋒通訊股份有限公司", "charging_points": 2, "available": 1, "occupied": 1, "availability_pct": 50, "charging_rate": "計分/ 0.7元每分", "parking_rate": "計時/每日/60元每小時", "service_time": "每日/00:00-24:00", "address": "敦化北路199巷8號地下1至2層", "telephone": "0225474157", "floors": "B1"}}, {"type": "Feature", "geometry": {"type": "Point", "coordinates": [121.55293, 25.01377]}, "properties": {"station_id": "TPE0255", "station_name": "助安企業有限公司懷愛館地下停車場", "district": "大安區", "city": "taipei", "operator_name": "連展電能科技股份有限公司", "charging_points": 7, "available": 6, "occupied": 1, "availability_pct": 86, "charging_rate": "計度/固定/8元每度", "parking_rate": "計時/每日/50元/每小時", "service_time": "7x24 小時", "address": "辛亥路3段330號", "telephone": "27546661", "floors": "B3"}}, {"type": "Feature", "geometry": {"type": "Point", "coordinates": [121.60407, 25.05453]}, "properties": {"station_id": "TPE1400", "station_name": "東明乙區社會住宅地下停車場", "district": "南港區", "city": "taipei", "operator_name": " 日月亭股份有限公司南港東明乙營業所", "charging_points": 6, "available": 5, "occupied": 1, "availability_pct": 83, "charging_rate": "計度/固定/8 元每度", "parking_rate": "計時/平日/20 元每小時, 計時/假日/40 元每小時", "service_time": "每日/00:00-24:00", "address": "南港路2段38巷6號(含之1~3)及60巷13號地下1至4層", "telephone": "0228318671", "floors": "B1"}}, {"type": "Feature", "geometry": {"type": "Point", "coordinates": [121.51484, 25.09754]}, "properties": {"station_id": "TPE0928", "station_name": "兒童新樂園停車場", "district": "士林區", "city": "taipei", "operator_name": "日月亭股份有限公司兒童新樂園營業所", "charging_points": 9, "available": 6, "occupied": 3, "availability_pct": 67, "charging_rate": "計度/固定/8元每度", "parking_rate": "計時/平日/30元每小時，計時/假日/40元每小時", "service_time": "24小時", "address": "承德路5段55號地上1至2層", "telephone": "0228345378", "floors": "1"}}, {"type": "Feature", "geometry": {"type": "Point", "coordinates": [121.48936, 25.14095]}, "properties": {"station_id": "TPE1544", "station_name": "北投稻香地下停車場", "district": "北投區", "city": "taipei", "operator_name": "宜舍企業股份有限公司北投稻香營業所", "charging_points": 3, "available": 1, "occupied": 2, "availability_pct": 33, "charging_rate": "目前無收費 ", "parking_rate": "目前無收費", "service_time": "24小時", "address": "稻香路81號地下1至3層", "telephone": "0228983536", "floors": "B2"}}, {"type": "Feature", "geometry": {"type": "Point", "coordinates": [121.55081, 25.04886]}, "properties": {"station_id": "TPE0712", "station_name": "臺北田徑場平面、地下停車場", "district": "松山區", "city": "taipei", "operator_name": "日月亭股份有限公司臺北田徑地下停車場營業所", "charging_points": 6, "available": 3, "occupied": 3, "availability_pct": 50, "charging_rate": "免費", "parking_rate": "汽車40元/時(08-20)，當日最高上限230元，30元/時(20-08)，全程以半小時計費", "service_time": "7*24小時", "address": "敦化北路3號地上1層C門外及地下1層", "telephone": "0225798520", "floors": "B1"}}, {"type": "Feature", "geometry": {"type": "Point", "coordinates": [121.5356, 25.11602]}, "properties": {"station_id": "TPE0935", "station_name": "臺北市立大學天母校區體育館平面停車場", "district": "士林區", "city": "taipei", "operator_name": "俥亭停車事業股份有限公司臺北市立大學營業所", "charging_points": 2, "available": 1, "occupied": 1, "availability_pct": 50, "charging_rate": "計度/固定/8元每度", "parking_rate": "平日30元/每小時 12小時最高200元 假日50元/每小時 12小時最高350元", "service_time": "每日00:00至24:00", "address": "忠誠路2段207巷6號體育館旁", "telephone": "0228726018", "floors": "1"}}, {"type": "Feature", "geometry": {"type": "Point", "coordinates": [121.53844, 25.01241]}, "properties": {"station_id": "TPE0201U02", "station_name": "國立臺灣大學公館平面停車場", "district": "大安區", "city": "taipei", "operator_name": "華城電能科技股份有限公司", "charging_points": 7, "available": 5, "occupied": 2, "availability_pct": 71, "charging_rate": "AC/計度/一般/ 7.8000元每度", "parking_rate": "40元/小時", "service_time": "每日/00:00-24:00", "address": "羅斯福路4段1號", "telephone": "33663366", "floors": "1"}}, {"type": "Feature", "geometry": {"type": "Point", "coordinates": [121.53644, 25.11609]}, "properties": {"station_id": "TPE0709", "station_name": "臺北市立大學天母校區教學、行政科資大樓地下停車場", "district": "士林區", "city": "taipei", "operator_name": "俥亭停車事業股份有限公司臺北市立大學營業所", "charging_points": 14, "available": 4, "occupied": 8, "availability_pct": 33, "charging_rate": "計度/固定/8元每度", "parking_rate": "平日30元/每小時 12小時最高200元 假日50元/每小時 12小時最高350元", "service_time": "每日00:00至24:00", "address": "忠誠路2段101號地下2至3層", "telephone": "0228726018", "floors": "1,B2"}}, {"type": "Feature", "geometry": {"type": "Point", "coordinates": [121.60395, 25.05426]}, "properties": {"station_id": "TPE1399", "station_name": "東明甲區社會住宅地下停車場", "district": "南港區", "city": "taipei", "operator_name": "日月亭股份有限公司南港東明甲營業所", "charging_points": 1, "available": 1, "occupied": 0, "availability_pct": 100, "charging_rate": "計度/固定/8 元每度", "parking_rate": "計時/平日/20 元每小時, 計時/假日/40 元每小時", "service_time": "每日/00:00-24:00", "address": "南港路2段60巷12、16、18號地下1至3層", "telephone": "0226510865", "floors": "B1"}}, {"type": "Feature", "geometry": {"type": "Point", "coordinates": [121.55195, 25.05132]}, "properties": {"station_id": "TPE0151", "station_name": "臺北體育館地下停車場", "district": "松山區", "city": "taipei", "operator_name": "日月亭股份有限公司臺北體育館營業所", "charging_points": 3, "available": 3, "occupied": 0, "availability_pct": 100, "charging_rate": "免費", "parking_rate": "汽車40元/時(08-20)，當日最高上限230元，30元/時(20-08)，全程以半小時計費", "service_time": "7*24小時", "address": "南京東路4段10號地下1至2層", "telephone": "0225798373", "floors": "B1"}}, {"type": "Feature", "geometry": {"type": "Point", "coordinates": [121.56267, 25.05617]}, "properties": {"station_id": "TPE0177", "station_name": "健康國小地下停車場", "district": "松山區", "city": "taipei", "operator_name": "寶盛國際股份有限公司", "charging_points": 4, "available": 2, "occupied": 2, "availability_pct": 50, "charging_rate": "計時/每日/0元每1時", "parking_rate": "每1小時0元", "service_time": "每日/00:00-24:00", "address": "延壽街168號地下層［地下2層］", "telephone": "0226550818", "floors": "B1"}}, {"type": "Feature", "geometry": {"type": "Point", "coordinates": [121.54246, 25.03623]}, "properties": {"station_id": "TPE0106", "station_name": "附中公園地下停車場", "district": "大安區", "city": "taipei", "operator_name": "寶盛國際股份有限公司", "charging_points": 2, "available": 1, "occupied": 1, "availability_pct": 50, "charging_rate": "計時/每日/0元每1時", "parking_rate": "每1小時0元", "service_time": "每日/00:00-24:00", "address": "復興南路1段340巷11號地下1至2層", "telephone": "022655-0818", "floors": "B1"}}, {"type": "Feature", "geometry": {"type": "Point", "coordinates": [121.51454, 25.11601]}, "properties": {"station_id": "TPE0103", "station_name": "嘟嘟房捷運石牌站停車場", "district": "北投區", "city": "taipei", "operator_name": "中興電工機械股份有限公司", "charging_points": 2, "available": 2, "occupied": 0, "availability_pct": 100, "charging_rate": "計度/固定/5元每度", "parking_rate": "每1小時0元", "service_time": "每日/00:00-24:00", "address": "石牌路1段200號", "telephone": "0226550818", "floors": "1"}}, {"type": "Feature", "geometry": {"type": "Point", "coordinates": [121.50644, 25.12083]}, "properties": {"station_id": "TPE0104", "station_name": "嘟嘟房捷運唭哩岸站停車場", "district": "北投區", "city": "taipei", "operator_name": "中興電工機械股份有限公司", "charging_points": 1, "available": 1, "occupied": 0, "availability_pct": 100, "charging_rate": "計度/固定/5元每度", "parking_rate": "每1小時0元", "service_time": "每日/00:00-24:00", "address": "東華街2段301號", "telephone": "0226550818", "floors": "1"}}, {"type": "Feature", "geometry": {"type": "Point", "coordinates": [121.49815, 25.13284]}, "properties": {"station_id": "TPE0117", "station_name": "嘟嘟房捷運北投站停車場", "district": "北投區", "city": "taipei", "operator_name": "中興電工機械股份有限公司", "charging_points": 2, "available": 0, "occupied": 2, "availability_pct": 0, "charging_rate": "計度/固定/5元每度", "parking_rate": "每1小時0元", "service_time": "每日/00:00-24:00", "address": "光明路1號", "telephone": "0226550818", "floors": "1"}}, {"type": "Feature", "geometry": {"type": "Point", "coordinates": [121.50144, 25.13687]}, "properties": {"station_id": "TPE0102", "station_name": "嘟嘟房捷運新北投站停車場", "district": "北投區", "city": "taipei", "operator_name": "中興電工機械股份有限公司", "charging_points": 1, "available": 0, "occupied": 1, "availability_pct": 0, "charging_rate": "計度/固定/5元每度", "parking_rate": "每1小時0元", "service_time": "每日/00:00-24:00", "address": "大業路700號", "telephone": "0226550818", "floors": "1"}}, {"type": "Feature", "geometry": {"type": "Point", "coordinates": [121.47338, 25.1311]}, "properties": {"station_id": "TPE0114", "station_name": "嘟嘟房捷運忠義站停車場", "district": "北投區", "city": "taipei", "operator_name": "中興電工機械股份有限公司", "charging_points": 1, "available": 1, "occupied": 0, "availability_pct": 100, "charging_rate": "計度/固定/5元每度", "parking_rate": "每1小時0元", "service_time": "每日/00:00-24:00", "address": "中央北路4段301號", "telephone": "0226550818", "floors": "1"}}, {"type": "Feature", "geometry": {"type": "Point", "coordinates": [121.61881, 25.06139]}, "properties": {"station_id": "TPE0678", "station_name": "嘟嘟房捷運內湖機廠站停車場", "district": "南港區", "city": "taipei", "operator_name": "中興電工機械股份有限公司", "charging_points": 8, "available": 6, "occupied": 2, "availability_pct": 75, "charging_rate": "計度/固定/5元每度", "parking_rate": "每1小時0元", "service_time": "每日/00:00-24:00", "address": "經貿一路265號地上3至5層", "telephone": "0226550818", "floors": "3"}}, {"type": "Feature", "geometry": {"type": "Point", "coordinates": [121.52283, 25.10166]}, "properties": {"station_id": "TPE0091", "station_name": "嘟嘟房捷運芝山站停車場", "district": "士林區", "city": "taipei", "operator_name": "中興電工機械股份有限公司", "charging_points": 5, "available": 2, "occupied": 3, "availability_pct": 40, "charging_rate": "計度/固定/5元每度", "parking_rate": "每1小時0元", "service_time": "每日/00:00-24:00", "address": "福國路70號", "telephone": "0226550818", "floors": "1"}}, {"type": "Feature", "geometry": {"type": "Point", "coordinates": [121.52637, 25.09215]}, "properties": {"station_id": "TPE0140", "station_name": "嘟嘟房捷運士林站停車場", "district": "士林區", "city": "taipei", "operator_name": "中興電工機械股份有限公司", "charging_points": 2, "available": 1, "occupied": 1, "availability_pct": 50, "charging_rate": "計度/固定/5元每度", "parking_rate": "每1小時0元", "service_time": "每日/00:00-24:00", "address": "福德路1號", "telephone": "0226550818", "floors": "1"}}, {"type": "Feature", "geometry": {"type": "Point", "coordinates": [121.53671, 25.04689]}, "properties": {"station_id": "TPE0228U01", "station_name": "建國北路高架橋下O區", "district": "中山區", "city": "taipei", "operator_name": "寶盛國際股份有限公司", "charging_points": 2, "available": 1, "occupied": 1, "availability_pct": 50, "charging_rate": "計時/每日/10元每1時", "parking_rate": "每1小時20元", "service_time": "每日/00:00-24:00", "address": "建國北路高架橋下(八德路-民族東路)", "telephone": "2655-0818", "floors": "1"}}, {"type": "Feature", "geometry": {"type": "Point", "coordinates": [121.53701, 25.06444]}, "properties": {"station_id": "TPE0228U11", "station_name": "建國北路高架橋下IB區", "district": "中山區", "city": "taipei", "operator_name": "寶盛國際股份有限公司", "charging_points": 1, "available": 0, "occupied": 1, "availability_pct": 0, "charging_rate": "計時/每日/10元每1時", "parking_rate": "每1小時20元", "service_time": "每日/00:00-24:00", "address": "建國北路高架橋下(八德路-民族東路)", "telephone": "2655-0818", "floors": "1"}}, {"type": "Feature", "geometry": {"type": "Point", "coordinates": [121.53607, 25.06585]}, "properties": {"station_id": "TPE0228U12", "station_name": "建國北路高架橋下J區", "district": "中山區", "city": "taipei", "operator_name": "寶盛國際股份有限公司", "charging_points": 1, "available": 1, "occupied": 0, "availability_pct": 100, "charging_rate": "計時/每日/10元每1時", "parking_rate": "每1小時20元", "service_time": "每日/00:00-24:00", "address": "建國北路高架橋下(八德路-民族東路)", "telephone": "2655-0818", "floors": "1"}}, {"type": "Feature", "geometry": {"type": "Point", "coordinates": [121.53698, 25.05931]}, "properties": {"station_id": "TPE0228U08", "station_name": "建國北路高架橋下G區", "district": "中山區", "city": "taipei", "operator_name": "寶盛國際股份有限公司", "charging_points": 6, "available": 0, "occupied": 6, "availability_pct": 0, "charging_rate": "計時/每日/10元每1時", "parking_rate": "每1小時20元", "service_time": "每日/00:00-24:00", "address": "建國北路高架橋下(八德路-民族東路)", "telephone": "2655-0818", "floors": "1"}}, {"type": "Feature", "geometry": {"type": "Point", "coordinates": [121.53695, 25.06076]}, "properties": {"station_id": "TPE0228U09", "station_name": "建國北路高架橋下H區", "district": "中山區", "city": "taipei", "operator_name": "寶盛國際股份有限公司", "charging_points": 6, "available": 0, "occupied": 6, "availability_pct": 0, "charging_rate": "計時/每日/10元每1時", "parking_rate": "每1小時20元", "service_time": "每日/00:00-24:00", "address": "建國北路高架橋下(八德路-民族東路)", "telephone": "2655-0818", "floors": "1"}}, {"type": "Feature", "geometry": {"type": "Point", "coordinates": [121.53697, 25.05657]}, "properties": {"station_id": "TPE0228U06", "station_name": "建國北路高架橋下E區", "district": "中山區", "city": "taipei", "operator_name": "寶盛國際股份有限公司", "charging_points": 3, "available": 2, "occupied": 1, "availability_pct": 67, "charging_rate": "計時/每日/10元每1時", "parking_rate": "每1小時20元", "service_time": "每日/00:00-24:00", "address": "建國北路高架橋下(八德路-民族東路)", "telephone": "2655-0818", "floors": "1"}}, {"type": "Feature", "geometry": {"type": "Point", "coordinates": [121.53693, 25.05719]}, "properties": {"station_id": "TPE0228U07", "station_name": "建國北路高架橋下F區", "district": "中山區", "city": "taipei", "operator_name": "寶盛國際股份有限公司", "charging_points": 1, "available": 1, "occupied": 0, "availability_pct": 100, "charging_rate": "計時/每日/10元每1時", "parking_rate": "每1小時20元", "service_time": "每日/00:00-24:00", "address": "建國北路高架橋下(八德路-民族東路)", "telephone": "2655-0818", "floors": "1"}}, {"type": "Feature", "geometry": {"type": "Point", "coordinates": [121.53677, 25.04989]}, "properties": {"station_id": "TPE0228U03", "station_name": "建國北路高架橋下B區", "district": "中山區", "city": "taipei", "operator_name": "寶盛國際股份有限公司", "charging_points": 5, "available": 1, "occupied": 4, "availability_pct": 20, "charging_rate": "計時/每日/10元每1時", "parking_rate": "每1小時20元", "service_time": "每日/00:00-24:00", "address": "建國北路高架橋下(八德路-民族東路)", "telephone": "2655-0818", "floors": "1"}}, {"type": "Feature", "geometry": {"type": "Point", "coordinates": [121.53685, 25.0534]}, "properties": {"station_id": "TPE0228U04", "station_name": "建國北路高架橋下C區", "district": "中山區", "city": "taipei", "operator_name": "寶盛國際股份有限公司", "charging_points": 3, "available": 1, "occupied": 2, "availability_pct": 33, "charging_rate": "計時/每日/10元每1時", "parking_rate": "每1小時20元", "service_time": "每日/00:00-24:00", "address": "建國北路高架橋下(八德路-民族東路)", "telephone": "2655-0818", "floors": "1"}}, {"type": "Feature", "geometry": {"type": "Point", "coordinates": [121.53687, 25.0542]}, "properties": {"station_id": "TPE0228U05", "station_name": "建國北路高架橋下D區", "district": "中山區", "city": "taipei", "operator_name": "寶盛國際股份有限公司", "charging_points": 3, "available": 1, "occupied": 2, "availability_pct": 33, "charging_rate": "計時/每日/10元每1時", "parking_rate": "每1小時20元", "service_time": "每日/00:00-24:00", "address": "建國北路高架橋下(八德路-民族東路)", "telephone": "2655-0818", "floors": "1"}}, {"type": "Feature", "geometry": {"type": "Point", "coordinates": [121.53676, 25.04922]}, "properties": {"station_id": "TPE0228U02", "station_name": "建國北路高架橋下A區", "district": "中山區", "city": "taipei", "operator_name": "寶盛國際股份有限公司", "charging_points": 2, "available": 0, "occupied": 2, "availability_pct": 0, "charging_rate": "計時/每日/10元每1時", "parking_rate": "每1小時20元", "service_time": "每日/00:00-24:00", "address": "建國北路高架橋下(八德路-民族東路)", "telephone": "2655-0818", "floors": "1"}}, {"type": "Feature", "geometry": {"type": "Point", "coordinates": [121.5566, 25.04045]}, "properties": {"station_id": "TPE0645", "station_name": "僑安地下停車場", "district": "大安區", "city": "taipei", "operator_name": "寶盛國際股份有限公司", "charging_points": 8, "available": 2, "occupied": 6, "availability_pct": 25, "charging_rate": "計時/每日/0元每1時", "parking_rate": "每1小時0元", "service_time": "每日/00:00-24:00", "address": "忠孝東路4段306號地下1至3層", "telephone": "2655-0818", "floors": "B1"}}, {"type": "Feature", "geometry": {"type": "Point", "coordinates": [121.52274, 25.0479]}, "properties": {"station_id": "TPE0100", "station_name": "市民大道中林段停車場", "district": "中正區", "city": "taipei", "operator_name": "寶盛國際股份有限公司", "charging_points": 10, "available": 6, "occupied": 4, "availability_pct": 60, "charging_rate": "計時/每日/5元每1度", "parking_rate": "每1小時0元", "service_time": "每日/00:00-24:00", "address": "市民大道2段(中山北路至林森北路)地下1-2層", "telephone": "2655-0818", "floors": "B1"}}, {"type": "Feature", "geometry": {"type": "Point", "coordinates": [121.52792, 25.04687]}, "properties": {"station_id": "TPE0110", "station_name": "市民大道林金段停車場", "district": "中正區", "city": "taipei", "operator_name": "寶盛國際股份有限公司", "charging_points": 19, "available": 7, "occupied": 12, "availability_pct": 37, "charging_rate": "計時/每日/5元每1度", "parking_rate": "每1小時0元", "service_time": "每日/00:00-24:00", "address": "市民大道2段(林森北路至金山北路)地下1至2層", "telephone": "2655-0818", "floors": "B1"}}, {"type": "Feature", "geometry": {"type": "Point", "coordinates": [121.5714, 25.04959]}, "properties": {"station_id": "TPE0051", "station_name": "八德立體停車場", "district": "松山區", "city": "taipei", "operator_name": "寶盛國際股份有限公司", "charging_points": 7, "available": 4, "occupied": 3, "availability_pct": 57, "charging_rate": "計時/每日/0元每1時", "parking_rate": "每1小時0元", "service_time": "每日/00:00-24:00", "address": "八德路4段580號(地下1層及地上10層)", "telephone": "0226550818", "floors": "B1"}}, {"type": "Feature", "geometry": {"type": "Point", "coordinates": [121.51059, 25.04404]}, "properties": {"station_id": "TPE0011", "station_name": "中山堂地下停車場", "district": "中正區", "city": "taipei", "operator_name": "寶盛國際股份有限公司", "charging_points": 9, "available": 3, "occupied": 6, "availability_pct": 33, "charging_rate": "計時/每日/0元每1時", "parking_rate": "每1小時0元", "service_time": "每日/00:00-24:00", "address": "延平南路98號地下1至2層", "telephone": "2655-0818", "floors": "B1"}}, {"type": "Feature", "geometry": {"type": "Point", "coordinates": [121.5614, 25.05002]}, "properties": {"station_id": "TPE0355", "station_name": "中崙高中地下停車場", "district": "松山區", "city": "taipei", "operator_name": "寶盛國際股份有限公司", "charging_points": 7, "available": 1, "occupied": 6, "availability_pct": 14, "charging_rate": "計時/每日/0元每1時", "parking_rate": "每1小時0元", "service_time": "每日/00:00-24:00", "address": "八德路4段101號地下室（地下2層）", "telephone": "0226550818", "floors": "B2"}}, {"type": "Feature", "geometry": {"type": "Point", "coordinates": [121.53705, 25.06337]}, "properties": {"station_id": "TPE0228U10", "station_name": "建國北路高架橋下IA區", "district": "中山區", "city": "taipei", "operator_name": "寶盛國際股份有限公司", "charging_points": 1, "available": 0, "occupied": 1, "availability_pct": 0, "charging_rate": "計時/每日/10元每1時", "parking_rate": "每1小時20元", "service_time": "每日/00:00-24:00", "address": "建國北路高架橋下(八德路-民族東路)", "telephone": "2655-0818", "floors": "1"}}, {"type": "Feature", "geometry": {"type": "Point", "coordinates": [121.50219, 25.13655]}, "properties": {"station_id": "TPE0680", "station_name": "七星公園地下停車場", "district": "北投區", "city": "taipei", "operator_name": "寶盛國際股份有限公司", "charging_points": 6, "available": 0, "occupied": 6, "availability_pct": 0, "charging_rate": "計時/每日/10元每1時", "parking_rate": "每1小時20元", "service_time": "每日/00:00-24:00", "address": "七星街3號地下(地下共2層)層", "telephone": "0226550818", "floors": "B1"}}, {"type": "Feature", "geometry": {"type": "Point", "coordinates": [121.5134, 25.11966]}, "properties": {"station_id": "TPE0316", "station_name": "陽明大學停車場", "district": "北投區", "city": "taipei", "operator_name": "華城電能科技股份有限公司", "charging_points": 4, "available": 4, "occupied": 0, "availability_pct": 100, "charging_rate": "AC/計度/一般/ 8.000元每度", "parking_rate": "30元/時", "service_time": "每日/00:00-24:00", "address": "立農街2段201號圖書資訊暨研究發展大樓室外東側及西南側", "telephone": "0800208333", "floors": "B1"}}, {"type": "Feature", "geometry": {"type": "Point", "coordinates": [0.0, 0.0]}, "properties": {"station_id": "TPE0611", "station_name": "臺北市立明德國民中學附設停車場", "district": null, "city": "taipei", "operator_name": "華城電能科技股份有限公司", "charging_points": 1, "available": 0, "occupied": 0, "availability_pct": 0, "charging_rate": "AC/計度/一般/ 8.0元每度", "parking_rate": "", "service_time": "每日/00:00-24:00", "address": "", "telephone": "", "floors": "1"}}, {"type": "Feature", "geometry": {"type": "Point", "coordinates": [0.0, 0.0]}, "properties": {"station_id": "TPE0648", "station_name": "巧愛公寓地下室停車場", "district": null, "city": "taipei", "operator_name": "華城電能科技股份有限公司", "charging_points": 1, "available": 0, "occupied": 0, "availability_pct": 0, "charging_rate": "AC/計度/一般/ 8.000元每度", "parking_rate": "", "service_time": "每日/00:00-24:00", "address": "", "telephone": "", "floors": "1"}}, {"type": "Feature", "geometry": {"type": "Point", "coordinates": [0.0, 0.0]}, "properties": {"station_id": "TPE0892", "station_name": "新北投公園停車場", "district": null, "city": "taipei", "operator_name": "華城電能科技股份有限公司", "charging_points": 2, "available": 0, "occupied": 0, "availability_pct": 0, "charging_rate": "AC/計度/一般/ 8.000元每度", "parking_rate": "", "service_time": "每日/00:00-24:00", "address": "", "telephone": "", "floors": "1"}}, {"type": "Feature", "geometry": {"type": "Point", "coordinates": [121.5098, 25.11612]}, "properties": {"station_id": "TPE1674", "station_name": "北投運動中心停車場", "district": "北投區", "city": "taipei", "operator_name": "華城電能科技股份有限公司", "charging_points": 2, "available": 1, "occupied": 1, "availability_pct": 50, "charging_rate": "AC/計度/一般/ 8.000元每度", "parking_rate": "30元/時", "service_time": "每日/00:00-24:00", "address": "石牌路1段39巷100號", "telephone": "(02)28202880；0932-200970", "floors": "B1"}}, {"type": "Feature", "geometry": {"type": "Point", "coordinates": [121.50726, 25.12773]}, "properties": {"station_id": "TPE1560", "station_name": "博客停車場-家福公館場", "district": "北投區", "city": "taipei", "operator_name": "台灣特斯拉汽車有限公司", "charging_points": 4, "available": 4, "occupied": 0, "availability_pct": 100, "charging_rate": "計時/浮動/0.7元每分", "parking_rate": "計時/每日/40元每小時", "service_time": "7x24小時", "address": "公舘路198號", "telephone": "(02)29488889", "floors": "1F"}}, {"type": "Feature", "geometry": {"type": "Point", "coordinates": [121.59348, 25.06105]}, "properties": {"station_id": "TPE1795", "station_name": "潭美停車場", "district": "內湖區", "city": "taipei", "operator_name": "拓鑫能源股份有限公司", "charging_points": 2, "available": 0, "occupied": 1, "availability_pct": 0, "charging_rate": "計度/尖峰/09:00-23:59/5.51 元每度, 計度/尖峰/06:00-11:00/5.42 元每度, 計度/尖峰/14:00-23:59/5.42 元每度, 計度/離峰/23:59-09:00/3.46 元每度, 計度/離峰/23:59-06:00/3.39 元每度, 計度/離峰/11:00-14:00/3.39 元每度, 計度/半尖峰/09:00-23:59/4.14 元每度, 計度/半尖峰/06:00-11:00/4.06 元每度, 計度/半尖峰/14:00-23:59/4.06 元每度, ", "parking_rate": "計時/每日/40 元每小時", "service_time": "星期一：00:00～23:59星期二：00:00～23:59星期三：00:00～23:59星期四：00:00～23:59星期五：00:00～23:59星期六：00:00～23:59星期日：00:00～23:59", "address": "安康路22巷及潭美街交叉路口旁空地", "telephone": "0958388960", "floors": "1"}}, {"type": "Feature", "geometry": {"type": "Point", "coordinates": [121.59824, 25.05528]}, "properties": {"station_id": "TPE1868", "station_name": "南港重陽停車場", "district": "南港區", "city": "taipei", "operator_name": "拓鑫能源股份有限公司", "charging_points": 2, "available": 1, "occupied": 0, "availability_pct": 100, "charging_rate": "計度/尖峰/09:00-23:59/5.51 元每度, 計度/尖峰/06:00-11:00/5.42 元每度, 計度/尖峰/14:00-23:59/5.42 元每度, 計度/離峰/23:59-09:00/3.46 元每度, 計度/離峰/23:59-06:00/3.39 元每度, 計度/離峰/11:00-14:00/3.39 元每度, 計度/半尖峰/09:00-23:59/4.14 元每度, 計度/半尖峰/06:00-11:00/4.06 元每度, 計度/半尖峰/14:00-23:59/4.06 元每度, ", "parking_rate": "計時/每日/40 元每小時", "service_time": "星期一：00:00～23:59星期二：00:00～23:59星期三：00:00～23:59星期四：00:00～23:59星期五：00:00～23:59星期六：00:00～23:59星期日：00:00～23:59", "address": "重陽路72號旁空地", "telephone": "", "floors": "1"}}, {"type": "Feature", "geometry": {"type": "Point", "coordinates": [121.53165, 25.10566]}, "properties": {"station_id": "TPE0118", "station_name": "臺北市立聯合醫院-陽明院區停車場", "district": "士林區", "city": "taipei", "operator_name": "華城電能科技股份有限公司", "charging_points": 1, "available": 1, "occupied": 0, "availability_pct": 100, "charging_rate": "AC/計度/一般/ 8.000元每度", "parking_rate": "40元/時", "service_time": "每日/00:00-24:00", "address": "雨聲街105號", "telephone": "0800000269", "floors": "1"}}, {"type": "Feature", "geometry": {"type": "Point", "coordinates": [121.50876, 25.05119]}, "properties": {"station_id": "TPE0402", "station_name": "臺北市立聯合醫院-中興院區停車場", "district": "大同區", "city": "taipei", "operator_name": "華城電能科技股份有限公司", "charging_points": 2, "available": 1, "occupied": 1, "availability_pct": 50, "charging_rate": "AC/計度/一般/ 8.000元每度", "parking_rate": "40元/時", "service_time": "每日/00:00-24:00", "address": "鄭州路145號", "telephone": "0800000269", "floors": "1"}}, {"type": "Feature", "geometry": {"type": "Point", "coordinates": [121.51369, 25.05614]}, "properties": {"station_id": "TPE0354", "station_name": "朝陽公園地下停車場", "district": "大同區", "city": "taipei", "operator_name": "遠創智慧股份有限公司", "charging_points": 5, "available": 0, "occupied": 0, "availability_pct": 0, "charging_rate": "計度/正常/00:00-24:00/8元每度", "parking_rate": "計時/平日/40 元每小時，每日最高/200 元每日；計時/假日/40 元每小時，無上限", "service_time": "每日/00:00-24:00", "address": "重慶北路2段68號地下室(地下共3層)", "telephone": "2959-9991", "floors": "B1"}}, {"type": "Feature", "geometry": {"type": "Point", "coordinates": [121.57595, 25.07233]}, "properties": {"station_id": "TPE0760", "station_name": "叭叭房亞太C區停車場", "district": "內湖區", "city": "taipei", "operator_name": "華城電能科技股份有限公司", "charging_points": 5, "available": 0, "occupied": 0, "availability_pct": 0, "charging_rate": "AC/計度/一般/ 8.000元每度", "parking_rate": "20元/30分鐘", "service_time": "每日/00:00-24:00", "address": "瑞湖街88號地下2至4層", "telephone": "2655-0000", "floors": "1"}}, {"type": "Feature", "geometry": {"type": "Point", "coordinates": [121.59439, 25.08413]}, "properties": {"station_id": "TPE1032", "station_name": "CITYLINK 內湖店停車場", "district": "內湖區", "city": "taipei", "operator_name": "華城電能科技股份有限公司", "charging_points": 12, "available": 12, "occupied": 1, "availability_pct": 92, "charging_rate": "AC/計度/一般/ 8.000元每度;DC/計度/一般/ 9.8000元每度", "parking_rate": "20元/半小時(平日每12小時最高收費120元、假日每12小時最高收費200元)", "service_time": "每日/00:00-24:00", "address": "成功路4段188號地上2至7層", "telephone": "0227831863", "floors": "5"}}, {"type": "Feature", "geometry": {"type": "Point", "coordinates": [121.58169, 25.04868]}, "properties": {"station_id": "TPE0530", "station_name": "臺北市南港運動中心停車場", "district": "南港區", "city": "taipei", "operator_name": "華城電能科技股份有限公司", "charging_points": 3, "available": 3, "occupied": 0, "availability_pct": 100, "charging_rate": "AC/計度/一般/ 8.000元每度", "parking_rate": "30元/時", "service_time": "每日/05:50-22:30", "address": "玉成街69號", "telephone": "0226532279", "floors": "B3"}}, {"type": "Feature", "geometry": {"type": "Point", "coordinates": [121.57417, 25.063]}, "properties": {"station_id": "TPE0901", "station_name": "台北花卉產銷股份有限公司A館", "district": "內湖區", "city": "taipei", "operator_name": "台北花卉產銷股份有限公司", "charging_points": 9, "available": 9, "occupied": 0, "availability_pct": 100, "charging_rate": "計度/固定/10 元每度", "parking_rate": "計時/每日/30 元每小時", "service_time": "平日/00:00-24:00,假日 /00:00-24:00", "address": "新湖三路28號", "telephone": "0227909729", "floors": "3"}}, {"type": "Feature", "geometry": {"type": "Point", "coordinates": [121.5751, 25.06304]}, "properties": {"station_id": "TPE0902", "station_name": "台北花卉產銷股份有限公司B館", "district": "內湖區", "city": "taipei", "operator_name": "台北花卉產銷股份有限公司", "charging_points": 2, "available": 2, "occupied": 0, "availability_pct": 100, "charging_rate": "計度/固定/10 元每度", "parking_rate": "計時/每日/30 元每小時", "service_time": "平日/00:00-24:00,假日 /00:00-24:00", "address": "新湖三路36號", "telephone": "0227909729", "floors": "2"}}, {"type": "Feature", "geometry": {"type": "Point", "coordinates": [121.51822, 25.05389]}, "properties": {"station_id": "TPE0824", "station_name": "建成公園地下停車場", "district": "大同區", "city": "taipei", "operator_name": "華城電能科技股份有限公司", "charging_points": 6, "available": 2, "occupied": 4, "availability_pct": 33, "charging_rate": "AC/計度/一般/ 8.000元每度", "parking_rate": "30元/周一~周五，40元/周六~周日", "service_time": "每日/00:00-24:00", "address": "承德路2段31號地下", "telephone": "0226550818", "floors": "B1"}}, {"type": "Feature", "geometry": {"type": "Point", "coordinates": [121.51975, 25.05166]}, "properties": {"station_id": "TPE0239", "station_name": "建成國中地下停車場", "district": "大同區", "city": "taipei", "operator_name": "華城電能科技股份有限公司", "charging_points": 8, "available": 2, "occupied": 6, "availability_pct": 25, "charging_rate": "AC/計度/一般/ 8.000元每度", "parking_rate": "40元/8:00~22:00，10元/22:00~8:00", "service_time": "每日/00:00-24:00", "address": "長安西路37號之一地下", "telephone": "2759-0666", "floors": " B1,B1"}}, {"type": "Feature", "geometry": {"type": "Point", "coordinates": [121.53626, 25.05729]}, "properties": {"station_id": "TPE1206", "station_name": "臺北市立大同高級中學附設停車場", "district": "中山區", "city": "taipei", "operator_name": "達拉電能股份有限公司", "charging_points": 2, "available": 2, "occupied": 0, "availability_pct": 100, "charging_rate": "週日/固定/8.0000元(每度),週一/固定/8.0000元(每度),週二/固定/8.0000元(每度),週三/固定/8.0000元(每度),週四/固定/8.0000元(每度),週五/固定/8.0000元(每度),週六/固定/8.0000元(每度)", "parking_rate": "計時/每日50 元每小時每日最高/300 元每日", "service_time": "每日/00:00-24:00", "address": "建國北路2段96巷及建國北路2段96巷2弄巷弄口", "telephone": "0225235000", "floors": "1"}}, {"type": "Feature", "geometry": {"type": "Point", "coordinates": [121.53735, 25.06765]}, "properties": {"station_id": "TPE0389", "station_name": "臺北農產運銷股份有限公司第二果菜批發市場地下三樓停車場(濱江市場地下停車場)", "district": "中山區", "city": "taipei", "operator_name": "台北農產運銷股份有限公司台北市第二果菜批發市場", "charging_points": 7, "available": 7, "occupied": 0, "availability_pct": 100, "charging_rate": "計度/固定/9 元每度", "parking_rate": "計時/每日30 元每小時", "service_time": "平日/00:00-24:00,假日 /00:00-24:00", "address": "民族東路336號地下3層", "telephone": "2516-2519#1125、1116、1117", "floors": "B3"}}, {"type": "Feature", "geometry": {"type": "Point", "coordinates": [121.55407, 25.08022]}, "properties": {"station_id": "TPE0997", "station_name": "台北美福大飯店停車場", "district": "中山區", "city": "taipei", "operator_name": "華城電能科技股份有限公司", "charging_points": 6, "available": 6, "occupied": 0, "availability_pct": 100, "charging_rate": "AC/計度/一般/ 8.0元每度", "parking_rate": "120元/時(未滿1小時以1小時計算，逾1小時以上，未滿半小時以半小時計算)", "service_time": "每日/00:00-24:00", "address": "樂群二路55號地下4、5層", "telephone": "0277325599", "floors": "B4"}}, {"type": "Feature", "geometry": {"type": "Point", "coordinates": [121.51801, 25.04851]}, "properties": {"station_id": "TPE0220", "station_name": "台北地下街停車場", "district": "中正區", "city": "taipei", "operator_name": "華城電能科技股份有限公司", "charging_points": 8, "available": 5, "occupied": 3, "availability_pct": 62, "charging_rate": "AC/計度/一般/ 8.000元每度", "parking_rate": "依場域公告為準", "service_time": "每日/00:00-24:00", "address": "市民大道1段100號地下2層", "telephone": "25594566#508", "floors": "B2"}}, {"type": "Feature", "geometry": {"type": "Point", "coordinates": [121.51929, 25.02908]}, "properties": {"station_id": "TPE0665", "station_name": "臺北市立聯合醫院-婦幼院區停車場", "district": "中正區", "city": "taipei", "operator_name": "華城電能科技股份有限公司", "charging_points": 1, "available": 0, "occupied": 1, "availability_pct": 0, "charging_rate": "AC/計度/一般/ 8.000元每度", "parking_rate": "40元/時", "service_time": "每日/00:00-24:00", "address": "福州街12號", "telephone": "0800-000-269；2786-7755", "floors": "1"}}, {"type": "Feature", "geometry": {"type": "Point", "coordinates": [121.50734, 25.0356]}, "properties": {"station_id": "TPE0666", "station_name": "臺北市立聯合醫院-和平院區停車場", "district": "中正區", "city": "taipei", "operator_name": "華城電能科技股份有限公司", "charging_points": 1, "available": 1, "occupied": 0, "availability_pct": 100, "charging_rate": "AC/計度/一般/ 8.000元每度", "parking_rate": "40元/時", "service_time": "每日/00:00-24:00", "address": "中華路2段33號", "telephone": "0800000269", "floors": "1"}}, {"type": "Feature", "geometry": {"type": "Point", "coordinates": [121.51937, 25.03836]}, "properties": {"station_id": "TPE0529", "station_name": "臺北市中正運動中心地下停車場", "district": "中正區", "city": "taipei", "operator_name": "舞動陽光股份有限公司大同分公司", "charging_points": 2, "available": 0, "occupied": 1, "availability_pct": 0, "charging_rate": "計度/尖峰/09:00-23:59/8.00 元每度, 計度/尖峰/06:00-11:00/8.00 元每度, 計度/尖峰/14:00-23:59/8.00 元每度, 計度/離峰/23:59-09:00/8.00 元每度, 計度/離峰/23:59-06:00/8.00 元每度, 計度/離峰/11:00-14:00/8.00 元每度, 計度/半尖峰/09:00-23:59/8.00 元每度, 計度/半尖峰/06:00-11:00/8.00 元每度, 計度/半尖峰/14:00-23:59/8.00 元每度, ", "parking_rate": "計時/每日/40 元每小時", "service_time": "星期一：06:00～22:00星期二：06:00～22:00星期三：06:00～22:00星期四：06:00～22:00星期五：06:00～22:00星期六：06:00～22:00星期日：06:00～22:00", "address": "信義路1段1號地下3層", "telephone": "23961000", "floors": "1"}}, {"type": "Feature", "geometry": {"type": "Point", "coordinates": [121.56298, 25.05985]}, "properties": {"station_id": "TPE0054", "station_name": "民生社區中心地下停車場", "district": "松山區", "city": "taipei", "operator_name": "華城電能科技股份有限公司", "charging_points": 3, "available": 2, "occupied": 1, "availability_pct": 67, "charging_rate": "AC/計度/一般/ 8.000元每度", "parking_rate": "30元/時", "service_time": "每日/00:00-24:00", "address": "民生東路5段163之1號地下室［地下2至3］層", "telephone": "0222408767", "floors": "B3"}}, {"type": "Feature", "geometry": {"type": "Point", "coordinates": [121.56515, 25.04087]}, "properties": {"station_id": "TPE0766", "station_name": "市府轉運站停車場", "district": "信義區", "city": "taipei", "operator_name": "華城電能科技股份有限公司", "charging_points": 10, "available": 5, "occupied": 5, "availability_pct": 50, "charging_rate": "AC/計度/一般/ 8.000元每度", "parking_rate": "50元/30分鐘(館內消費滿500元，可折抵1小時)", "service_time": "每日/00:00-24:00", "address": "忠孝東路5段6號地下1至2、4至5層", "telephone": "", "floors": "B4"}}, {"type": "Feature", "geometry": {"type": "Point", "coordinates": [121.57543, 25.03034]}, "properties": {"station_id": "TPE1265", "station_name": "臺北市立聯合醫院-松德院區停車場", "district": "信義區", "city": "taipei", "operator_name": "華城電能科技股份有限公司", "charging_points": 1, "available": 1, "occupied": 0, "availability_pct": 100, "charging_rate": "AC/計度/一般/ 8.000元每度", "parking_rate": "40元/時", "service_time": "每日/00:00-24:00", "address": "松德路309號", "telephone": "", "floors": "1"}}, {"type": "Feature", "geometry": {"type": "Point", "coordinates": [121.56482, 25.03262]}, "properties": {"station_id": "TPE1667", "station_name": "詮營信義101停車場", "district": "信義區", "city": "taipei", "operator_name": "立鉑國際股份有限公司", "charging_points": 2, "available": 2, "occupied": 0, "availability_pct": 100, "charging_rate": "充電費率每度 8 元", "parking_rate": "計時/平日/60元每小時，每日最高/200元每日；計時/假日及定假日/60元每小時，每日最高/280元每日", "service_time": "每日/00:00-24:00", "address": "信義路5段101大樓對面空地", "telephone": "0227935818", "floors": "1"}}, {"type": "Feature", "geometry": {"type": "Point", "coordinates": [121.55448, 25.05879]}, "properties": {"station_id": "TPE0571", "station_name": "科技服務大樓附設停車場", "district": "松山區", "city": "taipei", "operator_name": "特爾電力股份有限公司", "charging_points": 3, "available": 3, "occupied": 0, "availability_pct": 100, "charging_rate": "計時/固定/1元每分", "parking_rate": "計時/每日/30元每小時", "service_time": "7x24小時", "address": "光復北路266號地上5至6層", "telephone": "0227160802", "floors": "5"}}, {"type": "Feature", "geometry": {"type": "Point", "coordinates": [121.5445, 25.03737]}, "properties": {"station_id": "TPE0129", "station_name": "臺北市立聯合醫院-仁愛院區停車場", "district": "大安區", "city": "taipei", "operator_name": "華城電能科技股份有限公司", "charging_points": 1, "available": 0, "occupied": 1, "availability_pct": 0, "charging_rate": "AC/計度/一般/ 8.000元每度", "parking_rate": "40元/時", "service_time": "每日/00:00-24:00", "address": "仁愛路4段10號", "telephone": "0800000269", "floors": "1"}}, {"type": "Feature", "geometry": {"type": "Point", "coordinates": [121.54027, 24.98855]}, "properties": {"station_id": "TPE0716", "station_name": "景美國小地下停車場", "district": "文山區", "city": "taipei", "operator_name": "華城電能科技股份有限公司", "charging_points": 5, "available": 4, "occupied": 1, "availability_pct": 80, "charging_rate": "AC/計度/一般/ 8.000元每度", "parking_rate": "周一至周四：11:00~21:00 30元/小時，21:00~11:00 20元/小時；周五至周日　11:00~21:00 40元/小時，21:00~11:00 20元/小時", "service_time": "每日/00:00-24:00", "address": "景文街142巷2號地下(共3層)", "telephone": "022240-8767", "floors": "B1"}}, {"type": "Feature", "geometry": {"type": "Point", "coordinates": [121.50307, 25.02381]}, "properties": {"station_id": "TPE0318", "station_name": "青年公園棒球場地下停車場", "district": "萬華區", "city": "taipei", "operator_name": "華城電能科技股份有限公司", "charging_points": 7, "available": 5, "occupied": 2, "availability_pct": 71, "charging_rate": "AC/計度/一般/ 8.0元每度,AC/計度/尖峰/ 0元每度,AC/計度/離峰/ 0元每度", "parking_rate": "30元/時", "service_time": "每日/00:00-24:00", "address": "青年路69號地下", "telephone": "23092133", "floors": "B1"}}, {"type": "Feature", "geometry": {"type": "Point", "coordinates": [121.57305, 24.99818]}, "properties": {"station_id": "TPE0840", "station_name": "歐特儀股份有限公司捷運木柵站轉乘停車場", "district": "文山區", "city": "taipei", "operator_name": "華城電能科技股份有限公司", "charging_points": 3, "available": 1, "occupied": 2, "availability_pct": 33, "charging_rate": "AC/計度/一般/ 8.000元每度", "parking_rate": "20元/時(06點~22點)，10元/時(22點~06點)", "service_time": "每日/00:00-24:00", "address": "木柵路4段135號地下1-2層", "telephone": "022705-7716", "floors": "B1"}}, {"type": "Feature", "geometry": {"type": "Point", "coordinates": [121.54923, 25.02607]}, "properties": {"station_id": "TPE0069", "station_name": "遠企中心地下停車場", "district": "大安區", "city": "taipei", "operator_name": "遠傳電信股份有限公司", "charging_points": 7, "available": 4, "occupied": 3, "availability_pct": 57, "charging_rate": "計度 /固定 /12元 DC每度", "parking_rate": "計時 /每日/50元每半小時\r\n", "service_time": "週日/11:00-21:30,週一至週四/11:00-21:30", "address": "敦化南路2段207號地下4至5層", "telephone": "27363033", "floors": "B4"}}, {"type": "Feature", "geometry": {"type": "Point", "coordinates": [121.52945, 25.11196]}, "properties": {"station_id": "TPE0453", "station_name": "臺北市公有士東市場地下室停車場", "district": "士林區", "city": "taipei", "operator_name": "皇鋒通訊股份有限公司", "charging_points": 1, "available": 1, "occupied": 0, "availability_pct": 100, "charging_rate": "計分/ 0.8元每分", "parking_rate": "計時/每日/40元每小時", "service_time": "每日/00:00-24:00", "address": "士東路100號地下1層", "telephone": "0228345308", "floors": "B2"}}, {"type": "Feature", "geometry": {"type": "Point", "coordinates": [121.55939, 24.99717]}, "properties": {"station_id": "TPE1676", "station_name": "臺北市文山運動中心停車場", "district": "文山區", "city": "taipei", "operator_name": "華城電能科技股份有限公司", "charging_points": 2, "available": 0, "occupied": 2, "availability_pct": 0, "charging_rate": "AC/計度/一般/ 7.0元每度,AC/計度/尖峰/ 7.0元每度,AC/計度/離峰/ 7.0元每度", "parking_rate": "30元/小時", "service_time": "每日/06:00-22:00", "address": "興隆路3段222號地上1層級地下1至2層", "telephone": "0222308268#221", "floors": "B1"}}, {"type": "Feature", "geometry": {"type": "Point", "coordinates": [121.50758, 25.08388]}, "properties": {"station_id": "TPE0818", "station_name": "葫蘆國小夜間停車場", "district": "士林區", "city": "taipei", "operator_name": "亟泰工程技術顧問有限公司", "charging_points": 1, "available": 1, "occupied": 0, "availability_pct": 100, "charging_rate": "免費", "parking_rate": "免費  [不對外開放] ", "service_time": "每日/00:00-24:00  [不對外開放] ", "address": "環河北路3段95號地下1層", "telephone": "28129586", "floors": "1"}}, {"type": "Feature", "geometry": {"type": "Point", "coordinates": [121.55024, 25.04884]}, "properties": {"station_id": "TPE0706", "station_name": "Times 松山運動中心", "district": "松山區", "city": "taipei", "operator_name": "華城電能科技股份有限公司", "charging_points": 2, "available": 1, "occupied": 1, "availability_pct": 50, "charging_rate": "AC/計度/一般/ 7.000元每度,AC/計度/尖峰/ 7.000元每度,AC/計度/離峰/ 7.000元每度", "parking_rate": "平日/40元，假日/40元(依現場為準)", "service_time": "每日/00:00-24:00", "address": "敦化北路1號(松山運動中心地下1層)", "telephone": "0809008924", "floors": "B1"}}, {"type": "Feature", "geometry": {"type": "Point", "coordinates": [121.5029, 25.12122]}, "properties": {"station_id": "TPE0787", "station_name": "公館路平面停車場", "district": "北投區", "city": "taipei", "operator_name": "華城電能科技股份有限公司", "charging_points": 4, "available": 4, "occupied": 0, "availability_pct": 100, "charging_rate": "AC/計度/一般/ 8.000元每度", "parking_rate": "20元/時", "service_time": "每日/00:00-24:00", "address": "公舘路與西安街口", "telephone": "(02)25683773", "floors": "1"}}, {"type": "Feature", "geometry": {"type": "Point", "coordinates": [121.50504, 25.12503]}, "properties": {"station_id": "TPE1160", "station_name": "公舘路228巷平面停車場", "district": "北投區", "city": "taipei", "operator_name": "華城電能科技股份有限公司", "charging_points": 2, "available": 2, "occupied": 0, "availability_pct": 100, "charging_rate": "AC/計度/一般/ 8.000元每度", "parking_rate": "20元/時", "service_time": "每日/00:00-24:00", "address": "三合街1段117巷與公舘路228巷交叉口", "telephone": "(02)25683773分機561", "floors": "1"}}, {"type": "Feature", "geometry": {"type": "Point", "coordinates": [121.52227, 25.08976]}, "properties": {"station_id": "TPE0742", "station_name": "承德公園地下停車場", "district": "士林區", "city": "taipei", "operator_name": "寶盛國際股份有限公司", "charging_points": 4, "available": 1, "occupied": 3, "availability_pct": 25, "charging_rate": "計度/固定/5元每度", "parking_rate": "每1小時0元", "service_time": "每日/00:00-24:00", "address": "基河路150號地下（地下共2層）", "telephone": "0226550818", "floors": "B1"}}, {"type": "Feature", "geometry": {"type": "Point", "coordinates": [121.52421, 25.10548]}, "properties": {"station_id": "TPE0667", "station_name": "太平洋崇光百貨股份有限公司天母店停車場", "district": "士林區", "city": "taipei", "operator_name": "遠傳電信股份有限公司", "charging_points": 4, "available": 5, "occupied": 3, "availability_pct": 62, "charging_rate": "計度 /固定 /12元 DC每度", "parking_rate": "計時 /每日/80元每小時", "service_time": "每日/09:00-23:00", "address": "中山北路6段77號地下2至4層", "telephone": "(02)27765555分機3898", "floors": "B3"}}, {"type": "Feature", "geometry": {"type": "Point", "coordinates": [121.53333, 25.1201]}, "properties": {"station_id": "TPE0237", "station_name": "東和公園平面停車場", "district": "士林區", "city": "taipei", "operator_name": "華城電能科技股份有限公司", "charging_points": 2, "available": 1, "occupied": 1, "availability_pct": 50, "charging_rate": "AC/計度/一般/ 8.000元每度", "parking_rate": "20元/時", "service_time": "每日/00:00-24:00", "address": "天母東路69巷旁", "telephone": "(02)25573722", "floors": "1"}}, {"type": "Feature", "geometry": {"type": "Point", "coordinates": [121.52938, 25.10666]}, "properties": {"station_id": "TPE0735", "station_name": "忠誠路（二）平面停車場", "district": "士林區", "city": "taipei", "operator_name": "華城電能科技股份有限公司", "charging_points": 2, "available": 1, "occupied": 1, "availability_pct": 50, "charging_rate": "AC/計度/一般/ 0.00元每度", "parking_rate": "30元/時", "service_time": "每日/00:00-24:00", "address": "忠誠路1段與德行東路132巷7弄交叉口旁", "telephone": "(02)25573722", "floors": "1"}}, {"type": "Feature", "geometry": {"type": "Point", "coordinates": [121.51687, 25.09407]}, "properties": {"station_id": "TPE1180", "station_name": "士林高商停車場", "district": "士林區", "city": "taipei", "operator_name": "岳鼎股份有限公司", "charging_points": 1, "available": 0, "occupied": 1, "availability_pct": 0, "charging_rate": "待確認", "parking_rate": "季租4,000元；年租16,000元。租借場地如有停車需求，30元/時。", "service_time": "平日/22:30-07:00, 假日/00:00-24:00", "address": "士商路150號", "telephone": "0228313114", "floors": "1"}}, {"type": "Feature", "geometry": {"type": "Point", "coordinates": [121.54942, 24.985]}, "properties": {"station_id": "TPE1767", "station_name": "和興水岸社會住宅地下停車場", "district": "文山區", "city": "taipei", "operator_name": "承翊系統整合股份有限公司", "charging_points": 3, "available": 2, "occupied": 1, "availability_pct": 67, "charging_rate": "計度/0:00-24:00/每度8元", "parking_rate": "計時/每日/20元每小時", "service_time": "24小時/每日/00:00-24:00", "address": "和興路88號地下1至2層", "telephone": "25573722", "floors": "B2"}}, {"type": "Feature", "geometry": {"type": "Point", "coordinates": [121.50325, 25.02043]}, "properties": {"station_id": "TPE1769", "station_name": "青年二期社會住宅地下停車場", "district": "萬華區", "city": "taipei", "operator_name": "承翊系統整合股份有限公司", "charging_points": 6, "available": 4, "occupied": 2, "availability_pct": 67, "charging_rate": "計度/00:00-24:00/每度8元", "parking_rate": "計時/每日/每小時30元", "service_time": "24小時/每日/00:00-24:00", "address": "青年路180、182號地下1至3層", "telephone": "25573722", "floors": "B1"}}, {"type": "Feature", "geometry": {"type": "Point", "coordinates": [121.58155, 25.03856]}, "properties": {"station_id": "TPE1785", "station_name": "廣慈3區社會住宅地下停車場", "district": "信義區", "city": "taipei", "operator_name": "承翊系統整合股份有限公司", "charging_points": 6, "available": 6, "occupied": 0, "availability_pct": 100, "charging_rate": "計度/00:00-24:00/每度8元", "parking_rate": "平日$30元/1小時(入場12小時最高$150元)，假日$30元/1小時(無最高上限)", "service_time": "24小時/每日/00:00-24:00", "address": "福德街84巷80、82號(地下共4層)", "telephone": "0225573722", "floors": "B2"}}, {"type": "Feature", "geometry": {"type": "Point", "coordinates": [121.55479, 25.00089]}, "properties": {"station_id": "TPE1807", "station_name": "興隆A區社會住宅地下停車場", "district": "文山區", "city": "taipei", "operator_name": "遠創智慧股份有限公司", "charging_points": 5, "available": 3, "occupied": 2, "availability_pct": 60, "charging_rate": "依現場公告", "parking_rate": "依現場公告", "service_time": "每日/00:00~24:00", "address": "興隆路4段42巷1號地下1至3層", "telephone": "2939-8935", "floors": "B2"}}, {"type": "Feature", "geometry": {"type": "Point", "coordinates": [121.51001, 25.07869]}, "properties": {"station_id": "TPE0536", "station_name": "延平北路5段1巷平面停車場", "district": "大同區", "city": "taipei", "operator_name": "華城電能科技股份有限公司", "charging_points": 4, "available": 3, "occupied": 1, "availability_pct": 75, "charging_rate": "AC/計度/一般/ 8.000元每度", "parking_rate": "20元/時", "service_time": "每日/00:00-24:00", "address": "延平北路5段1巷內", "telephone": "0222740068", "floors": "1"}}, {"type": "Feature", "geometry": {"type": "Point", "coordinates": [121.50908, 25.08807]}, "properties": {"station_id": "TPE0170", "station_name": "社正路平面停車場", "district": "士林區", "city": "taipei", "operator_name": "華城電能科技股份有限公司", "charging_points": 2, "available": 2, "occupied": 0, "availability_pct": 100, "charging_rate": "AC/計度/一般/ 8.0元每度", "parking_rate": "30元/時", "service_time": "每日/00:00-24:00", "address": "社正路12號旁", "telephone": "0222740068", "floors": "1"}}, {"type": "Feature", "geometry": {"type": "Point", "coordinates": [121.53277, 25.09633]}, "properties": {"station_id": "TPE0963", "station_name": "福林路平面停車場", "district": "士林區", "city": "taipei", "operator_name": "華城電能科技股份有限公司", "charging_points": 2, "available": 2, "occupied": 0, "availability_pct": 100, "charging_rate": "AC/計度/一般/ 8.000元每度", "parking_rate": "20元/時", "service_time": "每日/00:00-24:00", "address": "福林路與中正路交叉口南側空地", "telephone": "0227590666", "floors": "1"}}, {"type": "Feature", "geometry": {"type": "Point", "coordinates": [121.51921, 25.11312]}, "properties": {"station_id": "TPE1346", "station_name": "懷德街55巷平面停車場", "district": "北投區", "city": "taipei", "operator_name": "華城電能科技股份有限公司", "charging_points": 4, "available": 4, "occupied": 0, "availability_pct": 100, "charging_rate": "AC/計度/一般/ 8.0元每度", "parking_rate": "30元/時", "service_time": "每日/00:00-24:00", "address": "懷德街與懷德街55巷交叉口", "telephone": "(02)25683773", "floors": "1"}}, {"type": "Feature", "geometry": {"type": "Point", "coordinates": [121.50008, 25.12794]}, "properties": {"station_id": "TPE0971", "station_name": "大業路280巷臨時平面停車場", "district": "北投區", "city": "taipei", "operator_name": "華城電能科技股份有限公司", "charging_points": 2, "available": 2, "occupied": 0, "availability_pct": 100, "charging_rate": "AC/計度/一般/ 8.000元每度", "parking_rate": "50元/時", "service_time": "每日/00:00-24:00", "address": "大業路280巷", "telephone": "0227590666", "floors": "1"}}, {"type": "Feature", "geometry": {"type": "Point", "coordinates": [121.50986, 25.05027]}, "properties": {"station_id": "TPE0231", "station_name": "市民大道塔城段停車場", "district": "大同區", "city": "taipei", "operator_name": "寶盛國際股份有限公司", "charging_points": 8, "available": 4, "occupied": 4, "availability_pct": 50, "charging_rate": "計度/固定/8元每度", "parking_rate": "每1小時0元", "service_time": "每日/00:00-24:00", "address": "西寧北路至塔城街(地下)", "telephone": "0226550818", "floors": "B1"}}, {"type": "Feature", "geometry": {"type": "Point", "coordinates": [121.49135, 25.03543]}, "properties": {"station_id": "TPE0178", "station_name": "華江橋下與雙層小型車停車場", "district": "萬華區", "city": "taipei", "operator_name": "華城電能科技股份有限公司", "charging_points": 5, "available": 3, "occupied": 2, "availability_pct": 60, "charging_rate": "AC/計度/一般/ 8.000元每度", "parking_rate": "20元/時", "service_time": "每日/00:00-24:00", "address": "和平西路3段382巷對面(華江橋下)", "telephone": "0909566815", "floors": "1"}}, {"type": "Feature", "geometry": {"type": "Point", "coordinates": [121.50531, 25.02791]}, "properties": {"station_id": "TPE1435", "station_name": "新和庭園平面停車場", "district": "萬華區", "city": "taipei", "operator_name": "華城電能科技股份有限公司", "charging_points": 3, "available": 3, "occupied": 0, "availability_pct": 100, "charging_rate": "AC/計度/一般/ 8.000元每度", "parking_rate": "40元/時", "service_time": "每日/00:00-24:00", "address": "中華路2段416巷與416巷10弄交叉口", "telephone": "2655-0818", "floors": "1"}}, {"type": "Feature", "geometry": {"type": "Point", "coordinates": [121.61322, 25.06733]}, "properties": {"station_id": "TPE0407", "station_name": "安康公車調度站臨時平面停車場", "district": "內湖區", "city": "taipei", "operator_name": "源點科技股份有限公司", "charging_points": 3, "available": 3, "occupied": 0, "availability_pct": 100, "charging_rate": "計度/每度8.00元", "parking_rate": "每小時20元", "service_time": "每日/00:00~24:00", "address": "五分街12號空地旁", "telephone": "27867755", "floors": "1"}}, {"type": "Feature", "geometry": {"type": "Point", "coordinates": [121.57816, 25.07363]}, "properties": {"station_id": "TPE0751", "station_name": "叭叭房陽光大樓停車場", "district": "內湖區", "city": "taipei", "operator_name": "山發物業股份有限公司興隆Ａ區社會住宅地下停車場", "charging_points": 5, "available": 0, "occupied": 0, "availability_pct": 0, "charging_rate": "依現場公告", "parking_rate": "依現場公告", "service_time": "每日/00:00~24:00", "address": "陽光街242號地下1層(車位編號:78.81.82.97.99.100.103.104等8格)、地下2層(車位編號:40至54.56.58至62.69.71至76等28格)、地下3層(車位編號:2至5.7至12.14.15.20至27.29.30.32至34.38.39等27格)", "telephone": "2655-0000", "floors": "1"}}, {"type": "Feature", "geometry": {"type": "Point", "coordinates": [121.60374, 25.05211]}, "properties": {"station_id": "TPE0959", "station_name": "南港車站地下停車場", "district": "南港區", "city": "taipei", "operator_name": "正好停股份有限公司", "charging_points": 32, "available": 15, "occupied": 17, "availability_pct": 47, "charging_rate": "慢充：計度/固定/9.00元每度, 快充：計度/固定/15.00元每度", "parking_rate": "計時/平日/40元每小時/每日最高/240元每日,計時/假日/50元每小時/每日最高/240元每日", "service_time": "每日/00:00-24:00", "address": "忠孝東路7段265巷1號地下1層、地下1層夾層、地下2層、地下3層夾層", "telephone": "0227995657", "floors": "B2"}}, {"type": "Feature", "geometry": {"type": "Point", "coordinates": [121.51917, 25.04835]}, "properties": {"station_id": "TPE0099", "station_name": "市民大道公中段停車場", "district": "中正區", "city": "taipei", "operator_name": "寶盛國際股份有限公司", "charging_points": 8, "available": 4, "occupied": 4, "availability_pct": 50, "charging_rate": "計度/固定/8元每度", "parking_rate": "每1小時0元", "service_time": "每日/00:00-24:00", "address": "公園路至中山北路地下室", "telephone": "2655-0818", "floors": "B1"}}, {"type": "Feature", "geometry": {"type": "Point", "coordinates": [121.52364, 25.06802]}, "properties": {"station_id": "TPE0123", "station_name": "中山北路3段55巷平面停車場", "district": "中山區", "city": "taipei", "operator_name": "源點科技股份有限公司", "charging_points": 2, "available": 1, "occupied": 1, "availability_pct": 50, "charging_rate": "計度/每度8.00元", "parking_rate": "每小時40元", "service_time": "每日/00:00~24:00", "address": "中山北路3段55巷", "telephone": "2504-6290 分機85082鍾先生", "floors": "1"}}, {"type": "Feature", "geometry": {"type": "Point", "coordinates": [121.53721, 25.06777]}, "properties": {"station_id": "TPE0738", "station_name": "臺北農產運銷股份有限公司第二果菜批發市場停車場", "district": "中山區", "city": "taipei", "operator_name": "台北農產運銷股份有限公司台北市第二果菜批發市場", "charging_points": 12, "available": 12, "occupied": 0, "availability_pct": 100, "charging_rate": "計度/固定/9 元每度", "parking_rate": "計時/每日/30 元每小時", "service_time": "平日/00:00-24:00,假日 /00:00-24:00", "address": "民族東路336號地下1至2層及地上4至RF層", "telephone": "2516-2519#1122、1125", "floors": "5"}}, {"type": "Feature", "geometry": {"type": "Point", "coordinates": [121.509, 25.0388]}, "properties": {"station_id": "TPE1142", "station_name": "城中社會福利綜合大樓地下停車場", "district": "中正區", "city": "taipei", "operator_name": "岳鼎股份有限公司", "charging_points": 1, "available": 0, "occupied": 0, "availability_pct": 0, "charging_rate": "待確認", "parking_rate": "計時：小型車150元/時，全程以半小時計。計次：機車50元/次，隔日另計。月租：小型車8,500元/月、機車1,000元/月。", "service_time": "24小時", "address": "延平南路123號地下2至3層", "telephone": "24551299", "floors": "B2"}}, {"type": "Feature", "geometry": {"type": "Point", "coordinates": [121.52488, 25.02054]}, "properties": {"station_id": "TPE1624", "station_name": "臺北市客家文化中心附設地下停車場", "district": "中正區", "city": "taipei", "operator_name": "財團法人台北市客家文化基金會", "charging_points": 1, "available": 1, "occupied": 0, "availability_pct": 100, "charging_rate": "計分/1元每分", "parking_rate": "計時/每日/40元每小時", "service_time": "每日/00:00-24:00", "address": "汀州路3段2號", "telephone": "2369-1198", "floors": "B1"}}, {"type": "Feature", "geometry": {"type": "Point", "coordinates": [121.56795, 25.03693]}, "properties": {"station_id": "TPE1238", "station_name": "遠東百貨信義分公司", "district": "信義區", "city": "taipei", "operator_name": "遠傳電信股份有限公司", "charging_points": 2, "available": 3, "occupied": 1, "availability_pct": 75, "charging_rate": "計度 /固定 /12元 DC每度", "parking_rate": "計時 /每日/100元每小時", "service_time": "週日-週四/11:00-21:30,週五-週六及例假日前一天/11:00-22:00", "address": "松仁路58號", "telephone": "027750-0888", "floors": "B4"}}, {"type": "Feature", "geometry": {"type": "Point", "coordinates": [121.56367, 25.02513]}, "properties": {"station_id": "TPE0409", "station_name": "吳興街284巷臨時平面停車場", "district": "信義區", "city": "taipei", "operator_name": "源點科技股份有限公司", "charging_points": 2, "available": 1, "occupied": 1, "availability_pct": 50, "charging_rate": "計度/每度8.00元", "parking_rate": "每小時40元", "service_time": "每日/00:00~24:00", "address": "吳興街284巷與吳興街260巷21弄交叉口旁", "telephone": "2246-1708", "floors": "1"}}, {"type": "Feature", "geometry": {"type": "Point", "coordinates": [121.54307, 25.04107]}, "properties": {"station_id": "TPE0542", "station_name": "太平洋崇光百貨股份有限公司復興店停車場", "district": "大安區", "city": "taipei", "operator_name": "遠傳電信股份有限公司", "charging_points": 4, "available": 7, "occupied": 1, "availability_pct": 88, "charging_rate": "計度 /固定 /12元 DC每度", "parking_rate": "計時 /每日/60元每半小時", "service_time": "每日/09:00-22:30", "address": "忠孝東路3段300號地下4至6層", "telephone": "2776-5555分機3898", "floors": "B4"}}, {"type": "Feature", "geometry": {"type": "Point", "coordinates": [121.53368, 25.02241]}, "properties": {"station_id": "TPE0127", "station_name": "辛亥高架橋下停車場", "district": "大安區", "city": "taipei", "operator_name": "源點科技股份有限公司", "charging_points": 3, "available": 1, "occupied": 2, "availability_pct": 33, "charging_rate": "計度/每度8.00元", "parking_rate": "每小時30元", "service_time": "每日/00:00~24:00", "address": "新生南路、辛亥高架橋下", "telephone": "0225046290", "floors": "1"}}, {"type": "Feature", "geometry": {"type": "Point", "coordinates": [121.54489, 25.04195]}, "properties": {"station_id": "TPE0135", "station_name": "太平洋崇光百貨股份有限公司忠孝店停車場", "district": "大安區", "city": "taipei", "operator_name": "遠傳電信股份有限公司", "charging_points": 2, "available": 3, "occupied": 1, "availability_pct": 75, "charging_rate": "計度 /固定 /12元 DC每度", "parking_rate": "計時 /每日/60元每半小時", "service_time": "每日/09:00-22:30", "address": "忠孝東路4段45號地下2至3層", "telephone": "2776-5555分機3898", "floors": "B3"}}, {"type": "Feature", "geometry": {"type": "Point", "coordinates": [121.52567, 25.02602]}, "properties": {"station_id": "TPE0066", "station_name": "國立臺灣師範大學和平校區Ⅰ運動場地下停車場", "district": "大安區", "city": "taipei", "operator_name": "遠傳電信股份有限公司", "charging_points": 9, "available": 7, "occupied": 2, "availability_pct": 78, "charging_rate": "計度 /固定 /8.5元 AC 7kW每度", "parking_rate": "計時 /每日/70 元每小時", "service_time": "每日/06:00-24:00", "address": "和平東路1段162號地下1層", "telephone": "7749-3266", "floors": "B1"}}, {"type": "Feature", "geometry": {"type": "Point", "coordinates": [121.55889, 25.02747]}, "properties": {"station_id": "TPE1875", "station_name": "六張犁1區社宅停車場", "district": "信義區", "city": "taipei", "operator_name": "正好停股份有限公司", "charging_points": 5, "available": 4, "occupied": 1, "availability_pct": 80, "charging_rate": "慢充：計度/固定/8.00元每度", "parking_rate": "計時/每日/30元每小時", "service_time": "每日/00:00-24:00", "address": "信安街25、29號、信安街15巷20弄2、6號地下1至3層", "telephone": "", "floors": "B1"}}, {"type": "Feature", "geometry": {"type": "Point", "coordinates": [121.52962, 25.02675]}, "properties": {"station_id": "TPE0067", "station_name": "國立臺灣師範大學和平校區Ⅱ羅馬廣場地下停車場", "district": "大安區", "city": "taipei", "operator_name": "遠傳電信股份有限公司", "charging_points": 3, "available": 6, "occupied": 0, "availability_pct": 100, "charging_rate": "計度 /固定 /12元 DC 30kW每度", "parking_rate": "計時 /每日/70 元每小時", "service_time": "每日/06:00-24:00", "address": "和平東路1段127-2號地下1至3層", "telephone": "77493266", "floors": "B1"}}, {"type": "Feature", "geometry": {"type": "Point", "coordinates": [121.57481, 24.99951]}, "properties": {"station_id": "TPE0232", "station_name": "和平東路四段381巷平面停車場", "district": "文山區", "city": "taipei", "operator_name": "源點科技股份有限公司", "charging_points": 2, "available": 2, "occupied": 0, "availability_pct": 100, "charging_rate": "計度/每度8.00元", "parking_rate": "每小時20元", "service_time": "每日/00:00~24:00", "address": "和平東路4段381巷內", "telephone": "2518-5299", "floors": "1"}}, {"type": "Feature", "geometry": {"type": "Point", "coordinates": [121.54713, 24.99967]}, "properties": {"station_id": "TPE0080", "station_name": "興隆市場旁平面停車場", "district": "文山區", "city": "taipei", "operator_name": "源點科技股份有限公司", "charging_points": 2, "available": 1, "occupied": 1, "availability_pct": 50, "charging_rate": "計度/每度8.00元", "parking_rate": "每小時20元", "service_time": "每日/00:00~24:00", "address": "興隆路2段97號旁", "telephone": "2246-1708", "floors": "1"}}, {"type": "Feature", "geometry": {"type": "Point", "coordinates": [121.54014, 25.03379]}, "properties": {"station_id": "TPE1505", "station_name": "國立臺灣師範大學附屬高級中學體育教學館地下停車場", "district": "大安區", "city": "taipei", "operator_name": "舞動陽光有限公司師大附中營業所", "charging_points": 1, "available": 1, "occupied": 0, "availability_pct": 100, "charging_rate": "計度/尖峰/09:00-23:59/8.00 元每度, 計度/尖峰/06:00-11:00/8.00 元每度, 計度/尖峰/14:00-23:59/8.00 元每度, 計度/離峰/23:59-09:00/8.00 元每度, 計度/離峰/23:59-06:00/8.00 元每度, 計度/離峰/11:00-14:00/8.00 元每度, 計度/離峰/00:00-23:59/8.00 元每度, 計度/離峰/00:00-23:59/8.00 元每度, 計度/離峰/00:00-23:59/8.00 元每度, 計度/", "parking_rate": "免費", "service_time": "星期一：00:00～23:59\r\n星期二：00:00～23:59\r\n星期三：00:00～23:59\r\n星期四：00:00～23:59\r\n星期五：00:00～23:59\r\n星期六：00:00～23:59\r\n星期日：00:00～23:59", "address": "信義路3段143號地下1層", "telephone": "2708-6000", "floors": "B1"}}, {"type": "Feature", "geometry": {"type": "Point", "coordinates": [121.5593, 25.02773]}, "properties": {"station_id": "TPE1876", "station_name": "六張犁2區社宅停車場", "district": "信義區", "city": "taipei", "operator_name": "正好停股份有限公司", "charging_points": 7, "available": 6, "occupied": 1, "availability_pct": 86, "charging_rate": "慢充：計度/固定/8.00元每度", "parking_rate": "計時/每日/30元每小時", "service_time": "每日/00:00-24:00", "address": "信安街15巷36號、信安街15巷20弄1、3號、信安街15巷46弄2、6號、信安街47巷26、37、39號地下1至3層", "telephone": "", "floors": "B1"}}, {"type": "Feature", "geometry": {"type": "Point", "coordinates": [121.60577, 25.05332]}, "properties": {"station_id": "TPE1883", "station_name": "南港停車場", "district": "南港區", "city": "taipei", "operator_name": "連展電能科技股份有限公司", "charging_points": 1, "available": 0, "occupied": 1, "availability_pct": 0, "charging_rate": "計度/固定/8元每度", "parking_rate": "計時/平日/40元/每小時, 計時/假日/50元/每小時", "service_time": "7x24 小時", "address": "忠孝東路7段359號對面空地", "telephone": "0925975999", "floors": "1"}}, {"type": "Feature", "geometry": {"type": "Point", "coordinates": [121.6103, 25.05626]}, "properties": {"station_id": "TPE1884", "station_name": "經貿社會住宅地下停車場", "district": "南港區", "city": "taipei", "operator_name": "日月亭股份有限公司經貿社會住宅營業所", "charging_points": 5, "available": 5, "occupied": 0, "availability_pct": 100, "charging_rate": "計度/固定/8 元每度", "parking_rate": "計時/日間/30 元每小時, 計時/夜間/20 元每小時", "service_time": "每日/00:00-24:00", "address": "興東街28、30、32號地下1至3層", "telephone": "0800021111", "floors": "B1"}}, {"type": "Feature", "geometry": {"type": "Point", "coordinates": [121.51976, 25.09283]}, "properties": {"station_id": "TPE0183", "station_name": "臺北市士林區行政中心地下停車場", "district": "士林區", "city": "taipei", "operator_name": "亟泰工程技術顧問有限公司", "charging_points": 1, "available": 0, "occupied": 1, "availability_pct": 0, "charging_rate": "免費", "parking_rate": "免費", "service_time": "平日/20:00-08:00,六日及國定假日都不開放", "address": "中正路439號地下1至2層", "telephone": "0228826200", "floors": "1"}}, {"type": "Feature", "geometry": {"type": "Point", "coordinates": [121.52324, 25.11877]}, "properties": {"station_id": "TPE1027", "station_name": "振興公園地下停車場", "district": "北投區", "city": "taipei", "operator_name": "歐特儀股份有限公司", "charging_points": 6, "available": 0, "occupied": 0, "availability_pct": 0, "charging_rate": "計時/10 元/每小時(依停車費率加收)", "parking_rate": "計時/每日/40元每小時", "service_time": "每日/00:00-24:00", "address": "天母西路112號地下室(地下共3層)", "telephone": "(02)27057716", "floors": "B1"}}, {"type": "Feature", "geometry": {"type": "Point", "coordinates": [121.50358, 25.03743]}, "properties": {"station_id": "TPE0636", "station_name": "臺北市萬華區老松國民小學附設停車場", "district": "萬華區", "city": "taipei", "operator_name": "亟泰工程技術顧問有限公司", "charging_points": 1, "available": 0, "occupied": 1, "availability_pct": 0, "charging_rate": "免費", "parking_rate": "免費  [不對外開放] ", "service_time": "每日/19:00-07:00  [不對外開放] ", "address": "桂林路64號", "telephone": "2336-1266", "floors": "1"}}, {"type": "Feature", "geometry": {"type": "Point", "coordinates": [121.51578, 25.06632]}, "properties": {"station_id": "TPE0182", "station_name": "臺北市大同區行政中心地下停車場", "district": "大同區", "city": "taipei", "operator_name": "亟泰工程技術顧問有限公司", "charging_points": 1, "available": 1, "occupied": 0, "availability_pct": 100, "charging_rate": "免費", "parking_rate": "免費", "service_time": "每日/00:00-24:00", "address": "昌吉街57號地下1層", "telephone": "2597-5323", "floors": "1"}}, {"type": "Feature", "geometry": {"type": "Point", "coordinates": [121.59695, 25.06757]}, "properties": {"station_id": "TPE1084", "station_name": "臺北市網球中心停車場", "district": "內湖區", "city": "taipei", "operator_name": "台灣大動力服務股份有限公司", "charging_points": 6, "available": 5, "occupied": 1, "availability_pct": 83, "charging_rate": "計分/1.25 元每分", "parking_rate": "計時/每日/40元每小時，每日最高/230 元每日", "service_time": "每日/00:00-24:00", "address": "民權東路6段208號地上1層、地下1層", "telephone": "2246-1708", "floors": "B1"}}, {"type": "Feature", "geometry": {"type": "Point", "coordinates": [121.57266, 25.0826]}, "properties": {"station_id": "TPE1108", "station_name": "臺北市內湖區麗山國民小學停車場", "district": "內湖區", "city": "taipei", "operator_name": "亟泰工程技術顧問有限公司", "charging_points": 2, "available": 1, "occupied": 1, "availability_pct": 50, "charging_rate": "免費", "parking_rate": "免費 [不對外開放] ", "service_time": "平日/18:00-07:00,假日/00:00-24:00 [不對外開放] ", "address": "港華街100號", "telephone": "(02)26574158分機515", "floors": "1"}}, {"type": "Feature", "geometry": {"type": "Point", "coordinates": [121.61179, 25.06837]}, "properties": {"station_id": "TPE1537", "station_name": "南湖國小活動中心附設停車場", "district": "內湖區", "city": "taipei", "operator_name": "亟泰工程技術顧問有限公司", "charging_points": 1, "available": 0, "occupied": 1, "availability_pct": 0, "charging_rate": "免費", "parking_rate": "免費", "service_time": "每日/00:00-24:00", "address": "康寧路3段200號", "telephone": "0226313366", "floors": "1"}}, {"type": "Feature", "geometry": {"type": "Point", "coordinates": [121.61756, 25.04246]}, "properties": {"station_id": "TPE0952", "station_name": "臺北市南港區胡適國小地下停車場", "district": "南港區", "city": "taipei", "operator_name": "亟泰工程技術顧問有限公司", "charging_points": 1, "available": 1, "occupied": 0, "availability_pct": 100, "charging_rate": "免費", "parking_rate": "免費 [不對外開放]", "service_time": "每日/00:00-24:00 [不對外開放]", "address": "舊莊街1段1號", "telephone": "0227824949", "floors": "1"}}, {"type": "Feature", "geometry": {"type": "Point", "coordinates": [121.60207, 25.05616]}, "properties": {"station_id": "TPE1599", "station_name": "臺北市南港區東新國民小學停車場", "district": "南港區", "city": "taipei", "operator_name": "亟泰工程技術顧問有限公司", "charging_points": 2, "available": 2, "occupied": 0, "availability_pct": 100, "charging_rate": "免費", "parking_rate": "免費  [不對外開放] ", "service_time": "每日/19:00-07:00  [不對外開放] ", "address": "興南街62號", "telephone": "0227837577", "floors": "1"}}, {"type": "Feature", "geometry": {"type": "Point", "coordinates": [121.58901, 25.06921]}, "properties": {"station_id": "TPE0184", "station_name": "內湖區行政中心停車場", "district": "內湖區", "city": "taipei", "operator_name": "亟泰工程技術顧問有限公司", "charging_points": 1, "available": 0, "occupied": 1, "availability_pct": 0, "charging_rate": "免費", "parking_rate": "免費", "service_time": "地上1層:平日/08:30-17:30,18:00-07:30，例假日不開放，地下1層:平日/18:00-08:00，選舉期間、特殊活動不開放", "address": "民權東路6段99號地上1層及地下1層", "telephone": "0227925828", "floors": "1"}}, {"type": "Feature", "geometry": {"type": "Point", "coordinates": [121.5335, 25.0644]}, "properties": {"station_id": "TPE0176", "station_name": "中山區行政中心停車場", "district": "中山區", "city": "taipei", "operator_name": "亟泰工程技術顧問有限公司", "charging_points": 1, "available": 0, "occupied": 1, "availability_pct": 0, "charging_rate": "免費", "parking_rate": "計時/每日/80元每小時洽公民眾前30分鐘以下免費，逾30分鐘至1小時30元，逾1小時每30分鐘40元，全程以半小時計費。月租:租工小型2,000元/月，機車200元/月；夜間小型車1,800元/月，日間小型車2,000元/月", "service_time": "每日/08:00-20:00", "address": "松江路367號地下2層", "telephone": "022503-1369#205", "floors": "1"}}, {"type": "Feature", "geometry": {"type": "Point", "coordinates": [121.52346, 25.05625]}, "properties": {"station_id": "TPE0977", "station_name": "中山大樓停車場", "district": "中山區", "city": "taipei", "operator_name": "連展電能科技股份有限公司", "charging_points": 1, "available": 1, "occupied": 0, "availability_pct": 100, "charging_rate": "計度/固定/8元每度", "parking_rate": "計時/每日 08:00~24:00/60元/每小時, 計時/每日 24:00~08:00/10元/每小時", "service_time": "7x24 小時", "address": "中山北路2段61號後側空地及地下1至2層", "telephone": "0225117767", "floors": "1"}}, {"type": "Feature", "geometry": {"type": "Point", "coordinates": [121.54806, 25.04794]}, "properties": {"station_id": "TPE0792", "station_name": "便利停車場萬國站", "district": "松山區", "city": "taipei", "operator_name": "台灣大動力服務股份有限公司", "charging_points": 2, "available": 2, "occupied": 0, "availability_pct": 100, "charging_rate": "計分/1.25 元每分", "parking_rate": "計時/平日/70 元每小時，每日最高/420 元每日；計時/假日/60 元每小時，每日最高/420 元每日", "service_time": "每日/00:00-24:00", "address": "敦化南路1段2號地下1至4層", "telephone": "(02)27991001", "floors": "B1"}}, {"type": "Feature", "geometry": {"type": "Point", "coordinates": [121.58287, 25.0397]}, "properties": {"station_id": "TPE1472", "station_name": "廣慈1區社會住宅地下停車場", "district": "信義區", "city": "taipei", "operator_name": "連展電能科技股份有限公司", "charging_points": 8, "available": 8, "occupied": 0, "availability_pct": 100, "charging_rate": "計度/固定/8元每度", "parking_rate": "計時/每日/30元/每小時", "service_time": "7x24 小時", "address": "大道路108、110號（地下1至4層）", "telephone": "0225023333", "floors": "B1"}}, {"type": "Feature", "geometry": {"type": "Point", "coordinates": [121.58103, 25.03863]}, "properties": {"station_id": "TPE1488", "station_name": "廣慈2區社會住宅地下停車場", "district": "信義區", "city": "taipei", "operator_name": "連展電能科技股份有限公司", "charging_points": 6, "available": 6, "occupied": 0, "availability_pct": 100, "charging_rate": "計度/固定/8元每度", "parking_rate": "計時/每日/30元/每小時", "service_time": "7x24 小時", "address": "福德街84巷50、56號（地下1至4層）", "telephone": "0225023333", "floors": "B1"}}, {"type": "Feature", "geometry": {"type": "Point", "coordinates": [121.55798, 24.99985]}, "properties": {"station_id": "TPE0270", "station_name": "萬芳醫院附設停車場", "district": "文山區", "city": "taipei", "operator_name": "台灣國際開發事業有限公司萬芳停車場", "charging_points": 6, "available": 4, "occupied": 2, "availability_pct": 67, "charging_rate": "計度/固定/7元每度", "parking_rate": "計時/每日/40 元每小時", "service_time": "每 日/00:00-24:00", "address": "興隆路3段111號地下2、3層", "telephone": "2930-7930", "floors": "B2"}}, {"type": "Feature", "geometry": {"type": "Point", "coordinates": [121.55181, 25.00162]}, "properties": {"station_id": "TPE0153", "station_name": "驛林交通股份有限公司興隆站", "district": "文山區", "city": "taipei", "operator_name": "驛林交通股份有限公司", "charging_points": 1, "available": 1, "occupied": 0, "availability_pct": 100, "charging_rate": "計度/尖峰/09:00-23:59/10.00 元每度, 計度/尖峰/06:00-11:00/10.00 元每度, 計度/尖峰/14:00-23:59/10.00 元每度, 計度/離峰/23:59-09:00/8.00 元每度,計度/離峰/23:59-06:00/8.00 元每度, 計度/離峰/11:00-14:00/8.00 元每度, 計度/半尖峰/09:00-23:59/8.00 元每度, 計度/半尖峰/06:00-11:00/8.00 元每度, 計度/半尖峰/14:00-23:59/8.00 元每", "parking_rate": "計時/每日/30元每小時", "service_time": "星期一：00:00～23:59星期二：00:00～23:59星期三：00:00～23:59星期四：00:00～23:59星期五：00:00～23:59星期六：00:00～23:59星期日：00:00～23:59", "address": "興隆路2段160號地下1、2層", "telephone": "", "floors": "3"}}, {"type": "Feature", "geometry": {"type": "Point", "coordinates": [121.54328, 25.02608]}, "properties": {"station_id": "TPE1888", "station_name": "科技大樓地下停車場", "district": "大安區", "city": "taipei", "operator_name": "正好停股份有限公司", "charging_points": 4, "available": 4, "occupied": 0, "availability_pct": 100, "charging_rate": "慢充：計度/固定/8.00元每度", "parking_rate": "計時/每日(09~21)/50元每小時/每日最高/300元每日，計時/每日(21~09)/10元每小時/每日最高/300元每日", "service_time": "每日/00:00-24:00", "address": "復興南路2段228-230號地上2至地下4層", "telephone": "27995657", "floors": "B2"}}, {"type": "Feature", "geometry": {"type": "Point", "coordinates": [121.58771, 25.04492]}, "properties": {"station_id": "TPE0763", "station_name": "成德國中運動中心停車場", "district": "南港區", "city": "taipei", "operator_name": "舞動陽光有限公司南港營業所", "charging_points": 1, "available": 1, "occupied": 0, "availability_pct": 100, "charging_rate": "計度/尖峰/09:00-23:59/7.00 元每度, 計度/尖峰/06:00-11:00/7.00 元每度, 計度/尖峰/14:00-23:59/7.00 元每度, 計度/離峰/23:59-09:00/7.00 元每度, 計度/離峰/23:59-06:00/7.00 元每度, 計度/離峰/11:00-14:00/7.00 元每度, 計度/半尖峰/09:00-23:59/7.00 元每度, 計度/半尖峰/06:00-11:00/7.00 元每度, 計度/半尖峰/14:00-23:59/7.00 元每度, ", "parking_rate": "免費", "service_time": "星期一：00:00～23:59\r\n星期二：00:00～23:59\r\n星期三：00:00～23:59\r\n星期四：00:00～23:59\r\n星期五：00:00～23:59", "address": "東新街108巷23號地下1層", "telephone": "022782-5000", "floors": "B一"}}, {"type": "Feature", "geometry": {"type": "Point", "coordinates": [121.46942, 25.1192]}, "properties": {"station_id": "TPE0280", "station_name": "關渡自然公園停車場", "district": "北投區", "city": "taipei", "operator_name": "承翊系統整合股份有限公司", "charging_points": 1, "available": 1, "occupied": 0, "availability_pct": 100, "charging_rate": "計度/00:00-24:00/每度9元", "parking_rate": "計時/每日/40元每小時，未滿半小時以20元計算", "service_time": "24小時/每日/00:00-24:00", "address": "關渡路55號", "telephone": "0228587417", "floors": "1"}}, {"type": "Feature", "geometry": {"type": "Point", "coordinates": [121.60451, 25.06277]}, "properties": {"station_id": "TPE0348", "station_name": "內湖垃圾焚化廠停車場", "district": "內湖區", "city": "taipei", "operator_name": "承翊系統整合股份有限公司", "charging_points": 2, "available": 2, "occupied": 0, "availability_pct": 100, "charging_rate": "計度/00:00-24:00/每度8元", "parking_rate": "計時/每日/每小時20元", "service_time": "開放時間：05:00-22:00，週一及國定例假日不開放", "address": "安康路290號地下1層", "telephone": "0227961833", "floors": "B1"}}, {"type": "Feature", "geometry": {"type": "Point", "coordinates": [121.55631, 24.97964]}, "properties": {"station_id": "TPE1463", "station_name": "力行停車場", "district": "文山區", "city": "taipei", "operator_name": "承翊系統整合股份有限公司", "charging_points": 1, "available": 1, "occupied": 0, "availability_pct": 100, "charging_rate": "計度/00:00-24:00/每度10元", "parking_rate": "平日$15/半小時，假日$15/半小時(入場12小時最高$180)", "service_time": "每日/00:00-24:00", "address": "一壽街22號地下1至2層", "telephone": "7715-2938", "floors": "B1"}}, {"type": "Feature", "geometry": {"type": "Point", "coordinates": [121.55702, 25.04617]}, "properties": {"station_id": "TPE1911", "station_name": "台灣聯通延吉好室停車場", "district": "松山區", "city": "taipei", "operator_name": "皇鋒通訊股份有限公司", "charging_points": 2, "available": 2, "occupied": 0, "availability_pct": 100, "charging_rate": "計度/10元每度", "parking_rate": "計時/每日/100元每小時,全程以半小時計", "service_time": "每日/00:00-24:00", "address": "光復南路46巷7號地下1至3層", "telephone": "0225235000", "floors": "B1"}}, {"type": "Feature", "geometry": {"type": "Point", "coordinates": [121.51837, 25.09583]}, "properties": {"station_id": "TPE0101", "station_name": "臺北市立天文科學教育館地下及戶外平面停車場", "district": "士林區", "city": "taipei", "operator_name": "臺北市立天文科學教育館", "charging_points": 6, "available": 4, "occupied": 2, "availability_pct": 67, "charging_rate": "計度/固定/8 元每度", "parking_rate": "計時/每日/30 元每小時  ", "service_time": "週二~周日 07:30~18:00", "address": "基河路363號地上1層及地下1至2層", "telephone": "0228314551", "floors": "B1"}}, {"type": "Feature", "geometry": {"type": "Point", "coordinates": [121.48984, 25.02977]}, "properties": {"station_id": "TPE1277", "station_name": "環南市場停車場", "district": "萬華區", "city": "taipei", "operator_name": "俥亭停車事業股份有限公司環南市場營業所", "charging_points": 36, "available": 36, "occupied": 0, "availability_pct": 100, "charging_rate": "充電服務每度8元", "parking_rate": "汽車臨停半小時15元", "service_time": "7*24", "address": "環河南路2段245號地下1、地上2至R層", "telephone": "2362-1685", "floors": "4,4F"}}, {"type": "Feature", "geometry": {"type": "Point", "coordinates": [121.49643, 25.02851]}, "properties": {"station_id": "TPE0570", "station_name": "華江高中活動中心地下停車場", "district": "萬華區", "city": "taipei", "operator_name": "亟泰工程技術顧問有限公司", "charging_points": 1, "available": 0, "occupied": 1, "availability_pct": 0, "charging_rate": "免費", "parking_rate": "免費", "service_time": "每日/00:00-24:00", "address": "西藏路213號地下1層", "telephone": "2339-6689", "floors": "1"}}, {"type": "Feature", "geometry": {"type": "Point", "coordinates": [121.51756, 25.04701]}, "properties": {"station_id": "TPE0446", "station_name": "台北車站K區地下街停車場", "district": "中正區", "city": "taipei", "operator_name": "阜爾運通股份有限公司", "charging_points": 2, "available": 2, "occupied": 0, "availability_pct": 100, "charging_rate": "計度 /固定 /10元每度", "parking_rate": "計時/每日/50元每小時/每日最高360元每日", "service_time": "每日/00:00 24:00", "address": "忠孝西路1段47號地下2層", "telephone": "2314-1219", "floors": "1"}}, {"type": "Feature", "geometry": {"type": "Point", "coordinates": [121.52895, 25.01131]}, "properties": {"station_id": "TPE0646", "station_name": "水岸停車場", "district": "中正區", "city": "taipei", "operator_name": "特爾電力股份有限公司", "charging_points": 3, "available": 2, "occupied": 1, "availability_pct": 67, "charging_rate": "快充計度/離峰/6.5元每度，計度/尖峰/13.5元每度，尖峰時段為15:00-21:00，慢充計時/固定/1元每分", "parking_rate": "計時/平日/30元每小時，計時/假日/50元每小時\n", "service_time": "7x24小時", "address": "思源街1號空地", "telephone": "8369-5098", "floors": "1F"}}, {"type": "Feature", "geometry": {"type": "Point", "coordinates": [121.51662, 25.04786]}, "properties": {"station_id": "TPE0871", "station_name": "臺北車站西區地下停車場", "district": "中正區", "city": "taipei", "operator_name": "正好停股份有限公司", "charging_points": 2, "available": 0, "occupied": 2, "availability_pct": 0, "charging_rate": "計度/固定/9.00元每度", "parking_rate": "計時/平日/60元每小時/每日最高/500元每日,計時/假日/70元每小時/每日最高/500元每日", "service_time": "每日/00:00-24:00", "address": "北平西路3號地下1層（西區）", "telephone": "2799-5657", "floors": "B1"}}, {"type": "Feature", "geometry": {"type": "Point", "coordinates": [121.51769, 25.04769]}, "properties": {"station_id": "TPE0047", "station_name": "臺北車站東區地下停車場", "district": "中正區", "city": "taipei", "operator_name": "正好停股份有限公司", "charging_points": 2, "available": 1, "occupied": 1, "availability_pct": 50, "charging_rate": "計度/固定/9.00元每度", "parking_rate": "計時/平日/60元每小時/每日最高/500元每日,計時/假日/70元每小時/每日最高/500元每日", "service_time": "每日/00:00-24:00", "address": "北平西路3號地下1層（東區）", "telephone": "2799-5657", "floors": "B1"}}, {"type": "Feature", "geometry": {"type": "Point", "coordinates": [121.55254, 25.04908]}, "properties": {"station_id": "TPE0008", "station_name": "北寧路地下停車場", "district": "松山區", "city": "taipei", "operator_name": "正好停股份有限公司", "charging_points": 2, "available": 2, "occupied": 0, "availability_pct": 100, "charging_rate": "計度/固定/8.00元每度", "parking_rate": "計時/每日/40元/時(09:00~21:00)，夜間時段30元/時(21:00~09:00)，每12小時最高280元", "service_time": "每日/00:00-24:00", "address": "八德路3段25號地下（地下共2層）", "telephone": "0227995657", "floors": "B2"}}, {"type": "Feature", "geometry": {"type": "Point", "coordinates": [121.5595, 25.04199]}, "properties": {"station_id": "TPE1661", "station_name": "臺北大巨蛋園區停車場", "district": "信義區", "city": "taipei", "operator_name": "阜爾運通股份有限公司", "charging_points": 20, "available": 18, "occupied": 2, "availability_pct": 90, "charging_rate": "計度 /固定 /5元每度", "parking_rate": "平日：小客車$30元/每半小時，假日/活動日：小客車$35元/每半小時", "service_time": "每日/00:00 24:00", "address": "忠孝東路4段515號地下1、3至5層", "telephone": "0222461708", "floors": "1"}}, {"type": "Feature", "geometry": {"type": "Point", "coordinates": [121.55086, 25.01612]}, "properties": {"station_id": "TPE0774", "station_name": "助安企業股份有限公司黎元停車場", "district": "大安區", "city": "taipei", "operator_name": "智合創投股份有限公司", "charging_points": 2, "available": 2, "occupied": 0, "availability_pct": 100, "charging_rate": "慢充每度8元", "parking_rate": "40/1H", "service_time": "24H", "address": "辛亥路3段223號空地", "telephone": "2754-6661", "floors": "1F"}}, {"type": "Feature", "geometry": {"type": "Point", "coordinates": [121.5531, 25.01411]}, "properties": {"station_id": "TPE0116", "station_name": "助安企業股份有限公司辛亥路高架橋下停車場", "district": "大安區", "city": "taipei", "operator_name": "助安企業有限公司辛亥高架橋下停車場", "charging_points": 3, "available": 2, "occupied": 1, "availability_pct": 67, "charging_rate": "慢充每度8元", "parking_rate": "40/1H", "service_time": "24H", "address": "辛亥路3段330號(懷愛館)對面橋下空間", "telephone": "2754-6661", "floors": "1F"}}, {"type": "Feature", "geometry": {"type": "Point", "coordinates": [121.54749, 25.03297]}, "properties": {"station_id": "TPE0812", "station_name": "168停車聯盟-中華信義場", "district": "大安區", "city": "taipei", "operator_name": "助安企業股份有限公司", "charging_points": 1, "available": 1, "occupied": 0, "availability_pct": 100, "charging_rate": "慢充每度8元", "parking_rate": "50", "service_time": "24H", "address": "信義路4段88號地下2至3層", "telephone": "27546661", "floors": "1F"}}, {"type": "Feature", "geometry": {"type": "Point", "coordinates": [121.56966, 24.98955]}, "properties": {"station_id": "TPE0065", "station_name": "臺北市文山區行政中心停車場", "district": "文山區", "city": "taipei", "operator_name": "阜爾運通股份有限公司", "charging_points": 3, "available": 2, "occupied": 0, "availability_pct": 100, "charging_rate": "計度 /固定 /10元每度", "parking_rate": "計時/每日/30元每小時", "service_time": "每日/00:00 24:00", "address": "木柵路3段220號", "telephone": "", "floors": "1"}}, {"type": "Feature", "geometry": {"type": "Point", "coordinates": [121.58393, 25.0007]}, "properties": {"station_id": "TPE0139", "station_name": "嘟嘟房捷運木柵機廠站停車場", "district": "文山區", "city": "taipei", "operator_name": "承翊系統整合股份有限公司", "charging_points": 14, "available": 0, "occupied": 0, "availability_pct": 0, "charging_rate": "計度/00:00-24:00/每度8元", "parking_rate": "120 元/次", "service_time": "假日/08:00-22:00", "address": "新光路2段19號地上2至4層", "telephone": "0225573722", "floors": "2"}}, {"type": "Feature", "geometry": {"type": "Point", "coordinates": [121.56632, 24.98923]}, "properties": {"station_id": "TPE1336", "station_name": "木柵社會住宅地下停車場", "district": "文山區", "city": "taipei", "operator_name": "助安企業股份有限公司木柵社會住宅地下停車場", "charging_points": 2, "available": 2, "occupied": 0, "availability_pct": 100, "charging_rate": "慢充每度8元", "parking_rate": "週一至週五20元/時，週六至週日及行政機關放假之紀念日、民俗節日30元/時", "service_time": "24H", "address": "久康街24巷36號地下1至4層", "telephone": "", "floors": "1F"}}, {"type": "Feature", "geometry": {"type": "Point", "coordinates": [121.57877, 24.99736]}, "properties": {"station_id": "TPE0739", "station_name": "嘟嘟房動物園站停車場", "district": "文山區", "city": "taipei", "operator_name": "承翊系統整合股份有限公司", "charging_points": 3, "available": 0, "occupied": 0, "availability_pct": 0, "charging_rate": "計度/00:00-24:00/每度8元", "parking_rate": "平日：10元/小時，假日：06:00-22:00時60元/小時；22:00-06:00時10元/小時", "service_time": "每日/00:00-24:00", "address": "新光路2段28號地下1至2層", "telephone": "0225573722", "floors": "B1"}}, {"type": "Feature", "geometry": {"type": "Point", "coordinates": [121.5033, 25.08899]}, "properties": {"station_id": "TPE1916", "station_name": "永平社會住宅地下停車場", "district": "士林區", "city": "taipei", "operator_name": "助安企業股份有限公司永平社會住宅地下停車場", "charging_points": 1, "available": 0, "occupied": 1, "availability_pct": 0, "charging_rate": "慢充每度8元", "parking_rate": "月租2200", "service_time": "24H", "address": "延平北路6段261巷2號地上1層及地下1至2層", "telephone": "0227546661", "floors": "1F"}}, {"type": "Feature", "geometry": {"type": "Point", "coordinates": [121.54534, 25.04045]}, "properties": {"station_id": "TPE0976", "station_name": "168停車聯盟-大安場", "district": "大安區", "city": "taipei", "operator_name": "助安企業股份有限公司", "charging_points": 1, "available": 0, "occupied": 1, "availability_pct": 0, "charging_rate": "慢充每度8元", "parking_rate": "150", "service_time": "24H", "address": "仁愛路4段27巷25號地下1至5層", "telephone": "27546661", "floors": "1F"}}, {"type": "Feature", "geometry": {"type": "Point", "coordinates": [121.54553, 25.06043]}, "properties": {"station_id": "33029464-STP6360001", "station_name": "中山國中站", "district": "松山區", "city": "taipei", "operator_name": "中興電工機械股份有限公司", "charging_points": 6, "available": 0, "occupied": 0, "availability_pct": 0, "charging_rate": "計時/每日/10元每1時", "parking_rate": "每1小時20元", "service_time": "每日/00:00-24:00", "address": "台北市松山區復興北路361巷7號B1-B2停車場", "telephone": "02-26550818", "floors": "B1"}}, {"type": "Feature", "geometry": {"type": "Point", "coordinates": [121.52643, 25.05223]}, "properties": {"station_id": "33029464-STP6410001", "station_name": "林森公園站", "district": "中山區", "city": "taipei", "operator_name": "中興電工機械股份有限公司", "charging_points": 17, "available": 0, "occupied": 0, "availability_pct": 0, "charging_rate": "計時/每日/5元每1度", "parking_rate": "每1小時0元", "service_time": "每日/00:00-24:00", "address": "台北市中山區南京東路1段35號B1-B3", "telephone": "02-26550818", "floors": "B2"}}, {"type": "Feature", "geometry": {"type": "Point", "coordinates": [121.59264, 25.0532]}, "properties": {"station_id": "28371994-STP6510001", "station_name": "玉成國小站", "district": "南港區", "city": "taipei", "operator_name": "寶盛國際股份有限公司", "charging_points": 6, "available": 0, "occupied": 0, "availability_pct": 0, "charging_rate": "計時/每日/10元每1時", "parking_rate": "每1小時20元", "service_time": "每日/00:00-24:00", "address": "台北市南港區昆陽街23號B1-B2地下停車場", "telephone": "02-26550818", "floors": "B2"}}, {"type": "Feature", "geometry": {"type": "Point", "coordinates": [121.56637, 25.03701]}, "properties": {"station_id": "28371994-STP6910001", "station_name": "松壽廣場站", "district": "信義區", "city": "taipei", "operator_name": "寶盛國際股份有限公司", "charging_points": 8, "available": 0, "occupied": 0, "availability_pct": 0, "charging_rate": "計度/固定/5元每度", "parking_rate": "每1小時0元", "service_time": "每日/00:00-24:00", "address": "台北市信義區松智路15號B1-B3", "telephone": "02-26550818", "floors": "B1"}}, {"type": "Feature", "geometry": {"type": "Point", "coordinates": [121.52261, 25.10303]}, "properties": {"station_id": "33029464-STP6650001", "station_name": "捷運芝山站", "district": "士林區", "city": "taipei", "operator_name": "中興電工機械股份有限公司", "charging_points": 5, "available": 0, "occupied": 0, "availability_pct": 0, "charging_rate": "計度/固定/5元每度", "parking_rate": "每1小時0元", "service_time": "每日/00:00-24:00", "address": "台北市士林區福國路70號", "telephone": "02-26550818", "floors": "1F"}}, {"type": "Feature", "geometry": {"type": "Point", "coordinates": [121.47319, 25.13102]}, "properties": {"station_id": "33029464-STP6750001", "station_name": "捷運忠義站", "district": "北投區", "city": "taipei", "operator_name": "中興電工機械股份有限公司", "charging_points": 1, "available": 0, "occupied": 0, "availability_pct": 0, "charging_rate": "計度/固定/5元每度", "parking_rate": "每1小時0元", "service_time": "每日/00:00-24:00", "address": "台北市北投區中央北路4段301號", "telephone": "02-26550818", "floors": "1F"}}, {"type": "Feature", "geometry": {"type": "Point", "coordinates": [121.5062, 25.12094]}, "properties": {"station_id": "33029464-STP6800001", "station_name": "捷運唭哩岸站", "district": "北投區", "city": "taipei", "operator_name": "中興電工機械股份有限公司", "charging_points": 1, "available": 0, "occupied": 0, "availability_pct": 0, "charging_rate": "計度/固定/5元每度", "parking_rate": "每1小時0元", "service_time": "每日/00:00-24:00", "address": "台北市北投區東華街2段301號", "telephone": "02-26550818", "floors": "1F"}}, {"type": "Feature", "geometry": {"type": "Point", "coordinates": [121.51607, 25.11385]}, "properties": {"station_id": "33029464-STP6810001", "station_name": "捷運石牌站", "district": "北投區", "city": "taipei", "operator_name": "中興電工機械股份有限公司", "charging_points": 1, "available": 0, "occupied": 0, "availability_pct": 0, "charging_rate": "計度/固定/5元每度", "parking_rate": "每1小時0元", "service_time": "每日/00:00-24:00", "address": "台北市北投區石牌路1段200號", "telephone": "02-26550818", "floors": "1F"}}, {"type": "Feature", "geometry": {"type": "Point", "coordinates": [121.49853, 25.13177]}, "properties": {"station_id": "33029464-STP6780001", "station_name": "捷運北投站", "district": "北投區", "city": "taipei", "operator_name": "中興電工機械股份有限公司", "charging_points": 2, "available": 0, "occupied": 0, "availability_pct": 0, "charging_rate": "計度/固定/5元每度", "parking_rate": "每1小時0元", "service_time": "每日/00:00-24:00", "address": "台北市北投區光明路1號", "telephone": "02-26550818", "floors": "1F"}}, {"type": "Feature", "geometry": {"type": "Point", "coordinates": [121.5022, 25.13699]}, "properties": {"station_id": "33029464-STP6770001", "station_name": "捷運新北投站", "district": "北投區", "city": "taipei", "operator_name": "中興電工機械股份有限公司", "charging_points": 1, "available": 0, "occupied": 0, "availability_pct": 0, "charging_rate": "計度/固定/5元每度", "parking_rate": "每1小時0元", "service_time": "每日/00:00-24:00", "address": "台北市北投區大業路700號", "telephone": "02-26550818", "floors": "1F"}}, {"type": "Feature", "geometry": {"type": "Point", "coordinates": [121.53714, 25.06028]}, "properties": {"station_id": "28371994-STP6520001", "station_name": "建國高架站A區", "district": "中山區", "city": "taipei", "operator_name": "寶盛國際股份有限公司", "charging_points": 2, "available": 0, "occupied": 0, "availability_pct": 0, "charging_rate": "計時/每日/10元每1時", "parking_rate": "每1小時20元", "service_time": "每日/00:00-24:00", "address": "台北市中山區建國北路高架橋下停車場(八德路-民族東路)", "telephone": "02-26550818", "floors": "1F"}}, {"type": "Feature", "geometry": {"type": "Point", "coordinates": [121.53714, 25.06028]}, "properties": {"station_id": "28371994-STP6540001", "station_name": "建國高架站C區", "district": "中山區", "city": "taipei", "operator_name": "寶盛國際股份有限公司", "charging_points": 3, "available": 0, "occupied": 0, "availability_pct": 0, "charging_rate": "計時/每日/10元每1時", "parking_rate": "每1小時20元", "service_time": "每日/00:00-24:00", "address": "台北市中山區建國北路高架橋下停車場(八德路-民族東路)", "telephone": "02-26550818", "floors": "1F"}}, {"type": "Feature", "geometry": {"type": "Point", "coordinates": [121.53714, 25.06028]}, "properties": {"station_id": "28371994-STP6550001", "station_name": "建國高架站D區", "district": "中山區", "city": "taipei", "operator_name": "寶盛國際股份有限公司", "charging_points": 3, "available": 0, "occupied": 0, "availability_pct": 0, "charging_rate": "計時/每日/10元每1時", "parking_rate": "每1小時20元", "service_time": "每日/00:00-24:00", "address": "台北市中山區建國北路高架橋下停車場(八德路-民族東路)", "telephone": "02-26550818", "floors": "1F"}}, {"type": "Feature", "geometry": {"type": "Point", "coordinates": [121.53714, 25.06028]}, "properties": {"station_id": "28371994-STP6560001", "station_name": "建國高架站E區", "district": "中山區", "city": "taipei", "operator_name": "寶盛國際股份有限公司", "charging_points": 3, "available": 0, "occupied": 0, "availability_pct": 0, "charging_rate": "計時/每日/10元每1時", "parking_rate": "每1小時20元", "service_time": "每日/00:00-24:00", "address": "台北市中山區建國北路高架橋下停車場(八德路-民族東路)", "telephone": "02-26550818", "floors": "1F"}}, {"type": "Feature", "geometry": {"type": "Point", "coordinates": [121.53714, 25.06028]}, "properties": {"station_id": "28371994-STP6580001", "station_name": "建國高架站G區", "district": "中山區", "city": "taipei", "operator_name": "寶盛國際股份有限公司", "charging_points": 6, "available": 0, "occupied": 0, "availability_pct": 0, "charging_rate": "計時/每日/10元每1時", "parking_rate": "每1小時20元", "service_time": "每日/00:00-24:00", "address": "台北市中山區建國北路高架橋下停車場(八德路-民族東路)", "telephone": "02-26550818", "floors": "1F"}}, {"type": "Feature", "geometry": {"type": "Point", "coordinates": [121.53714, 25.06028]}, "properties": {"station_id": "28371994-STP6590001", "station_name": "建國高架站H區", "district": "中山區", "city": "taipei", "operator_name": "寶盛國際股份有限公司", "charging_points": 6, "available": 0, "occupied": 0, "availability_pct": 0, "charging_rate": "計時/每日/10元每1時", "parking_rate": "每1小時20元", "service_time": "每日/00:00-24:00", "address": "台北市中山區建國北路高架橋下停車場(八德路-民族東路)", "telephone": "02-26550818", "floors": "1F"}}, {"type": "Feature", "geometry": {"type": "Point", "coordinates": [121.53714, 25.06028]}, "properties": {"station_id": "28371994-STP6600001", "station_name": "建國高架站IB區", "district": "中山區", "city": "taipei", "operator_name": "寶盛國際股份有限公司", "charging_points": 1, "available": 0, "occupied": 0, "availability_pct": 0, "charging_rate": "計時/每日/10元每1時", "parking_rate": "每1小時20元", "service_time": "每日/00:00-24:00", "address": "台北市中山區建國北路高架橋下停車場(八德路-民族東路)", "telephone": "02-26550818", "floors": "1F"}}, {"type": "Feature", "geometry": {"type": "Point", "coordinates": [121.53714, 25.06028]}, "properties": {"station_id": "28371994-STP6610001", "station_name": "建國高架站J區", "district": "中山區", "city": "taipei", "operator_name": "寶盛國際股份有限公司", "charging_points": 1, "available": 0, "occupied": 0, "availability_pct": 0, "charging_rate": "計時/每日/10元每1時", "parking_rate": "每1小時20元", "service_time": "每日/00:00-24:00", "address": "台北市中山區建國北路高架橋下停車場(八德路-民族東路)", "telephone": "02-26550818", "floors": "1F"}}, {"type": "Feature", "geometry": {"type": "Point", "coordinates": [121.53714, 25.06028]}, "properties": {"station_id": "28371994-STP6620001", "station_name": "建國高架站O區", "district": "中山區", "city": "taipei", "operator_name": "寶盛國際股份有限公司", "charging_points": 2, "available": 0, "occupied": 0, "availability_pct": 0, "charging_rate": "計時/每日/10元每1時", "parking_rate": "每1小時20元", "service_time": "每日/00:00-24:00", "address": "台北市中山區建國北路高架橋下停車場(八德路-民族東路)", "telephone": "02-26550818", "floors": "1F"}}, {"type": "Feature", "geometry": {"type": "Point", "coordinates": [121.52428, 25.04798]}, "properties": {"station_id": "28371994-STP5490001", "station_name": "市民大道-中林站", "district": "中山區", "city": "taipei", "operator_name": "寶盛國際股份有限公司", "charging_points": 10, "available": 0, "occupied": 0, "availability_pct": 0, "charging_rate": "計時/每日/5元每1度", "parking_rate": "每1小時0元", "service_time": "每日/00:00-24:00", "address": "台北市中山區市民大道2段(中山北路至林森北路)地下1、2樓停車場", "telephone": "02-26550818", "floors": "B1"}}, {"type": "Feature", "geometry": {"type": "Point", "coordinates": [121.53058, 25.04628]}, "properties": {"station_id": "28371994-STP5500001", "station_name": "市民大道-林金站", "district": "中山區", "city": "taipei", "operator_name": "寶盛國際股份有限公司", "charging_points": 19, "available": 0, "occupied": 0, "availability_pct": 0, "charging_rate": "計時/每日/5元每1度", "parking_rate": "每1小時0元", "service_time": "每日/00:00-24:00", "address": "台北市中山區市民大道2段(林森北路至金山北路)地下1、2樓停車場", "telephone": "02-26550818", "floors": "B1"}}, {"type": "Feature", "geometry": {"type": "Point", "coordinates": [121.52476, 25.08461]}, "properties": {"station_id": "33029464-STP6660001", "station_name": "捷運士林站", "district": "士林區", "city": "taipei", "operator_name": "中興電工機械股份有限公司", "charging_points": 2, "available": 0, "occupied": 0, "availability_pct": 0, "charging_rate": "計度/固定/5元每度", "parking_rate": "每1小時0元", "service_time": "每日/00:00-24:00", "address": "台北市士林區福德路1號", "telephone": "02-26550818", "floors": "1F"}}, {"type": "Feature", "geometry": {"type": "Point", "coordinates": [121.50224, 25.13673]}, "properties": {"station_id": "28371994-STP3570001", "station_name": "七星公園站", "district": "北投區", "city": "taipei", "operator_name": "寶盛國際股份有限公司", "charging_points": 6, "available": 0, "occupied": 0, "availability_pct": 0, "charging_rate": "計時/每日/10元每1時", "parking_rate": "每1小時20元", "service_time": "每日/00:00-24:00", "address": "台北市北投區七星街3號地下停車場", "telephone": "02-26550818", "floors": "B1"}}, {"type": "Feature", "geometry": {"type": "Point", "coordinates": [121.57195, 25.04982]}, "properties": {"station_id": "28371994-STP5410001", "station_name": "八德立體站", "district": "松山區", "city": "taipei", "operator_name": "寶盛國際股份有限公司", "charging_points": 7, "available": 0, "occupied": 0, "availability_pct": 0, "charging_rate": "計時/每日/0元每1時", "parking_rate": "每1小時0元", "service_time": "每日/00:00-24:00", "address": "台北市松山區八德路4段580號B1-10F停車場", "telephone": "02-26550818", "floors": "B1"}}, {"type": "Feature", "geometry": {"type": "Point", "coordinates": [121.61812, 25.06126]}, "properties": {"station_id": "33029464-STP6720001", "station_name": "捷運內湖機廠站", "district": "南港區", "city": "taipei", "operator_name": "中興電工機械股份有限公司", "charging_points": 8, "available": 0, "occupied": 0, "availability_pct": 0, "charging_rate": "計度/固定/5元每度", "parking_rate": "每1小時0元", "service_time": "每日/00:00-24:00", "address": "台北市南港區經貿一路265號3~5F", "telephone": "02-26550818", "floors": "3F"}}, {"type": "Feature", "geometry": {"type": "Point", "coordinates": [121.5402, 25.03603]}, "properties": {"station_id": "28371994-STP7600001", "station_name": "附中公園站", "district": "大安區", "city": "taipei", "operator_name": "寶盛國際股份有限公司", "charging_points": 2, "available": 0, "occupied": 0, "availability_pct": 0, "charging_rate": "計時/每日/0元每1時", "parking_rate": "每1小時0元", "service_time": "每日/00:00-24:00", "address": "台北市大安區復興南路1段340巷11號B1-B2", "telephone": "02-26550818", "floors": "B1"}}, {"type": "Feature", "geometry": {"type": "Point", "coordinates": [121.53714, 25.06028]}, "properties": {"station_id": "28371994-STP3930001", "station_name": "建國高架站", "district": "中山區", "city": "taipei", "operator_name": "寶盛國際股份有限公司", "charging_points": 1, "available": 0, "occupied": 0, "availability_pct": 0, "charging_rate": "計時/每日/10元每1時", "parking_rate": "每1小時20元", "service_time": "每日/00:00-24:00", "address": "台北市中山區建國北路高架橋下停車場(八德路-民族東路)", "telephone": "02-26550818", "floors": "1F"}}, {"type": "Feature", "geometry": {"type": "Point", "coordinates": [121.53714, 25.06028]}, "properties": {"station_id": "28371994-STP6530001", "station_name": "建國高架站B區", "district": "中山區", "city": "taipei", "operator_name": "寶盛國際股份有限公司", "charging_points": 5, "available": 0, "occupied": 0, "availability_pct": 0, "charging_rate": "計時/每日/10元每1時", "parking_rate": "每1小時20元", "service_time": "每日/00:00-24:00", "address": "台北市中山區建國北路高架橋下停車場(八德路-民族東路)", "telephone": "02-26550818", "floors": "1F"}}, {"type": "Feature", "geometry": {"type": "Point", "coordinates": [121.56299, 25.03594]}, "properties": {"station_id": "28371994-STP6900001", "station_name": "府前廣場站", "district": "信義區", "city": "taipei", "operator_name": "寶盛國際股份有限公司", "charging_points": 40, "available": 0, "occupied": 0, "availability_pct": 0, "charging_rate": "計度/固定/5元每度", "parking_rate": "每1小時0元", "service_time": "每日/00:00-24:00", "address": "台北市信義區松壽路1號B1-B2", "telephone": "02-26550818", "floors": "B1"}}, {"type": "Feature", "geometry": {"type": "Point", "coordinates": [121.53714, 25.06028]}, "properties": {"station_id": "28371994-STP6570001", "station_name": "建國高架站F區", "district": "中山區", "city": "taipei", "operator_name": "寶盛國際股份有限公司", "charging_points": 1, "available": 0, "occupied": 0, "availability_pct": 0, "charging_rate": "計時/每日/10元每1時", "parking_rate": "每1小時20元", "service_time": "每日/00:00-24:00", "address": "台北市中山區建國北路高架橋下停車場(八德路-民族東路)", "telephone": "02-26550818", "floors": "1F"}}, {"type": "Feature", "geometry": {"type": "Point", "coordinates": [121.56111, 25.04858]}, "properties": {"station_id": "28371994-STP4180001", "station_name": "中崙高中站", "district": "松山區", "city": "taipei", "operator_name": "寶盛國際股份有限公司", "charging_points": 7, "available": 0, "occupied": 0, "availability_pct": 0, "charging_rate": "計時/每日/0元每1時", "parking_rate": "每1小時0元", "service_time": "每日/00:00-24:00", "address": "台北市松山區八德路4段101號B2停車場", "telephone": "02-26550818", "floors": "B2"}}, {"type": "Feature", "geometry": {"type": "Point", "coordinates": [121.5612, 25.04796]}, "properties": {"station_id": "28371994-STP4170001", "station_name": "偶戲博物館站", "district": "松山區", "city": "taipei", "operator_name": "寶盛國際股份有限公司", "charging_points": 2, "available": 0, "occupied": 0, "availability_pct": 0, "charging_rate": "計時/每日/0元每1時", "parking_rate": "每1小時0元", "service_time": "每日/00:00-24:00", "address": "台北市松山區市民大道5段99號B1停車場", "telephone": "02-26550818", "floors": "B1"}}, {"type": "Feature", "geometry": {"type": "Point", "coordinates": [121.50912, 25.04289]}, "properties": {"station_id": "28371994-STP4340001", "station_name": "中山堂站", "district": "中正區", "city": "taipei", "operator_name": "寶盛國際股份有限公司", "charging_points": 9, "available": 0, "occupied": 0, "availability_pct": 0, "charging_rate": "計時/每日/0元每1時", "parking_rate": "每1小時0元", "service_time": "每日/00:00-24:00", "address": "台北市中正區延平南路98號地下停車場", "telephone": "02-26550818", "floors": "B1"}}, {"type": "Feature", "geometry": {"type": "Point", "coordinates": [121.55668, 25.04109]}, "properties": {"station_id": "28371994-STP5850001", "station_name": "僑安站", "district": "大安區", "city": "taipei", "operator_name": "寶盛國際股份有限公司", "charging_points": 8, "available": 0, "occupied": 0, "availability_pct": 0, "charging_rate": "計時/每日/0元每1時", "parking_rate": "每1小時0元", "service_time": "每日/00:00-24:00", "address": "台北市大安區忠孝東路四段306號B1-B3停車場", "telephone": "02-26550818", "floors": "B1"}}, {"type": "Feature", "geometry": {"type": "Point", "coordinates": [121.5627, 25.05608]}, "properties": {"station_id": "28371994-STP7430001", "station_name": "健康國小站", "district": "松山區", "city": "taipei", "operator_name": "寶盛國際股份有限公司", "charging_points": 4, "available": 0, "occupied": 0, "availability_pct": 0, "charging_rate": "計時/每日/0元每1時", "parking_rate": "每1小時0元", "service_time": "每日/00:00-24:00", "address": "台北市松山區延壽街168號B1-B2停車場(由三民路43巷入場)", "telephone": "02-26550818", "floors": "B1"}}, {"type": "Feature", "geometry": {"type": "Point", "coordinates": [121.5492, 25.04993]}, "properties": {"station_id": "28371994-STP4900001", "station_name": "台北小巨蛋站", "district": "松山區", "city": "taipei", "operator_name": "寶盛國際股份有限公司", "charging_points": 8, "available": 3, "occupied": 5, "availability_pct": 38, "charging_rate": "計時/每日/5元每1度", "parking_rate": "每1小時0元", "service_time": "每日/00:00-24:00", "address": "台北市松山區南京東路四段2號B1-B2", "telephone": "02-26550818", "floors": "B1"}}, {"type": "Feature", "geometry": {"type": "Point", "coordinates": [121.52055, 25.04827]}, "properties": {"station_id": "28371994-STP5990001", "station_name": "市民大道-公中站", "district": "中山區", "city": "taipei", "operator_name": "寶盛國際股份有限公司", "charging_points": 8, "available": 0, "occupied": 0, "availability_pct": 0, "charging_rate": "計度/固定/8元每度", "parking_rate": "每1小時0元", "service_time": "每日/00:00-24:00", "address": "台北市中山區市民大道公園路至中山北路地下停車場(鄰近市民大道一段256號)", "telephone": "02-26550818", "floors": "B1"}}, {"type": "Feature", "geometry": {"type": "Point", "coordinates": [121.51009, 25.05036]}, "properties": {"station_id": "28371994-STP6000001", "station_name": "市民大道-塔城站", "district": "大同區", "city": "taipei", "operator_name": "寶盛國際股份有限公司", "charging_points": 8, "available": 0, "occupied": 0, "availability_pct": 0, "charging_rate": "計度/固定/8元每度", "parking_rate": "每1小時0元", "service_time": "每日/00:00-24:00", "address": "台北市大同區西寧北路至塔城街地下停車場(鄰近大同區鄭州路139號)", "telephone": "02-26550818", "floors": "B1"}}, {"type": "Feature", "geometry": {"type": "Point", "coordinates": [121.52257, 25.08971]}, "properties": {"station_id": "28371994-STP6010001", "station_name": "承德公園站", "district": "士林區", "city": "taipei", "operator_name": "寶盛國際股份有限公司", "charging_points": 4, "available": 0, "occupied": 0, "availability_pct": 0, "charging_rate": "計度/固定/5元每度", "parking_rate": "每1小時0元", "service_time": "每日/00:00-24:00", "address": "台北市士林區基河路150號B1-B2停車場", "telephone": "02-26550818", "floors": "B1"}}, {"type": "Feature", "geometry": {"type": "Point", "coordinates": [121.51171, 25.01547]}, "properties": {"station_id": "34104124-S01", "station_name": "THPS", "district": "永和區", "city": "newtaipei", "operator_name": "新北市永和區頂溪國民小學", "charging_points": 2, "available": 0, "occupied": 0, "availability_pct": 0, "charging_rate": "計度/不分時段固定每度8元", "parking_rate": "校內停車場，無開放臨停，限月租戶使用。", "service_time": "計度/不分時段固定每度8元", "address": "新北市永和區文化路133號B1", "telephone": "0229212058", "floors": "B1"}}, {"type": "Feature", "geometry": {"type": "Point", "coordinates": [121.44507, 24.97891]}, "properties": {"station_id": "42861108-S17090", "station_name": "新北－土城日月光廣場(B3)", "district": "土城區", "city": "newtaipei", "operator_name": "台灣特斯拉汽車有限公司", "charging_points": 6, "available": 0, "occupied": 0, "availability_pct": 0, "charging_rate": "免費", "parking_rate": "計時停車: 每小時30元。  半小時內離場: 不計費。  平日消費優惠: 不限金額消費可享當日3小時免費停車。 ", "service_time": "每日上午7點到晚上12點", "address": "土城日月光廣場", "telephone": "0809007518", "floors": "B3"}}, {"type": "Feature", "geometry": {"type": "Point", "coordinates": [121.46351, 25.02681]}, "properties": {"station_id": "54363149-Ss1n0", "station_name": "新埔國小地下停車場", "district": "板橋區", "city": "newtaipei", "operator_name": "拓廣科技股份有限公司", "charging_points": 2, "available": 0, "occupied": 0, "availability_pct": 0, "charging_rate": "60元每小時", "parking_rate": "30元每小時", "service_time": "24小時", "address": "新北市板橋區四維路22號", "telephone": "0277287300", "floors": "B1"}}, {"type": "Feature", "geometry": {"type": "Point", "coordinates": [121.46359, 25.05196]}, "properties": {"station_id": "70553757-S0001", "station_name": "頭前平面停車場充電站", "district": "新莊區", "city": "newtaipei", "operator_name": "好停企業有限公司", "charging_points": 2, "available": 0, "occupied": 0, "availability_pct": 0, "charging_rate": "計度/固定/10 元每度", "parking_rate": "計時/30 元每小時/12小時上限150元/24小時上限300元", "service_time": "每日/00:00-24:00", "address": "新北市新莊區頭前路、福前街口中原段234地號", "telephone": "0229907400", "floors": "1"}}, {"type": "Feature", "geometry": {"type": "Point", "coordinates": [121.4593, 25.0584]}, "properties": {"station_id": "54710871-S0001", "station_name": "宏匯思源公共停車場", "district": "新莊區", "city": "newtaipei", "operator_name": "宏匯思源股份有限公司", "charging_points": 10, "available": 0, "occupied": 0, "availability_pct": 0, "charging_rate": "計度固定/7.5元每度", "parking_rate": "計時/每日/40元每小時/每日最高200元", "service_time": "每日/00:00-24:00", "address": "新北市新莊區思源路555號", "telephone": "02-8522-9882", "floors": "B1"}}, {"type": "Feature", "geometry": {"type": "Point", "coordinates": [121.367874, 25.068695]}, "properties": {"station_id": "90016138-SF001", "station_name": "麗林國小停車場", "district": "林口區", "city": "newtaipei", "operator_name": "檸檬動能股份有限公司", "charging_points": 2, "available": 2, "occupied": 0, "availability_pct": 100, "charging_rate": "計度/固定/10元每度", "parking_rate": "計時/開放日/40元每小時", "service_time": "每日/00:00-24:00", "address": "新北市林口區公園路46號", "telephone": "02-26008457", "floors": "B1"}}, {"type": "Feature", "geometry": {"type": "Point", "coordinates": [121.38115, 25.09043]}, "properties": {"station_id": "90016138-S643927b1", "station_name": "林口展悅CEO豪辦站", "district": "林口區", "city": "newtaipei", "operator_name": "檸檬動能股份有限公司", "charging_points": 3, "available": 3, "occupied": 0, "availability_pct": 100, "charging_rate": "計度/平日/00:00-23:59/8元每度，計度/假日/00:00-23:59/9元每度", "parking_rate": "20元/每小時(4/1號後調整為30元/每小時)，半小時內不計費，超過半小時未滿一小時以一小時計費", "service_time": "每日/07:00-23:00", "address": "新北市林口區文化三路451-457號", "telephone": "02-86018535", "floors": "B1"}}, {"type": "Feature", "geometry": {"type": "Point", "coordinates": [121.4772117247948, 25.0050707485185]}, "properties": {"station_id": "94128120-S0004120", "station_name": "DARA-聯通雙和慈濟站", "district": "中和區", "city": "newtaipei", "operator_name": "達拉電能股份有限公司", "charging_points": 2, "available": 0, "occupied": 0, "availability_pct": 0, "charging_rate": "週日/固定/7.0000元(每度),週一/固定/7.0000元(每度),週二/固定/7.0000元(每度),週三/固定/7.0000元(每度),週四/固定/7.0000元(每度),週五/固定/7.0000元(每度),週六/固定/7.0000元(每度)", "parking_rate": "免費", "service_time": "每日/00:00-24:00", "address": "新北市中和區中山路三段41號", "telephone": "0225235000", "floors": "B1"}}, {"type": "Feature", "geometry": {"type": "Point", "coordinates": [121.4492492675781, 25.05928993225098]}, "properties": {"station_id": "94128120-S0004121", "station_name": "DARA-宏匯廣場站", "district": "新莊區", "city": "newtaipei", "operator_name": "達拉電能股份有限公司", "charging_points": 14, "available": 0, "occupied": 0, "availability_pct": 0, "charging_rate": "週日/固定/12.5000元(每度),週一/固定/12.5000元(每度),週二/固定/12.5000元(每度),週三/固定/12.5000元(每度),週四/固定/12.5000元(每度),週五/固定/12.5000元(每度),週六/固定/12.5000元(每度)", "parking_rate": "計時/每日40 元每小時", "service_time": "平日/11:00-23:00,假日/11:00-23:00", "address": "新北市新莊區新北大道四段3號", "telephone": "0285128366", "floors": "B3,B4"}}, {"type": "Feature", "geometry": {"type": "Point", "coordinates": [121.65862, 25.064318]}, "properties": {"station_id": "94273051-S2gpG2Tp", "station_name": "汐止區公所", "district": "汐止區", "city": "newtaipei", "operator_name": "超馳電力系統有限公司", "charging_points": 3, "available": 0, "occupied": 0, "availability_pct": 0, "charging_rate": "計度/固定/8元每度", "parking_rate": "計時/每日/20元每小時，月租2500元", "service_time": "每日/00:00-24:00", "address": "新北市汐止區新台五路一段268", "telephone": "02-26411111", "floors": "B1"}}, {"type": "Feature", "geometry": {"type": "Point", "coordinates": [121.459698, 25.007714]}, "properties": {"station_id": "93519232-S0010", "station_name": "板橋中山停車場", "district": "板橋區", "city": "newtaipei", "operator_name": "區快充科技股份有限公司", "charging_points": 1, "available": 1, "occupied": 0, "availability_pct": 100, "charging_rate": "計度/固定/10 元每度", "parking_rate": "計時/平日/60 元每小時、假日/70 元每小時", "service_time": "每日/00:00-24:00", "address": "新北市板橋區中山路一段1", "telephone": "03-5285025", "floors": "B2"}}, {"type": "Feature", "geometry": {"type": "Point", "coordinates": [121.64068, 25.06577]}, "properties": {"station_id": "37759379-SB0021", "station_name": "忠厚地下停車場", "district": "汐止區", "city": "newtaipei", "operator_name": "日月亭股份有限公司 忠厚營業所", "charging_points": 2, "available": 2, "occupied": 0, "availability_pct": 100, "charging_rate": "計度/固定/8元每度", "parking_rate": "平日/日間收費20/1小時(08:00-22:00)夜間收費10/1小時(22:00-0800)假日日間收費30/1小時(08:00-22:00)假日夜間收費10/1小時(22:00-0800)", "service_time": "每日/00:00-24:00", "address": "新北市汐止樟樹一路26", "telephone": "26437872", "floors": "B1"}}, {"type": "Feature", "geometry": {"type": "Point", "coordinates": [121.80509, 25.13457]}, "properties": {"station_id": "60225577-SA0694011", "station_name": "俥亭停車事業瑞芳八斗子營業所", "district": "瑞芳區", "city": "newtaipei", "operator_name": "俥亭停車事業股份有限公司瑞芳八斗子營業所", "charging_points": 1, "available": 1, "occupied": 0, "availability_pct": 100, "charging_rate": "免費", "parking_rate": "不分平假日每小時20元", "service_time": "24小時營業", "address": "新北市瑞芳區建基路二段127", "telephone": "02-24257730", "floors": "1"}}, {"type": "Feature", "geometry": {"type": "Point", "coordinates": [121.4940065, 24.9931734]}, "properties": {"station_id": "91887251-SA040601", "station_name": "雙和醫院停車場", "district": "中和區", "city": "newtaipei", "operator_name": "俥亭停車事業股份有限公司雙和醫院營業所", "charging_points": 6, "available": 6, "occupied": 0, "availability_pct": 100, "charging_rate": "計度/固定/8元每度", "parking_rate": "計時:40 元/每小時", "service_time": "每日/00:00-24:00", "address": "新北市中和區中正路291號", "telephone": "02-22432965", "floors": "B3"}}, {"type": "Feature", "geometry": {"type": "Point", "coordinates": [121.49418, 24.991234]}, "properties": {"station_id": "91903689-SA040701", "station_name": "雙和醫院二停車場", "district": "中和區", "city": "newtaipei", "operator_name": "俥亭停車事業股份有限公司雙和醫院二營業所", "charging_points": 6, "available": 5, "occupied": 0, "availability_pct": 100, "charging_rate": "計度:  8元/每度", "parking_rate": "計時: 40元/小時", "service_time": "每日/00:00-24:00", "address": "新北市中和區圓通路301號", "telephone": "02-22436083", "floors": "1F"}}, {"type": "Feature", "geometry": {"type": "Point", "coordinates": [121.467434, 25.014509]}, "properties": {"station_id": "97179430-S162", "station_name": "板橋大遠百", "district": "板橋區", "city": "newtaipei", "operator_name": "遠傳電信股份有限公司", "charging_points": 8, "available": 12, "occupied": 2, "availability_pct": 86, "charging_rate": "計度 /固定 /12元 DC每度,計度 /固定 /8.5元 AC每度", "parking_rate": "計時 /每日/60元每小時", "service_time": "每日/11:00-22:00", "address": "新北市板橋區新站路28號", "telephone": "", "floors": "B4"}}, {"type": "Feature", "geometry": {"type": "Point", "coordinates": [121.45414344223347, 24.9956997136522]}, "properties": {"station_id": "97179430-S161", "station_name": "亞東科技大學地下停車場", "district": "板橋區", "city": "newtaipei", "operator_name": "遠傳電信股份有限公司", "charging_points": 2, "available": 4, "occupied": 0, "availability_pct": 100, "charging_rate": "計度 /固定 /12元 DC每度", "parking_rate": "計時/每日/30元每小時, 計時/每日/10元每小時", "service_time": "每日/00:00-24:00", "address": "新北市板橋區四川路二段28號", "telephone": "", "floors": "B1"}}, {"type": "Feature", "geometry": {"type": "Point", "coordinates": [121.45717901, 24.98598325]}, "properties": {"station_id": "28114216-S124", "station_name": "土城國民運動中心", "district": "土城區", "city": "newtaipei", "operator_name": "創玖科技股份有限公司", "charging_points": 2, "available": 3, "occupied": 1, "availability_pct": 75, "charging_rate": "計度/固定/10.50元每度", "parking_rate": "計時/每日/20元每小時", "service_time": "每日/06:00-22:00", "address": "236新北市土城區金城路二段247-1號", "telephone": "03-5775036", "floors": "B1"}}, {"type": "Feature", "geometry": {"type": "Point", "coordinates": [121.48819565, 25.05491803]}, "properties": {"station_id": "28114216-S184", "station_name": "三重國民運動中心", "district": "三重區", "city": "newtaipei", "operator_name": "創玖科技股份有限公司", "charging_points": 2, "available": 0, "occupied": 0, "availability_pct": 0, "charging_rate": "計度/固定/10.50元每度", "parking_rate": "計時/每日/20元每小時", "service_time": "每日/00:00-24:00", "address": "241新北市三重區集美街55號", "telephone": "03-5775036", "floors": "B2"}}, {"type": "Feature", "geometry": {"type": "Point", "coordinates": [121.360965, 25.066492]}, "properties": {"station_id": "85051710-S471", "station_name": "林口亞昕福朋喜來登酒店", "district": "林口區", "city": "newtaipei", "operator_name": "源點科技股份有限公司", "charging_points": 6, "available": 6, "occupied": 0, "availability_pct": 100, "charging_rate": "計時/每1分鐘0.93元", "parking_rate": "計時/每日/40 元每小時每日最高/400元每日, 月租/每月/3000元每月", "service_time": "每日/00:00~23:59", "address": "新北市林口區文化三路一段1號", "telephone": "02-77276988", "floors": "B2"}}, {"type": "Feature", "geometry": {"type": "Point", "coordinates": [121.367965, 24.939676]}, "properties": {"station_id": "85051710-S639", "station_name": "國立臺北大學", "district": "三峽區", "city": "newtaipei", "operator_name": "源點科技股份有限公司", "charging_points": 2, "available": 3, "occupied": 1, "availability_pct": 75, "charging_rate": "○星晴電價(非夏季):週一至週五21:00〜隔日14:59、週六00:00〜06:59,每度6.5元○尖峰費率(非夏季):週一至週五15:00〜20:59,每度13.2元<br>○假日費費率(週六週日與國定假日):假日首日00:00〜06:59,適用星晴電價,其餘採假日費率每度8.4元計算<br>○車廠優惠費率方案與上述優惠共享&nbsp;<br><br>「啟動前請確認車輛已到位並完成插槍。若因誤觸啟動導致非本人車輛充電，相關扣費恕不退還。」", "parking_rate": "計時/平日/20 元每小時, 計時/假日/40元每小時", "service_time": "每日/00:00~23:59", "address": "新北市三峽區大學路151號", "telephone": "02-26731949", "floors": "1F"}}, {"type": "Feature", "geometry": {"type": "Point", "coordinates": [121.36749546894194, 25.069189958914354]}, "properties": {"station_id": "83039115-S0003", "station_name": "全聯林口公園站", "district": "林口區", "city": "newtaipei", "operator_name": "綠樹科技股份有限公司", "charging_points": 1, "available": 2, "occupied": 0, "availability_pct": 100, "charging_rate": "計度/尖峰/15:00-20:59（星期一到星期五）/ 13.9元每度,計度/離峰/其他時段/ 7.5元每度", "parking_rate": "全聯購物金額不限，免費停車30分，滿300元免費一小時，最高折抵一小時", "service_time": "7x24小時", "address": "新北市林口區公園路59號", "telephone": "02-26069114", "floors": "B1"}}, {"type": "Feature", "geometry": {"type": "Point", "coordinates": [121.4985614527659, 25.079920893053735]}, "properties": {"station_id": "83039115-S0002", "station_name": "全聯三重仁義站", "district": "三重區", "city": "newtaipei", "operator_name": "綠樹科技股份有限公司", "charging_points": 1, "available": 2, "occupied": 0, "availability_pct": 100, "charging_rate": "計度/尖峰/15:00-20:59（星期一到星期五）/ 13.9元每度,計度/離峰/其他時段/ 7.5元每度", "parking_rate": "全聯購物金額不限，免費停車30分，滿300元免費一小時，最高折抵一小時", "service_time": "7x24小時", "address": "新北市三重區仁義街95號", "telephone": "02-26069114", "floors": "1F"}}, {"type": "Feature", "geometry": {"type": "Point", "coordinates": [121.46446, 25.09157]}, "properties": {"station_id": "33029464-STP6820001", "station_name": "捷運蘆洲站", "district": "蘆洲區", "city": "newtaipei", "operator_name": "中興電工機械股份有限公司", "charging_points": 2, "available": 2, "occupied": 0, "availability_pct": 100, "charging_rate": "計度/固定/5元每度", "parking_rate": "06:00-22:00：$30/0.5H，當日無上限；22:00-06:00：$35/0.5H，當日無上限", "service_time": "每日/00:00-24:00", "address": "新北市蘆洲區三民路386號B1", "telephone": "02-26550818", "floors": "B1"}}, {"type": "Feature", "geometry": {"type": "Point", "coordinates": [121.45903, 25.15475]}, "properties": {"station_id": "33029464-STP6640001", "station_name": "捷運紅樹林站", "district": "淡水區", "city": "newtaipei", "operator_name": "中興電工機械股份有限公司", "charging_points": 6, "available": 2, "occupied": 4, "availability_pct": 33, "charging_rate": "計度/固定/5元每度", "parking_rate": "00:00-06:00：$5/0.5H，當日無上限；06:00-00:00：$10/0.5H，當日無上限", "service_time": "每日/00:00-24:00", "address": "新北市淡水區中正東路2段68號", "telephone": "02-26550818", "floors": "1F"}}, {"type": "Feature", "geometry": {"type": "Point", "coordinates": [121.43273, 25.17477]}, "properties": {"station_id": "28371994-STP7630001", "station_name": "捷運淡水站", "district": "淡水區", "city": "newtaipei", "operator_name": "寶盛國際股份有限公司", "charging_points": 12, "available": 4, "occupied": 8, "availability_pct": 33, "charging_rate": "計度/固定/5元每度", "parking_rate": "汽車：平日：06~00-$15/0.5H,00~06-$10/0.5H，假日：10~00-$30/0.5H,00~10-$10/0.5H；機車：$30/次(隔日另計,以2:00為跨日基準)", "service_time": "每日/00:00-24:00", "address": "新北市淡水區中正路1號", "telephone": "02-26550818", "floors": "1F"}}, {"type": "Feature", "geometry": {"type": "Point", "coordinates": [121.4708, 25.08145]}, "properties": {"station_id": "28371994-STP4370001", "station_name": "蘆洲功學社站", "district": "蘆洲區", "city": "newtaipei", "operator_name": "寶盛國際股份有限公司", "charging_points": 1, "available": 1, "occupied": 0, "availability_pct": 100, "charging_rate": "計度/固定/5元每度", "parking_rate": "汽車：$40/H；機車：$20/H", "service_time": "每日/00:00-24:00", "address": "新北市蘆洲區中山二路162號B1~B2", "telephone": "02-26550818", "floors": "B1"}}, {"type": "Feature", "geometry": {"type": "Point", "coordinates": [121.448458, 25.09521105]}, "properties": {"station_id": "28007736-S049", "station_name": "五股運動中心", "district": "五股區", "city": "newtaipei", "operator_name": "皇鋒通訊股份有限公司", "charging_points": 1, "available": 1, "occupied": 0, "availability_pct": 100, "charging_rate": "計分/0.9元每分", "parking_rate": "計時/每日/20元每小時", "service_time": "每日 /00:00-24:00", "address": "新北市五股區成泰路296號", "telephone": "0931-263-103", "floors": "1"}}, {"type": "Feature", "geometry": {"type": "Point", "coordinates": [121.4619974, 25.09151955]}, "properties": {"station_id": "28007736-S051", "station_name": "蘆洲運動中心", "district": "蘆洲區", "city": "newtaipei", "operator_name": "皇鋒通訊股份有限公司", "charging_points": 1, "available": 1, "occupied": 0, "availability_pct": 100, "charging_rate": "計分/0.9元每分", "parking_rate": "計時/每日/30元每小時", "service_time": "每日 /00:00-24:00", "address": "新北市蘆洲區長樂路235-1號", "telephone": "0931-263-103", "floors": "1"}}, {"type": "Feature", "geometry": {"type": "Point", "coordinates": [121.63807, 25.07461]}, "properties": {"station_id": "42861108-Sd70033ee-9101-425a-adb5-919c788f5dbc", "station_name": "新北－汐止日月光家飾館", "district": "汐止區", "city": "newtaipei", "operator_name": "台灣特斯拉汽車有限公司", "charging_points": 9, "available": 6, "occupied": 3, "availability_pct": 67, "charging_rate": "計度/一般時段/00:00-04:00/8 元每度計度/一般時段/04:00-12:00/8 元每度計度/一般時段/12:00-00:00/8 元每度", "parking_rate": "費用詳情請查詢TESLA站點", "service_time": "每日/08:00-20:00", "address": "新北市汐止區康寧街751巷13號", "telephone": "0809007518", "floors": "P1"}}, {"type": "Feature", "geometry": {"type": "Point", "coordinates": [121.47482, 25.00622]}, "properties": {"station_id": "42861108-S543408c0-ad77-4f2c-af34-6bbbf4175c31", "station_name": "新北－中和環球購物中心", "district": "中和區", "city": "newtaipei", "operator_name": "台灣特斯拉汽車有限公司", "charging_points": 8, "available": 10, "occupied": 6, "availability_pct": 62, "charging_rate": "計分/0-60kW/5 元每分,計分/60-100kW/11 元每分,計分/100-180kW/17 元每分,計分/180-250kW/28 元每分", "parking_rate": "費用詳情請查詢TESLA站點", "service_time": "7x24小時", "address": "新北市中和區中山路三段122號6樓", "telephone": "0809007518", "floors": "6"}}, {"type": "Feature", "geometry": {"type": "Point", "coordinates": [121.54005, 24.9852]}, "properties": {"station_id": "42861108-S09bf3b8f-8fe9-44d3-be15-2a0cf5891db6", "station_name": "新北－新店", "district": "新店區", "city": "newtaipei", "operator_name": "台灣特斯拉汽車有限公司", "charging_points": 4, "available": 2, "occupied": 6, "availability_pct": 25, "charging_rate": "計分/0-60kW/5 元每分,計分/60-100kW/11 元每分,計分/100-180kW/17 元每分,計分/180-250kW/28 元每分", "parking_rate": "費用詳情請查詢TESLA站點", "service_time": "7x24小時", "address": "新北市北新路三段213號 B2", "telephone": "0809007518", "floors": "B2"}}, {"type": "Feature", "geometry": {"type": "Point", "coordinates": [121.44455, 24.97961]}, "properties": {"station_id": "42861108-Sbe38b430-6d41-40e7-bc9d-d0f913b1f36a", "station_name": "新北－土城日月光廣場", "district": "土城區", "city": "newtaipei", "operator_name": "台灣特斯拉汽車有限公司", "charging_points": 4, "available": 2, "occupied": 2, "availability_pct": 50, "charging_rate": "計度/離峰/00:00-04:00/8 元每度計度/離峰/04:00-12:00/8 元每度計度/一般時段/12:00-20:00/10 元每度計度/離峰/20:00-00:00/9 元每度", "parking_rate": "費用詳情請查詢TESLA站點", "service_time": "每日/07:00-23:00", "address": "新北學府路二段210號 B3F", "telephone": "0809007518", "floors": "B3"}}, {"type": "Feature", "geometry": {"type": "Point", "coordinates": [121.47518, 25.07139]}, "properties": {"station_id": "42861108-S5f440307-00e3-4c34-a2a1-f66f48123618", "station_name": "新北－三重愛買", "district": "三重區", "city": "newtaipei", "operator_name": "台灣特斯拉汽車有限公司", "charging_points": 6, "available": 2, "occupied": 4, "availability_pct": 33, "charging_rate": "計度/一般時段/00:00-04:00/8 元每度計度/一般時段/04:00-12:00/8 元每度計度/一般時段/12:00-00:00/8 元每度", "parking_rate": "費用詳情請查詢TESLA站點", "service_time": "每日/09:00-22:00", "address": "新北中正北路193巷45號 B1F", "telephone": "0809007518", "floors": "1F"}}, {"type": "Feature", "geometry": {"type": "Point", "coordinates": [121.42868, 25.17628]}, "properties": {"station_id": "42861108-S945a1b98-3f8d-4da2-8de2-928295b1378d", "station_name": "新北－滬尾藝文休閒園區", "district": "淡水區", "city": "newtaipei", "operator_name": "台灣特斯拉汽車有限公司", "charging_points": 10, "available": 5, "occupied": 2, "availability_pct": 71, "charging_rate": "計度/離峰/00:00-04:00/8 元每度計度/離峰/04:00-15:00/8 元每度計度/尖峰/15:00-22:00/13 元每度計度/離峰/22:00-00:00/8 元每度", "parking_rate": "費用詳情請查詢TESLA站點", "service_time": "7x24小時", "address": "新北中正路一段２號", "telephone": "0809007518", "floors": "B1"}}, {"type": "Feature", "geometry": {"type": "Point", "coordinates": [121.44638, 25.05149]}, "properties": {"station_id": "42861108-Sf90c9fd9-843b-4573-bba4-96b5740c6ab9", "station_name": "新北－新莊", "district": "新莊區", "city": "newtaipei", "operator_name": "台灣特斯拉汽車有限公司", "charging_points": 6, "available": 5, "occupied": 1, "availability_pct": 83, "charging_rate": "計度/離峰/00:00-04:00/7 元每度計度/離峰/04:00-15:00/7 元每度計度/尖峰/15:00-22:00/12 元每度計度/離峰/22:00-00:00/7 元每度", "parking_rate": "費用詳情請查詢TESLA站點", "service_time": "7x24小時", "address": "新北中和街155巷24弄", "telephone": "0809007518", "floors": "1F"}}, {"type": "Feature", "geometry": {"type": "Point", "coordinates": [121.47495, 25.00673]}, "properties": {"station_id": "42861108-S6b706da3-fa15-4a3c-8d93-320a5c21af23", "station_name": "新北 - 中和環球購物中心", "district": "中和區", "city": "newtaipei", "operator_name": "台灣特斯拉汽車有限公司", "charging_points": 9, "available": 2, "occupied": 4, "availability_pct": 33, "charging_rate": "費用詳情請查詢TESLA站點", "parking_rate": "費用詳情請查詢TESLA站點", "service_time": "7x24小時", "address": "新北市中山路三段122號 B3、5F", "telephone": "0809007518", "floors": "1F"}}, {"type": "Feature", "geometry": {"type": "Point", "coordinates": [121.36144, 25.06606]}, "properties": {"station_id": "42861108-S90b04491-49d2-4010-b5f5-30dd08d88254", "station_name": "林口A9環球購物中心", "district": "林口區", "city": "newtaipei", "operator_name": "台灣特斯拉汽車有限公司", "charging_points": 3, "available": 0, "occupied": 0, "availability_pct": 0, "charging_rate": "費用詳情請查詢TESLA站點", "parking_rate": "費用詳情請查詢TESLA站點", "service_time": "7x24小時", "address": "New Taipei文化三路一段2號 B2", "telephone": "0809007518", "floors": "1F"}}, {"type": "Feature", "geometry": {"type": "Point", "coordinates": [121.60162, 25.27652]}, "properties": {"station_id": "42861108-S7cb16f34-2913-4db7-bc2f-a6ba16f52005", "station_name": "新北 - 黃金海岸高爾夫球場", "district": "石門區", "city": "newtaipei", "operator_name": "台灣特斯拉汽車有限公司", "charging_points": 3, "available": 3, "occupied": 0, "availability_pct": 100, "charging_rate": "費用詳情請查詢TESLA站點", "parking_rate": "費用詳情請查詢TESLA站點", "service_time": "7x24小時", "address": "新北市草埔尾5號", "telephone": "0809007518", "floors": "1F"}}, {"type": "Feature", "geometry": {"type": "Point", "coordinates": [121.54757, 24.87175]}, "properties": {"station_id": "42861108-S01342a10-aa64-4f90-ae30-1b8d7d3fcc86", "station_name": "璞石麗緻溫泉會館", "district": "烏來區", "city": "newtaipei", "operator_name": "台灣特斯拉汽車有限公司", "charging_points": 3, "available": 0, "occupied": 0, "availability_pct": 0, "charging_rate": "費用詳情請查詢TESLA站點", "parking_rate": "費用詳情請查詢TESLA站點", "service_time": "7x24小時", "address": "New Taipei新烏路五段88號 B1", "telephone": "0809007518", "floors": "1F"}}, {"type": "Feature", "geometry": {"type": "Point", "coordinates": [121.4763, 25.0715]}, "properties": {"station_id": "42861108-S852a2236-52bc-4366-aa9e-1552330789ac", "station_name": "新北－三重愛買", "district": "三重區", "city": "newtaipei", "operator_name": "台灣特斯拉汽車有限公司", "charging_points": 4, "available": 4, "occupied": 0, "availability_pct": 100, "charging_rate": "費用詳情請查詢TESLA站點", "parking_rate": "費用詳情請查詢TESLA站點", "service_time": "7x24小時", "address": "新北市中正北路193巷45號", "telephone": "0809007518", "floors": "1F"}}, {"type": "Feature", "geometry": {"type": "Point", "coordinates": [121.37291, 24.94085]}, "properties": {"station_id": "42861108-S9e864926-d6fd-4100-929e-27498da60fb2", "station_name": "新北－三峽", "district": "三峽區", "city": "newtaipei", "operator_name": "台灣特斯拉汽車有限公司", "charging_points": 9, "available": 7, "occupied": 2, "availability_pct": 78, "charging_rate": "計度/離峰/00:00-04:00/7 元每度計度/離峰/04:00-15:00/7 元每度計度/尖峰/15:00-22:00/12 元每度計度/離峰/22:00-00:00/7 元每度", "parking_rate": "費用詳情請查詢TESLA站點", "service_time": "7x24小時", "address": "新北學成路1", "telephone": "0809007518", "floors": "1F"}}, {"type": "Feature", "geometry": {"type": "Point", "coordinates": [121.47478, 25.08317]}, "properties": {"station_id": "42861108-S663cbaf2-0ad2-43cf-89de-d05bfe391308", "station_name": "168parking 蘆洲三民停車場", "district": "蘆洲區", "city": "newtaipei", "operator_name": "台灣特斯拉汽車有限公司", "charging_points": 4, "available": 0, "occupied": 0, "availability_pct": 0, "charging_rate": "費用詳情請查詢TESLA站點", "parking_rate": "費用詳情請查詢TESLA站點", "service_time": "7x24小時", "address": "New Taipei三民路27號", "telephone": "0809007518", "floors": "1F"}}, {"type": "Feature", "geometry": {"type": "Point", "coordinates": [121.36089, 25.06651]}, "properties": {"station_id": "42861108-S554815bb-24da-4ed1-8e6d-5aeb04c584c6", "station_name": "新北－林口亞昕福朋喜來登酒店", "district": "林口區", "city": "newtaipei", "operator_name": "台灣特斯拉汽車有限公司", "charging_points": 4, "available": 2, "occupied": 2, "availability_pct": 50, "charging_rate": "計度/一般時段/00:00-24:00/8 元每度", "parking_rate": "費用詳情請查詢TESLA站點", "service_time": "7x24小時", "address": "新北文化三路一段一號", "telephone": "0809007518", "floors": "B2"}}, {"type": "Feature", "geometry": {"type": "Point", "coordinates": [121.42962, 25.15936]}, "properties": {"station_id": "42861108-Se3f94cf3-0acd-4ed4-a383-7d095af4e934", "station_name": "新北 - 八里福朋喜來登酒店", "district": "八里區", "city": "newtaipei", "operator_name": "台灣特斯拉汽車有限公司", "charging_points": 4, "available": 3, "occupied": 1, "availability_pct": 75, "charging_rate": "費用詳情請查詢TESLA站點", "parking_rate": "費用詳情請查詢TESLA站點", "service_time": "7x24小時", "address": "新北市觀海大道8號", "telephone": "0809007518", "floors": "1F"}}, {"type": "Feature", "geometry": {"type": "Point", "coordinates": [121.47212, 25.04855]}, "properties": {"station_id": "42861108-S5a4c664d-b9f1-4b87-b33a-51295d34979a", "station_name": "美麗人生產後護理之家", "district": "三重區", "city": "newtaipei", "operator_name": "台灣特斯拉汽車有限公司", "charging_points": 2, "available": 0, "occupied": 0, "availability_pct": 0, "charging_rate": "費用詳情請查詢TESLA站點", "parking_rate": "費用詳情請查詢TESLA站點", "service_time": "7x24小時", "address": "New Taipei光復路一段45號", "telephone": "0809007518", "floors": "1F"}}, {"type": "Feature", "geometry": {"type": "Point", "coordinates": [121.460858, 25.013104]}, "properties": {"station_id": "28652185-SJIA001", "station_name": "捷運江子翠站", "district": "板橋區", "city": "newtaipei", "operator_name": "正好停股份有限公司", "charging_points": 1, "available": 1, "occupied": 0, "availability_pct": 100, "charging_rate": "計度/固定/0元每度", "parking_rate": "每小時0元", "service_time": "每日/00:00-24:00", "address": "新北市板橋區文化路二段296號", "telephone": "02-27995656", "floors": "1"}}, {"type": "Feature", "geometry": {"type": "Point", "coordinates": [121.37561, 25.07756]}, "properties": {"station_id": "28652185-SLINKOU001", "station_name": "林口世大運選手村社會住宅地下停車場A區", "district": "林口區", "city": "newtaipei", "operator_name": "正好停股份有限公司", "charging_points": 7, "available": 7, "occupied": 0, "availability_pct": 100, "charging_rate": "計度/固定/8元每度", "parking_rate": "計時/每日/30元每小時/每日最高/150元每日", "service_time": "每日/00:00-24:00", "address": "新北市林口區仁愛路二段496號", "telephone": "02-8601-8552", "floors": "B1"}}, {"type": "Feature", "geometry": {"type": "Point", "coordinates": [121.37692, 25.07539]}, "properties": {"station_id": "28652185-SLINKOU002", "station_name": "林口世大運選手村社會住宅地下停車場B區", "district": "林口區", "city": "newtaipei", "operator_name": "正好停股份有限公司", "charging_points": 6, "available": 6, "occupied": 0, "availability_pct": 100, "charging_rate": "計度/固定/8元每度", "parking_rate": "計時/每日/30元每小時/每日最高/150元每日", "service_time": "每日/00:00-24:00", "address": "新北市林口區仁愛路二段492號", "telephone": "02-8601-8536", "floors": "B1"}}, {"type": "Feature", "geometry": {"type": "Point", "coordinates": [121.37942, 25.075]}, "properties": {"station_id": "28652185-SLINKOU003", "station_name": "林口世大運選手村社會住宅地下停車場C區", "district": "林口區", "city": "newtaipei", "operator_name": "正好停股份有限公司", "charging_points": 7, "available": 7, "occupied": 0, "availability_pct": 100, "charging_rate": "計度/固定/8元每度", "parking_rate": "計時/每日/30元每小時/每日最高/150元每日", "service_time": "每日/00:00-24:00", "address": "新北市林口區仁愛路二段196號", "telephone": "02-8601-8565", "floors": "B1"}}, {"type": "Feature", "geometry": {"type": "Point", "coordinates": [121.3776, 25.07248]}, "properties": {"station_id": "28652185-SLINKOU004", "station_name": "林口世大運選手村社會住宅地下停車場D區", "district": "泰山區", "city": "newtaipei", "operator_name": "正好停股份有限公司", "charging_points": 8, "available": 8, "occupied": 0, "availability_pct": 100, "charging_rate": "計度/固定/8元每度", "parking_rate": "計時/每日/30元每小時/每日最高/150元每日", "service_time": "每日/00:00-24:00", "address": "新北市林口區仁愛路二段140號", "telephone": "02-2606-8064", "floors": "B1"}}, {"type": "Feature", "geometry": {"type": "Point", "coordinates": [121.44779, 25.042396]}, "properties": {"station_id": "28652185-SXZPEP0001", "station_name": "新莊體育園區停車場", "district": "新莊區", "city": "newtaipei", "operator_name": "正好停股份有限公司", "charging_points": 14, "available": 14, "occupied": 0, "availability_pct": 100, "charging_rate": "計度/固定/8元每度", "parking_rate": "計時/平日/30元每小時/每日最高/180元,計時/假日/30元每小時/每日", "service_time": "每日/00:00-24:00", "address": "新北市新莊區中華路一段75號", "telephone": "02-77137800", "floors": "B1"}}, {"type": "Feature", "geometry": {"type": "Point", "coordinates": [121.4131, 25.02275]}, "properties": {"station_id": "28652185-SMRTHL0001", "station_name": "捷運迴龍站轉乘停車場", "district": "新莊區", "city": "newtaipei", "operator_name": "正好停股份有限公司", "charging_points": 5, "available": 5, "occupied": 0, "availability_pct": 100, "charging_rate": "計度/固定/8元每度", "parking_rate": "計時/平日：06:00-24:00 30元/時,00:00-06:00 10元/時,計時/假日：06:00-24:00 30元/時,00:00-06:00 10元/時,平日、假日最高上限150元", "service_time": "每日/00:00-24:00", "address": "新北市新莊區中正路758號", "telephone": "02-77137800", "floors": "1"}}, {"type": "Feature", "geometry": {"type": "Point", "coordinates": [121.46419, 25.01549]}, "properties": {"station_id": "28652185-SBQTS0001", "station_name": "板橋車站地下停車場", "district": "板橋區", "city": "newtaipei", "operator_name": "正好停股份有限公司", "charging_points": 2, "available": 2, "occupied": 0, "availability_pct": 100, "charging_rate": "計度/固定/9元每度", "parking_rate": "計時/平日：00:00-24:00 40元/時,計時/假日：00:00-24:00 40元/時,平日、假日最高上限300元", "service_time": "每日/00:00-24:00", "address": "新北市新莊區縣民大道二段7號", "telephone": "02-77137800", "floors": "B2"}}, {"type": "Feature", "geometry": {"type": "Point", "coordinates": [121.44919, 24.98715]}, "properties": {"station_id": "28652185-SMRTHS0001", "station_name": "捷運海山站轉乘停車場", "district": "土城區", "city": "newtaipei", "operator_name": "正好停股份有限公司", "charging_points": 2, "available": 2, "occupied": 0, "availability_pct": 100, "charging_rate": "計度/固定/8元每度", "parking_rate": "計時/平日：06:00-22:00 40元/時,22:00-06:00 20元/時,計時/假日：06:00-22:00 40元/時,22:00-06:00 20元/時,平日最高上限180元,假日最高上限200元", "service_time": "每日/00:00-24:00", "address": "新北市土城區海山路39號", "telephone": "02-77137800", "floors": "B1"}}, {"type": "Feature", "geometry": {"type": "Point", "coordinates": [121.43628, 24.96566]}, "properties": {"station_id": "28652185-SMRTYN0001", "station_name": "捷運永寧站轉乘停車場", "district": "土城區", "city": "newtaipei", "operator_name": "正好停股份有限公司", "charging_points": 5, "available": 5, "occupied": 0, "availability_pct": 100, "charging_rate": "計度/固定/8元每度", "parking_rate": "計時/平日：06:00-24:00 20元/時,00:00-06:00 10元/時,計時/假日：06:00-24:00 20元/時,00:00-06:00 10元/時,平日、假日最高上限200元", "service_time": "每日/00:00-24:00", "address": "新北市土城區中央路三段105號", "telephone": "02-77137800", "floors": "1"}}, {"type": "Feature", "geometry": {"type": "Point", "coordinates": [121.41981, 24.9589]}, "properties": {"station_id": "28652185-SMRTDP0001", "station_name": "捷運頂埔站轉乘停車場", "district": "土城區", "city": "newtaipei", "operator_name": "正好停股份有限公司", "charging_points": 2, "available": 2, "occupied": 0, "availability_pct": 100, "charging_rate": "計度/固定/8元每度", "parking_rate": "計時/平日：06:00-24:00 20元/時,00:00-06:00 10元/時,計時/假日：06:00-24:00 20元/時,00:00-06:00 10元/時,平日、假日最高上限200元", "service_time": "每日/00:00-24:00", "address": "新北市土城區中央路四段51-6號", "telephone": "02-77137800", "floors": "1"}}, {"type": "Feature", "geometry": {"type": "Point", "coordinates": [121.457105, 25.06329]}, "properties": {"station_id": "83284334-S00001", "station_name": "充電飽_新北產業園區服務中心站", "district": "新莊區", "city": "newtaipei", "operator_name": "鳴日科技股份有限公司", "charging_points": 2, "available": 0, "occupied": 2, "availability_pct": 0, "charging_rate": "8元/度", "parking_rate": "計時/30元每小時", "service_time": "每日/00:00-24:00", "address": "新北市新莊區五工路95號", "telephone": "(02)8791-0021", "floors": "1"}}, {"type": "Feature", "geometry": {"type": "Point", "coordinates": [121.44976612470793, 24.97964779588954]}, "properties": {"station_id": "90444103-S53", "station_name": "淞和快充 土城站 evbar", "district": "土城區", "city": "newtaipei", "operator_name": "淞和工程企業有限公司", "charging_points": 3, "available": 3, "occupied": 2, "availability_pct": 60, "charging_rate": "計度/尖峰/16:00-22:00/13.50 元每度, 計度/尖峰/15:00-21:00/13.50 元每度, 計度/離峰/23:59-16:00/6.00 元每度, 計度/離峰/22:00-23:59/6.00 元每度, 計度/離峰/23:59-15:00/6.00 元每度, 計度/離峰/21:00-23:59/6.00 元每度, 計度/離峰/00:00-23:59/6.50 元每度, 計度/離峰/00:00-23:59/6.50 元每度", "parking_rate": "免費", "service_time": "7x24 小時", "address": "新北市土城區學士路72號", "telephone": "02-22559610", "floors": "1"}}, {"type": "Feature", "geometry": {"type": "Point", "coordinates": [121.36692472481229, 24.92663308991876]}, "properties": {"station_id": "46037888-S59", "station_name": "全尚大同路充電站 evbar", "district": "三峽區", "city": "newtaipei", "operator_name": "全尚國際有限公司", "charging_points": 1, "available": 1, "occupied": 0, "availability_pct": 100, "charging_rate": "固定費率(非尖峰費率)", "parking_rate": "免費", "service_time": "7x24 小時", "address": "新北市三峽區大同路214號", "telephone": "02-22559610", "floors": "1"}}, {"type": "Feature", "geometry": {"type": "Point", "coordinates": [121.37287112735576, 24.94347487046186]}, "properties": {"station_id": "46037888-S60", "station_name": "全尚國際二街充電站 evbar", "district": "三峽區", "city": "newtaipei", "operator_name": "全尚國際有限公司", "charging_points": 1, "available": 1, "occupied": 0, "availability_pct": 100, "charging_rate": "固定費率(非尖峰費率)", "parking_rate": "免費", "service_time": "7x24 小時", "address": "新北市三峽區國際二街25號", "telephone": "02-22559610", "floors": "1"}}, {"type": "Feature", "geometry": {"type": "Point", "coordinates": [121.45953088363811, 25.0569514298367]}, "properties": {"station_id": "54991324-S62", "station_name": "新莊思源快充站 evbar", "district": "新莊區", "city": "newtaipei", "operator_name": "三啟科技股份有限公司", "charging_points": 1, "available": 2, "occupied": 0, "availability_pct": 100, "charging_rate": "計度/尖峰/09:00-23:59/8.90 元每度, 計度/尖峰/06:00-11:00/8.90 元每度, 計度/尖峰/14:00-23:59/8.90 元每度, 計度/離峰/23:59-09:00/5.90 元每度, 計度/離峰/23:59-06:00/5.90 元每度, 計度/離峰/11:00-14:00/5.90 元每度, 計度/半尖峰/09:00-23:59/5.90 元每度, 計度/半尖峰/06:00-11:00/5.90 元每度, 計度/半尖峰/14:00-23:59/5.90 元每度, 計度/離峰/23:59-09:00/5.90 元每度, 計度/離峰/23:59-06:00/5.90 元每度, 計度/離峰/11:00-14:00/5.90 元每度, 計度/離峰/00:00-23:59/5.90 元每度, 計度/離峰/00:00-23:59/5.90 元每度", "parking_rate": "免費", "service_time": "7x24 小時", "address": "新北市新莊區思源路507號", "telephone": "02-22559610", "floors": "1"}}, {"type": "Feature", "geometry": {"type": "Point", "coordinates": [121.38084345364877, 24.94577480838474]}, "properties": {"station_id": "46037888-S64", "station_name": "全尚學成路充電站 evbar", "district": "樹林區", "city": "newtaipei", "operator_name": "全尚國際有限公司", "charging_points": 1, "available": 1, "occupied": 0, "availability_pct": 100, "charging_rate": "固定費率(非尖峰費率)", "parking_rate": "計時/每日/10 元每小時", "service_time": "7x24 小時", "address": "新北市樹林區學成路540號旁", "telephone": "02-22559610", "floors": "1"}}, {"type": "Feature", "geometry": {"type": "Point", "coordinates": [121.55537710036832, 24.93273518405374]}, "properties": {"station_id": "46037888-S65", "station_name": "全尚粗坑里辦事處充電站 evbar", "district": "新店區", "city": "newtaipei", "operator_name": "全尚國際有限公司", "charging_points": 1, "available": 1, "occupied": 0, "availability_pct": 100, "charging_rate": "固定費率(非尖峰費率)", "parking_rate": "計時/每日/60 元每小時", "service_time": "7x24 小時", "address": "新北市新店區花園二路一段11-303號", "telephone": "02-22559610", "floors": "1"}}, {"type": "Feature", "geometry": {"type": "Point", "coordinates": [121.49137410627374, 25.00073250794226]}, "properties": {"station_id": "54991324-S74", "station_name": "中和充電站 evbar", "district": "中和區", "city": "newtaipei", "operator_name": "三啟科技股份有限公司", "charging_points": 4, "available": 4, "occupied": 0, "availability_pct": 100, "charging_rate": "計度/尖峰/09:00-23:59/8.00 元每度, 計度/尖峰/06:00-11:00/8.00 元每度, 計度/尖峰/14:00-23:59/8.00 元每度, 計度/離峰/23:59-09:00/6.00 元每度, 計度/離峰/23:59-06:00/6.00 元每度, 計度/離峰/11:00-14:00/6.00 元每度, 計度/半尖峰/09:00-23:59/6.00 元每度, 計度/半尖峰/06:00-11:00/6.00 元每度, 計度/半尖峰/14:00-23:59/6.00 元每度, 計度/離峰/23:59-09:00/6.00 元每度, 計度/離峰/23:59-06:00/6.00 元每度, 計度/離峰/11:00-14:00/6.00 元每度, 計度/離峰/00:00-23:59/6.00 元每度, 計度/離峰/00:00-23:59/6.00 元每度", "parking_rate": "免費", "service_time": "7x24 小時", "address": "新北市中和區板南路與大洋街口", "telephone": "02-22559610", "floors": "1"}}, {"type": "Feature", "geometry": {"type": "Point", "coordinates": [121.43913862473616, 24.97858309778449]}, "properties": {"station_id": "46037888-S122", "station_name": "全尚誠陽車業 evbar", "district": "土城區", "city": "newtaipei", "operator_name": "全尚國際有限公司", "charging_points": 1, "available": 1, "occupied": 0, "availability_pct": 100, "charging_rate": "固定費率(非尖峰費率)", "parking_rate": "免費", "service_time": "7x24 小時", "address": "新北市土城區中華路二段26號", "telephone": "02-22559610", "floors": "1"}}, {"type": "Feature", "geometry": {"type": "Point", "coordinates": [121.33839637116446, 24.95466688077913]}, "properties": {"station_id": "53328840-S132", "station_name": "全方位停車場鶯桃站 evbar", "district": "鶯歌區", "city": "newtaipei", "operator_name": "華訊電能事業股份有限公司", "charging_points": 2, "available": 0, "occupied": 0, "availability_pct": 0, "charging_rate": "固定費率(非尖峰費率)", "parking_rate": "免費", "service_time": "星期一：00:00～23:59\n星期二：00:00～23:59\n星期三：00:00～23:59\n星期四：00:00～23:59\n星期五：00:00～23:59\n星期六：00:00～23:59\n星期日：00:00～11:59", "address": "新北市鶯歌區鶯桃路129號", "telephone": "02-22559610", "floors": "1"}}, {"type": "Feature", "geometry": {"type": "Point", "coordinates": [121.46655660065518, 25.02791453940909]}, "properties": {"station_id": "34176631-S179", "station_name": "新北市立江翠國民中學 evbar", "district": "板橋區", "city": "newtaipei", "operator_name": "新北市立江翠國民中學", "charging_points": 1, "available": 1, "occupied": 0, "availability_pct": 100, "charging_rate": "計度/尖峰/09:00-23:59/8.00 元每度, 計度/尖峰/06:00-11:00/8.00 元每度, 計度/尖峰/14:00-23:59/8.00 元每度, 計度/離峰/23:59-09:00/6.00 元每度, 計度/離峰/23:59-06:00/6.00 元每度, 計度/離峰/11:00-14:00/6.00 元每度, 計度/半尖峰/09:00-23:59/6.00 元每度, 計度/半尖峰/06:00-11:00/6.00 元每度, 計度/半尖峰/14:00-23:59/6.00 元每度, 計度/離峰/23:59-09:00/6.00 元每度, 計度/離峰/23:59-06:00/6.00 元每度, 計度/離峰/11:00-14:00/6.00 元每度, 計度/離峰/00:00-23:59/6.00 元每度, 計度/離峰/00:00-23:59/6.00 元每度", "parking_rate": "計時/每日/20 元每小時", "service_time": "7x24 小時", "address": "新北市板橋區松江街63號", "telephone": "02-22559610", "floors": ""}}, {"type": "Feature", "geometry": {"type": "Point", "coordinates": [121.65611592208882, 25.06544411794944]}, "properties": {"station_id": "24788035-S185", "station_name": "汐科站停車場 evbar", "district": "汐止區", "city": "newtaipei", "operator_name": "", "charging_points": 4, "available": 0, "occupied": 0, "availability_pct": 0, "charging_rate": "固定費率(非尖峰費率)", "parking_rate": "免費", "service_time": "7x24 小時", "address": "新北市汐止區復興路2號", "telephone": "02-22559610", "floors": "1"}}, {"type": "Feature", "geometry": {"type": "Point", "coordinates": [121.46326220967397, 25.09001624720953]}, "properties": {"station_id": "34220432-S238", "station_name": "蘆洲區忠義國小地下停車場 evbar", "district": "蘆洲區", "city": "newtaipei", "operator_name": "文強交通有限公司", "charging_points": 2, "available": 2, "occupied": 0, "availability_pct": 100, "charging_rate": "計度/尖峰/09:00-23:59/10.00 元每度, 計度/尖峰/06:00-11:00/10.00 元每度, 計度/尖峰/14:00-23:59/10.00 元每度, 計度/離峰/23:59-09:00/8.00 元每度, 計度/離峰/23:59-06:00/8.00 元每度, 計度/離峰/11:00-14:00/8.00 元每度, 計度/離峰/00:00-23:59/8.00 元每度, 計度/離峰/00:00-23:59/8.00 元每度, 計度/離峰/00:00-23:59/8.00 元每度, 計度/離峰/00:00-23:59/8.00 元每度", "parking_rate": "計時/每日/40 元每小時", "service_time": "7x24 小時", "address": "新北市蘆洲區光榮路99號", "telephone": "", "floors": ""}}, {"type": "Feature", "geometry": {"type": "Point", "coordinates": [121.6335611, 25.0562271]}, "properties": {"station_id": "94175832-SUCF0279F048", "station_name": "好市多汐止店B1充電站", "district": "汐止區", "city": "newtaipei", "operator_name": "台灣大動力服務股份有限公司", "charging_points": 14, "available": 13, "occupied": 1, "availability_pct": 93, "charging_rate": "計度/8 元每度", "parking_rate": "計時/每日/100 元每小時", "service_time": "7x24小時或每日/10:00-21:30", "address": "好市多汐止店", "telephone": "02-77518097", "floors": "B1"}}, {"type": "Feature", "geometry": {"type": "Point", "coordinates": [121.4924039, 25.0017206]}, "properties": {"station_id": "94175832-SUCF0233F039", "station_name": "好市多中和店B1充電站", "district": "中和區", "city": "newtaipei", "operator_name": "台灣大動力服務股份有限公司", "charging_points": 14, "available": 10, "occupied": 4, "availability_pct": 71, "charging_rate": "計度/8 元每度", "parking_rate": "計時/每日/100 元每小時", "service_time": "7x24小時或每日/10:00-21:30", "address": "好市多中和店", "telephone": "02-77518097", "floors": "B1"}}, {"type": "Feature", "geometry": {"type": "Point", "coordinates": [121.4577385, 25.0229371]}, "properties": {"station_id": "94175832-SUCG0178G001", "station_name": "新北市板橋國民運動中心B1充電站", "district": "板橋區", "city": "newtaipei", "operator_name": "台灣大動力服務股份有限公司", "charging_points": 5, "available": 4, "occupied": 1, "availability_pct": 80, "charging_rate": "計分/1.25 元每分", "parking_rate": "計時/每日/30 元每小時", "service_time": "每日/06:00-22:00", "address": "板橋區國民運動中心停車場", "telephone": "02-77518097", "floors": "B1"}}, {"type": "Feature", "geometry": {"type": "Point", "coordinates": [121.4341007, 25.027198]}, "properties": {"station_id": "94175832-SUCF0259F040", "station_name": "好市多新莊店4F充電站", "district": "新莊區", "city": "newtaipei", "operator_name": "台灣大動力服務股份有限公司", "charging_points": 14, "available": 10, "occupied": 4, "availability_pct": 71, "charging_rate": "計度/8 元每度", "parking_rate": "計時/每日/100 元每小時", "service_time": "7x24小時或每日/10:00-21:30", "address": "好市多新莊店", "telephone": "02-77518097", "floors": "4"}}, {"type": "Feature", "geometry": {"type": "Point", "coordinates": [121.496062, 25.0017136]}, "properties": {"station_id": "94175832-SUCB0078G002", "station_name": "24TPS 永固便利停（南山威力站）", "district": "中和區", "city": "newtaipei", "operator_name": "台灣大動力服務股份有限公司", "charging_points": 6, "available": 6, "occupied": 0, "availability_pct": 100, "charging_rate": "計分/1 元每分", "parking_rate": "計時/每日/40 元每小時", "service_time": "7x24小時或每日/00:00-24:00", "address": "24TPS 永固便利停（南山威力站）", "telephone": "02-77518097", "floors": "6"}}, {"type": "Feature", "geometry": {"type": "Point", "coordinates": [121.499242, 25.00361]}, "properties": {"station_id": "94175832-SUCB0233G002", "station_name": "大潤發中和店", "district": "中和區", "city": "newtaipei", "operator_name": "台灣大動力服務股份有限公司", "charging_points": 6, "available": 6, "occupied": 0, "availability_pct": 100, "charging_rate": "計分/1.25 元每分", "parking_rate": "計時/每日/50 元每小時", "service_time": "7x24小時或每日/07:30-23:00", "address": "大全聯中和店", "telephone": "02-77518097", "floors": "B3"}}, {"type": "Feature", "geometry": {"type": "Point", "coordinates": [121.4468134, 25.0573342]}, "properties": {"station_id": "94175832-SUCG0015G001", "station_name": "新莊典華B2充電站", "district": "新莊區", "city": "newtaipei", "operator_name": "台灣大動力服務股份有限公司", "charging_points": 2, "available": 2, "occupied": 0, "availability_pct": 100, "charging_rate": "計分/1.25 元每分", "parking_rate": "計時/每日/60 元每小時", "service_time": "7x24小時或每日/00:00-24:00", "address": "新莊典華幸福大樓", "telephone": "02-77518097", "floors": "B2"}}, {"type": "Feature", "geometry": {"type": "Point", "coordinates": [121.496443, 25.056557]}, "properties": {"station_id": "90807408-SACSD00069", "station_name": "新北市三重區三光國民小學", "district": "三重區", "city": "newtaipei", "operator_name": "華城電能科技股份有限公司", "charging_points": 2, "available": 0, "occupied": 2, "availability_pct": 0, "charging_rate": "計度/固定/10元每度", "parking_rate": "免費", "service_time": "7x24小時", "address": "新北市三重區大同南路157號", "telephone": "0800-885-150", "floors": "B1"}}, {"type": "Feature", "geometry": {"type": "Point", "coordinates": [121.507555, 25.007919]}, "properties": {"station_id": "90807408-SCSD00077", "station_name": "新北永和比漾廣場", "district": "永和區", "city": "newtaipei", "operator_name": "華城電能科技股份有限公司", "charging_points": 2, "available": 1, "occupied": 1, "availability_pct": 50, "charging_rate": "計度/固定/8元每度", "parking_rate": "50元/小時 (依現場為準)", "service_time": "7x24小時", "address": "新北市永和區中山路一段238號B5", "telephone": "0800-885-150", "floors": "B5"}}, {"type": "Feature", "geometry": {"type": "Point", "coordinates": [121.363891, 25.071507]}, "properties": {"station_id": "90807408-SCSD02391", "station_name": "MITSUI OUTLET PARK 林口Ⅰ館", "district": "林口區", "city": "newtaipei", "operator_name": "華城電能科技股份有限公司", "charging_points": 20, "available": 5, "occupied": 15, "availability_pct": 25, "charging_rate": "計度/固定/8.8元每度", "parking_rate": "依現場為準", "service_time": "平日 /11:00-22:00, 平日 /11:00-23:59, 假日 /11:00-22:00", "address": "新北市林口區文化三路一段356號", "telephone": "0800-885-150", "floors": "3F"}}, {"type": "Feature", "geometry": {"type": "Point", "coordinates": [121.380713, 25.086989]}, "properties": {"station_id": "90807408-SCSD02634", "station_name": "新北市林口國民運動中心", "district": "林口區", "city": "newtaipei", "operator_name": "華城電能科技股份有限公司", "charging_points": 2, "available": 0, "occupied": 2, "availability_pct": 0, "charging_rate": "計度/固定/7.5元每度", "parking_rate": "20元/時", "service_time": "每日/06:00-22:00", "address": "新北市林口區文化二路二段299號", "telephone": "0800-885-150", "floors": "B2"}}, {"type": "Feature", "geometry": {"type": "Point", "coordinates": [121.51074, 24.959752]}, "properties": {"station_id": "90807408-SCSD02635", "station_name": "新北市青少年圖書館", "district": "新店區", "city": "newtaipei", "operator_name": "華城電能科技股份有限公司", "charging_points": 2, "available": 1, "occupied": 1, "availability_pct": 50, "charging_rate": "計度/固定/8元每度", "parking_rate": "30元/時", "service_time": "7x24小時", "address": "新北市新店區安康路二段151號B2", "telephone": "0800-885-150", "floors": "B2"}}, {"type": "Feature", "geometry": {"type": "Point", "coordinates": [121.459033, 25.057376]}, "properties": {"station_id": "90807408-SCSD02645", "station_name": "宏匯思源i-Tower大樓", "district": "新莊區", "city": "newtaipei", "operator_name": "華城電能科技股份有限公司", "charging_points": 7, "available": 6, "occupied": 1, "availability_pct": 86, "charging_rate": "計度/固定/7.5元每度", "parking_rate": "40元/時", "service_time": "7x24小時", "address": "新北市新莊區思源路555號", "telephone": "0800-885-150", "floors": "4F"}}, {"type": "Feature", "geometry": {"type": "Point", "coordinates": [121.370433, 24.935345]}, "properties": {"station_id": "90807408-SCSD02685", "station_name": "新北三峽公有市場", "district": "三峽區", "city": "newtaipei", "operator_name": "華城電能科技股份有限公司", "charging_points": 2, "available": 1, "occupied": 1, "availability_pct": 50, "charging_rate": "計度/固定/8元每度", "parking_rate": "20元/時", "service_time": "7x24小時", "address": "新北市三峽區民生街186號", "telephone": "0800-885-150", "floors": "B1"}}, {"type": "Feature", "geometry": {"type": "Point", "coordinates": [121.474213, 25.003116]}, "properties": {"station_id": "90807408-SCSD02686", "station_name": "新北民享公有市場", "district": "中和區", "city": "newtaipei", "operator_name": "華城電能科技股份有限公司", "charging_points": 2, "available": 1, "occupied": 1, "availability_pct": 50, "charging_rate": "免費", "parking_rate": "20元/時", "service_time": "7x24小時", "address": "新北市中和區自治街2號", "telephone": "0800-885-150", "floors": "B1"}}, {"type": "Feature", "geometry": {"type": "Point", "coordinates": [121.433439, 25.056068]}, "properties": {"station_id": "90807408-SCSD02687", "station_name": "新北泰山公有市場", "district": "泰山區", "city": "newtaipei", "operator_name": "華城電能科技股份有限公司", "charging_points": 2, "available": 1, "occupied": 1, "availability_pct": 50, "charging_rate": "計度/固定/8元每度", "parking_rate": "30元/時", "service_time": "7x24小時", "address": "新北市泰山區全興路212號", "telephone": "0800-885-150", "floors": "B1"}}, {"type": "Feature", "geometry": {"type": "Point", "coordinates": [121.460467, 25.050109]}, "properties": {"station_id": "90807408-SCSD02693", "station_name": "新北捷運幸福站立體停車場", "district": "新莊區", "city": "newtaipei", "operator_name": "華城電能科技股份有限公司", "charging_points": 3, "available": 3, "occupied": 0, "availability_pct": 100, "charging_rate": "計度/固定/8元每度", "parking_rate": "30元/小時", "service_time": "7x24小時", "address": "新北市新莊區思源路2號", "telephone": "0800-885-150", "floors": "3F"}}, {"type": "Feature", "geometry": {"type": "Point", "coordinates": [121.36461, 25.067742]}, "properties": {"station_id": "90807408-SCSD02763", "station_name": "MITSUI OUTLET PARK 林口Ⅱ館", "district": "林口區", "city": "newtaipei", "operator_name": "華城電能科技股份有限公司", "charging_points": 23, "available": 10, "occupied": 13, "availability_pct": 43, "charging_rate": "計度/固定/8.8元每度", "parking_rate": "⚠️停車優惠僅限於MITSUI OUTLET PARK 林口當日消費之發票，為利於優惠折抵，請牢記車牌號碼。 1.每消費滿1,000元可折停車1小時，依此類推，請於消費同時，告知車牌號碼進行停車優惠折抵。 2.持永豐三井OUTLET聯名卡可於自動繳費機過卡，即享2小時停車優惠，每日每卡每車僅限優惠乙次。 3.憑威秀影城當日購買之票根，於繳費機掃描QR CODE，即享3小時停車優惠，每日每車限抵扣乙次。 4.以上3項優惠可合併使用，每車每日最高折抵5小時。", "service_time": "每日/11:00-22:00", "address": "新北市林口區文化二路一段123號B1、4F", "telephone": "0800-885-150", "floors": "4F, B1"}}, {"type": "Feature", "geometry": {"type": "Point", "coordinates": [121.479728, 25.077617]}, "properties": {"station_id": "90807408-SCSD02779", "station_name": "新北永福國小地下停車場", "district": "三重區", "city": "newtaipei", "operator_name": "華城電能科技股份有限公司", "charging_points": 4, "available": 4, "occupied": 0, "availability_pct": 100, "charging_rate": "計度/固定/8元每度", "parking_rate": "30元/時", "service_time": "7x24小時", "address": "新北市三重區永福街66號", "telephone": "0800-885-150", "floors": "B1"}}, {"type": "Feature", "geometry": {"type": "Point", "coordinates": [121.49847, 25.074325]}, "properties": {"station_id": "90807408-SCSD02780", "station_name": "新北龍門公園地下停車場", "district": "三重區", "city": "newtaipei", "operator_name": "華城電能科技股份有限公司", "charging_points": 2, "available": 2, "occupied": 0, "availability_pct": 100, "charging_rate": "計度/固定/8元每度", "parking_rate": "20元/小時", "service_time": "7x24小時", "address": "新北市三重區公園街32號", "telephone": "0800-885-150", "floors": "1F"}}, {"type": "Feature", "geometry": {"type": "Point", "coordinates": [121.479652, 25.064761]}, "properties": {"station_id": "90807408-SCSD02781", "station_name": "新北二重國中地下停車場", "district": "三重區", "city": "newtaipei", "operator_name": "華城電能科技股份有限公司", "charging_points": 4, "available": 0, "occupied": 4, "availability_pct": 0, "charging_rate": "計度/固定/8元每度", "parking_rate": "30元/時", "service_time": "7x24小時", "address": "新北市三重區忠孝路3段89號", "telephone": "0800-885-150", "floors": "B1"}}, {"type": "Feature", "geometry": {"type": "Point", "coordinates": [121.490182, 25.071788]}, "properties": {"station_id": "90807408-SCSD02782", "station_name": "新北厚德國小地下停車場", "district": "三重區", "city": "newtaipei", "operator_name": "華城電能科技股份有限公司", "charging_points": 2, "available": 1, "occupied": 1, "availability_pct": 50, "charging_rate": "計度/固定/8元每度", "parking_rate": "30元/時", "service_time": "7x24小時", "address": "新北市三重區忠孝路1段70號", "telephone": "0800-885-150", "floors": "B1"}}, {"type": "Feature", "geometry": {"type": "Point", "coordinates": [121.496408, 25.080731]}, "properties": {"station_id": "90807408-SCSD02783", "station_name": "新北五常地下停車場", "district": "三重區", "city": "newtaipei", "operator_name": "華城電能科技股份有限公司", "charging_points": 2, "available": 0, "occupied": 2, "availability_pct": 0, "charging_rate": "計度/固定/8元每度", "parking_rate": "30元/小時", "service_time": "7x24小時", "address": "新北市三重區五華街30號", "telephone": "0800-885-150", "floors": "B1"}}, {"type": "Feature", "geometry": {"type": "Point", "coordinates": [121.484092, 25.063818]}, "properties": {"station_id": "90807408-SCSD02787", "station_name": "新北聯邦公園地下停車場", "district": "三重區", "city": "newtaipei", "operator_name": "華城電能科技股份有限公司", "charging_points": 4, "available": 2, "occupied": 2, "availability_pct": 50, "charging_rate": "計度/固定/8元每度", "parking_rate": "30元/時", "service_time": "7x24小時", "address": "新北市三重區中華路125號", "telephone": "0800-885-150", "floors": "B1"}}, {"type": "Feature", "geometry": {"type": "Point", "coordinates": [121.497753, 25.068702]}, "properties": {"station_id": "90807408-SCSD02788", "station_name": "新北正義公園地下停車場", "district": "三重區", "city": "newtaipei", "operator_name": "華城電能科技股份有限公司", "charging_points": 4, "available": 2, "occupied": 2, "availability_pct": 50, "charging_rate": "計度/固定/8元每度", "parking_rate": "平日30元/時，假日40元/時", "service_time": "7x24小時", "address": "新北市三重區雙園街1號", "telephone": "0800-885-150", "floors": "B1"}}, {"type": "Feature", "geometry": {"type": "Point", "coordinates": [121.490593, 25.078727]}, "properties": {"station_id": "90807408-SCSD02789", "station_name": "新北溪美立體停車場", "district": "三重區", "city": "newtaipei", "operator_name": "華城電能科技股份有限公司", "charging_points": 7, "available": 0, "occupied": 7, "availability_pct": 0, "charging_rate": "計度/固定/8元每度", "parking_rate": "30元/時", "service_time": "7x24小時", "address": "新北市三重區自強路4段55號", "telephone": "0800-885-150", "floors": "B1"}}, {"type": "Feature", "geometry": {"type": "Point", "coordinates": [121.400127, 25.146544]}, "properties": {"station_id": "90807408-SCSD02790", "station_name": "新北八里區第一立體停車場", "district": "八里區", "city": "newtaipei", "operator_name": "華城電能科技股份有限公司", "charging_points": 11, "available": 1, "occupied": 10, "availability_pct": 9, "charging_rate": "計度/固定/8元每度", "parking_rate": "20元/小時", "service_time": "7x24小時", "address": "新北市八里區舊城路12號", "telephone": "0800-885-150", "floors": "1F"}}, {"type": "Feature", "geometry": {"type": "Point", "coordinates": [121.43953, 25.083255]}, "properties": {"station_id": "90807408-SCSD02791", "station_name": "新北五股區工商路立體停車場", "district": "五股區", "city": "newtaipei", "operator_name": "華城電能科技股份有限公司", "charging_points": 6, "available": 2, "occupied": 4, "availability_pct": 33, "charging_rate": "計度/固定/8元每度", "parking_rate": "平日20元/小時，假日30元/小時", "service_time": "7x24小時", "address": "新北市五股區工商路3號", "telephone": "0800-885-150", "floors": "B1"}}, {"type": "Feature", "geometry": {"type": "Point", "coordinates": [121.657151, 25.064006]}, "properties": {"station_id": "90807408-SCSD02792", "station_name": "新北智興立體停車場", "district": "汐止區", "city": "newtaipei", "operator_name": "華城電能科技股份有限公司", "charging_points": 8, "available": 2, "occupied": 6, "availability_pct": 25, "charging_rate": "計度/固定/8元每度", "parking_rate": "30元/時", "service_time": "7x24小時", "address": "新北市汐止區忠孝東路1號", "telephone": "0800-885-150", "floors": "3F"}}, {"type": "Feature", "geometry": {"type": "Point", "coordinates": [121.434631, 25.062149]}, "properties": {"station_id": "90807408-SCSD02793", "station_name": "新北楓樹腳公園地下停車場", "district": "泰山區", "city": "newtaipei", "operator_name": "華城電能科技股份有限公司", "charging_points": 8, "available": 1, "occupied": 7, "availability_pct": 12, "charging_rate": "計度/固定/8元每度", "parking_rate": "20元/時", "service_time": "7x24小時", "address": "新北市泰山區楓江路26號", "telephone": "0800-885-150", "floors": "B2"}}, {"type": "Feature", "geometry": {"type": "Point", "coordinates": [121.427472, 25.050096]}, "properties": {"station_id": "90807408-SCSD02794", "station_name": "新北義學立體停車場", "district": "泰山區", "city": "newtaipei", "operator_name": "華城電能科技股份有限公司", "charging_points": 11, "available": 2, "occupied": 9, "availability_pct": 18, "charging_rate": "計度/固定/8元每度", "parking_rate": "20元/小時", "service_time": "7x24小時", "address": "新北市泰山區明志路2段188號", "telephone": "0800-885-150", "floors": "B1"}}, {"type": "Feature", "geometry": {"type": "Point", "coordinates": [121.925193, 25.053703]}, "properties": {"station_id": "90807408-SCSD02802", "station_name": "新北澳底公園地下停車場", "district": "貢寮區", "city": "newtaipei", "operator_name": "華城電能科技股份有限公司", "charging_points": 2, "available": 2, "occupied": 0, "availability_pct": 100, "charging_rate": "計度/固定/8元每度", "parking_rate": "20元/時", "service_time": "7x24小時", "address": "新北市貢寮區仁愛路43號", "telephone": "0800-885-150", "floors": "B1"}}, {"type": "Feature", "geometry": {"type": "Point", "coordinates": [121.370076, 24.93458]}, "properties": {"station_id": "90807408-SCSD02803", "station_name": "新北三峽國小地下停車場", "district": "三峽區", "city": "newtaipei", "operator_name": "華城電能科技股份有限公司", "charging_points": 5, "available": 1, "occupied": 4, "availability_pct": 20, "charging_rate": "計度/固定/8元每度", "parking_rate": "40元/小時", "service_time": "7x24小時", "address": "新北市三峽區中山路16號", "telephone": "0800-885-150", "floors": "B1"}}, {"type": "Feature", "geometry": {"type": "Point", "coordinates": [121.458552, 24.983809]}, "properties": {"station_id": "90807408-SCSD02804", "station_name": "新北金城立體停車場", "district": "土城區", "city": "newtaipei", "operator_name": "華城電能科技股份有限公司", "charging_points": 11, "available": 0, "occupied": 11, "availability_pct": 0, "charging_rate": "計度/固定/8元每度", "parking_rate": "20元/小時", "service_time": "7x24小時", "address": "新北市土城區金城路2段266號", "telephone": "0800-885-150", "floors": "B1"}}, {"type": "Feature", "geometry": {"type": "Point", "coordinates": [121.490718, 25.070902]}, "properties": {"station_id": "90807408-SCSD02809", "station_name": "新北三張公園地下停車場", "district": "三重區", "city": "newtaipei", "operator_name": "華城電能科技股份有限公司", "charging_points": 2, "available": 2, "occupied": 0, "availability_pct": 100, "charging_rate": "計度/固定/8元每度", "parking_rate": "30元/時", "service_time": "7x24小時", "address": "新北市三重區大智街188號", "telephone": "0800-885-150", "floors": "B1"}}, {"type": "Feature", "geometry": {"type": "Point", "coordinates": [121.499305, 25.060173]}, "properties": {"station_id": "90807408-SCSD02810", "station_name": "新北光興國小地下停車場", "district": "三重區", "city": "newtaipei", "operator_name": "華城電能科技股份有限公司", "charging_points": 6, "available": 1, "occupied": 5, "availability_pct": 17, "charging_rate": "計度/固定/8元每度", "parking_rate": "平日30元/時，假日40元/時", "service_time": "7x24小時", "address": "新北市三重區正義南路62號", "telephone": "0800-885-150", "floors": "1F, B1"}}, {"type": "Feature", "geometry": {"type": "Point", "coordinates": [121.489026, 25.084461]}, "properties": {"station_id": "90807408-SCSD02811", "station_name": "新北碧華國小地下停車場", "district": "三重區", "city": "newtaipei", "operator_name": "華城電能科技股份有限公司", "charging_points": 5, "available": 4, "occupied": 1, "availability_pct": 80, "charging_rate": "計度/固定/8元每度", "parking_rate": "20元/時", "service_time": "7x24小時", "address": "新北市三重區五華街160號", "telephone": "0800-885-150", "floors": "B1"}}, {"type": "Feature", "geometry": {"type": "Point", "coordinates": [121.500557, 25.072308]}, "properties": {"station_id": "90807408-SCSD02812", "station_name": "新北光榮國小地下停車場", "district": "三重區", "city": "newtaipei", "operator_name": "華城電能科技股份有限公司", "charging_points": 11, "available": 1, "occupied": 10, "availability_pct": 9, "charging_rate": "計度/固定/8元每度", "parking_rate": "30元/小時", "service_time": "7x24小時", "address": "新北市三重區介壽路32號", "telephone": "0800-885-150", "floors": "B2"}}, {"type": "Feature", "geometry": {"type": "Point", "coordinates": [121.47428, 25.050496]}, "properties": {"station_id": "90807408-SCSD02813", "station_name": "新北興穀國小地下停車場", "district": "三重區", "city": "newtaipei", "operator_name": "華城電能科技股份有限公司", "charging_points": 2, "available": 2, "occupied": 0, "availability_pct": 100, "charging_rate": "計度/固定/8元每度", "parking_rate": "30元/小時", "service_time": "7x24小時", "address": "新北市三重區神農街101號", "telephone": "0800-885-150", "floors": "B1"}}, {"type": "Feature", "geometry": {"type": "Point", "coordinates": [121.439186, 25.172644]}, "properties": {"station_id": "90807408-SCSD02814", "station_name": "新北市三民立體停車場", "district": "淡水區", "city": "newtaipei", "operator_name": "華城電能科技股份有限公司", "charging_points": 3, "available": 1, "occupied": 2, "availability_pct": 33, "charging_rate": "計度/固定/8元每度", "parking_rate": "30元/小時", "service_time": "7x24小時", "address": "新北市淡水區建設街6號", "telephone": "0800-885-150", "floors": "1F, B1"}}, {"type": "Feature", "geometry": {"type": "Point", "coordinates": [121.443584, 25.178233]}, "properties": {"station_id": "90807408-SCSD02815", "station_name": "新北市水碓立體停車場", "district": "淡水區", "city": "newtaipei", "operator_name": "華城電能科技股份有限公司", "charging_points": 9, "available": 2, "occupied": 7, "availability_pct": 22, "charging_rate": "計度/固定/8元每度", "parking_rate": "30元/小時", "service_time": "7x24小時", "address": "新北市淡水區中山北路1段189號", "telephone": "0800-885-150", "floors": "B1"}}, {"type": "Feature", "geometry": {"type": "Point", "coordinates": [121.461791, 25.137999]}, "properties": {"station_id": "90807408-SCSD02816", "station_name": "新北市民生立體停車場", "district": "淡水區", "city": "newtaipei", "operator_name": "華城電能科技股份有限公司", "charging_points": 3, "available": 1, "occupied": 2, "availability_pct": 33, "charging_rate": "計度/固定/8元每度", "parking_rate": "50元/小時", "service_time": "7x24小時", "address": "新北市淡水區民生路27-1號", "telephone": "0800-885-150", "floors": "2F, 3F"}}, {"type": "Feature", "geometry": {"type": "Point", "coordinates": [121.421553, 24.991795]}, "properties": {"station_id": "90807408-SCSD02817", "station_name": "新北長壽公園地下停車場", "district": "樹林區", "city": "newtaipei", "operator_name": "華城電能科技股份有限公司", "charging_points": 6, "available": 3, "occupied": 3, "availability_pct": 50, "charging_rate": "計度/固定/8元每度", "parking_rate": "30元/時", "service_time": "7x24小時", "address": "新北市樹林區樹德街40號", "telephone": "0800-885-150", "floors": "B1"}}, {"type": "Feature", "geometry": {"type": "Point", "coordinates": [121.469296, 24.987509]}, "properties": {"station_id": "90807408-SCSD02878", "station_name": "新北延吉立體停車場", "district": "土城區", "city": "newtaipei", "operator_name": "華城電能科技股份有限公司", "charging_points": 9, "available": 1, "occupied": 8, "availability_pct": 11, "charging_rate": "計度/固定/8元每度", "parking_rate": "30元/時", "service_time": "7x24小時", "address": "新北市土城區德峰街65號", "telephone": "0800-885-150", "floors": "1F"}}, {"type": "Feature", "geometry": {"type": "Point", "coordinates": [121.537333, 24.971019]}, "properties": {"station_id": "90807408-SCSD02879", "station_name": "新北三民地下停車場", "district": "新店區", "city": "newtaipei", "operator_name": "華城電能科技股份有限公司", "charging_points": 4, "available": 2, "occupied": 2, "availability_pct": 50, "charging_rate": "計度/固定/8元每度", "parking_rate": "30元/時", "service_time": "7x24小時", "address": "新北市新店區三民路20-1號", "telephone": "0800-885-150", "floors": "B1"}}, {"type": "Feature", "geometry": {"type": "Point", "coordinates": [121.44684, 24.98447]}, "properties": {"station_id": "90807408-SCSD02880", "station_name": "新北裕生立體停車場", "district": "土城區", "city": "newtaipei", "operator_name": "華城電能科技股份有限公司", "charging_points": 4, "available": 1, "occupied": 3, "availability_pct": 25, "charging_rate": "計度/固定/8元每度", "parking_rate": "30元/時", "service_time": "7x24小時", "address": "新北市土城區裕生路106號", "telephone": "0800-885-150", "floors": "B1"}}, {"type": "Feature", "geometry": {"type": "Point", "coordinates": [121.451282, 24.9881]}, "properties": {"station_id": "90807408-SCSD02881", "station_name": "新北學成公園地下停車場", "district": "土城區", "city": "newtaipei", "operator_name": "華城電能科技股份有限公司", "charging_points": 4, "available": 1, "occupied": 3, "availability_pct": 25, "charging_rate": "計度/固定/8元每度", "parking_rate": "30元/時", "service_time": "7x24小時", "address": "新北市土城區學成路81號", "telephone": "0800-885-150", "floors": "B1"}}, {"type": "Feature", "geometry": {"type": "Point", "coordinates": [121.442969, 24.978827]}, "properties": {"station_id": "90807408-SCSD02882", "station_name": "新北員和公園地下停車場", "district": "土城區", "city": "newtaipei", "operator_name": "華城電能科技股份有限公司", "charging_points": 2, "available": 0, "occupied": 2, "availability_pct": 0, "charging_rate": "計度/固定/8元每度", "parking_rate": "20元/小時", "service_time": "7x24小時", "address": "新北市土城區中央路2段59號", "telephone": "0800-885-150", "floors": "B1"}}, {"type": "Feature", "geometry": {"type": "Point", "coordinates": [121.546333, 24.979579]}, "properties": {"station_id": "90807408-SCSD02883", "station_name": "新北綠湖公園地下停車場", "district": "新店區", "city": "newtaipei", "operator_name": "華城電能科技股份有限公司", "charging_points": 7, "available": 3, "occupied": 4, "availability_pct": 43, "charging_rate": "計度/固定/8元每度", "parking_rate": "30元/時", "service_time": "7x24小時", "address": "新北市新店區寶中路36號", "telephone": "0800-885-150", "floors": "B1"}}, {"type": "Feature", "geometry": {"type": "Point", "coordinates": [121.809347, 25.108253]}, "properties": {"station_id": "90807408-SCSD02884", "station_name": "新北市瑞芳區立體停車場", "district": "瑞芳區", "city": "newtaipei", "operator_name": "華城電能科技股份有限公司", "charging_points": 7, "available": 0, "occupied": 7, "availability_pct": 0, "charging_rate": "計度/固定/8元每度", "parking_rate": "平日20元/小時，假日30元/小時", "service_time": "7x24小時", "address": "新北市瑞芳區民權街3之1號", "telephone": "0800-885-150", "floors": "1F"}}, {"type": "Feature", "geometry": {"type": "Point", "coordinates": [121.469937, 25.084184]}, "properties": {"station_id": "90807408-SCSD02885", "station_name": "新北市蘆洲國小地下停車場", "district": "蘆洲區", "city": "newtaipei", "operator_name": "華城電能科技股份有限公司", "charging_points": 5, "available": 0, "occupied": 5, "availability_pct": 0, "charging_rate": "計度/固定/8元每度", "parking_rate": "30元/小時", "service_time": "7x24小時", "address": "新北市蘆洲區中正路100號", "telephone": "0800-885-150", "floors": "B1"}}, {"type": "Feature", "geometry": {"type": "Point", "coordinates": [121.476735, 25.086046]}, "properties": {"station_id": "90807408-SCSD02886", "station_name": "新北市鷺江立體停車場", "district": "蘆洲區", "city": "newtaipei", "operator_name": "華城電能科技股份有限公司", "charging_points": 9, "available": 3, "occupied": 6, "availability_pct": 33, "charging_rate": "計度/固定/8元每度", "parking_rate": "平日20元/小時，假日30元/小時", "service_time": "7x24小時", "address": "新北市蘆洲區民權路26號", "telephone": "0800-885-150", "floors": "1F"}}, {"type": "Feature", "geometry": {"type": "Point", "coordinates": [121.458132, 25.084956]}, "properties": {"station_id": "90807408-SCSD02887", "station_name": "新北市成功地下停車場", "district": "蘆洲區", "city": "newtaipei", "operator_name": "華城電能科技股份有限公司", "charging_points": 3, "available": 0, "occupied": 3, "availability_pct": 0, "charging_rate": "計度/固定/8元每度", "parking_rate": "30元/小時", "service_time": "7x24小時", "address": "新北市蘆洲區長安街222號", "telephone": "0800-885-150", "floors": "B1"}}, {"type": "Feature", "geometry": {"type": "Point", "coordinates": [121.476246, 25.079636]}, "properties": {"station_id": "90807408-SCSD02888", "station_name": "新北市溪墘地下停車場", "district": "蘆洲區", "city": "newtaipei", "operator_name": "華城電能科技股份有限公司", "charging_points": 3, "available": 3, "occupied": 0, "availability_pct": 100, "charging_rate": "計度/固定/8元每度", "parking_rate": "30元/小時", "service_time": "7x24小時", "address": "新北市蘆洲區信義路2號", "telephone": "0800-885-150", "floors": "B1"}}, {"type": "Feature", "geometry": {"type": "Point", "coordinates": [121.471447, 25.0908]}, "properties": {"station_id": "90807408-SCSD02889", "station_name": "新北市仁愛立體停車場", "district": "蘆洲區", "city": "newtaipei", "operator_name": "華城電能科技股份有限公司", "charging_points": 9, "available": 6, "occupied": 3, "availability_pct": 67, "charging_rate": "計度/固定/8元每度", "parking_rate": "30元/小時", "service_time": "7x24小時", "address": "新北市蘆洲區民權路141號", "telephone": "0800-885-150", "floors": "B1"}}, {"type": "Feature", "geometry": {"type": "Point", "coordinates": [121.482649, 25.070585]}, "properties": {"station_id": "90807408-SCSD02890", "station_name": "新北三重商工地下停車場", "district": "三重區", "city": "newtaipei", "operator_name": "華城電能科技股份有限公司", "charging_points": 10, "available": 4, "occupied": 6, "availability_pct": 40, "charging_rate": "計度/固定/8元每度", "parking_rate": "30元/小時", "service_time": "7x24小時", "address": "新北市三重區力行路1段88號", "telephone": "0800-885-150", "floors": "B1"}}, {"type": "Feature", "geometry": {"type": "Point", "coordinates": [121.503153, 25.254658]}, "properties": {"station_id": "90807408-SCSD02891", "station_name": "新北市中正停車場", "district": "三芝區", "city": "newtaipei", "operator_name": "華城電能科技股份有限公司", "charging_points": 5, "available": 4, "occupied": 1, "availability_pct": 80, "charging_rate": "計度/固定/8元每度", "parking_rate": "10元/小時", "service_time": "7x24小時", "address": "新北市三芝區中山路2段48之1號", "telephone": "0800-885-150", "floors": "B1"}}, {"type": "Feature", "geometry": {"type": "Point", "coordinates": [121.424011, 25.026071]}, "properties": {"station_id": "90807408-SCSD02892", "station_name": "新北市後港公園地下停車場", "district": "新莊區", "city": "newtaipei", "operator_name": "華城電能科技股份有限公司", "charging_points": 4, "available": 3, "occupied": 1, "availability_pct": 75, "charging_rate": "計度/固定/8元每度", "parking_rate": "30元/小時", "service_time": "7x24小時", "address": "新北市新莊區後港一路19號", "telephone": "0800-885-150", "floors": "B3"}}, {"type": "Feature", "geometry": {"type": "Point", "coordinates": [121.458088, 25.055071]}, "properties": {"station_id": "90807408-SCSD02893", "station_name": "新北市頭前國中地下停車場", "district": "新莊區", "city": "newtaipei", "operator_name": "華城電能科技股份有限公司", "charging_points": 5, "available": 2, "occupied": 3, "availability_pct": 40, "charging_rate": "計度/固定/8元每度", "parking_rate": "30元/小時", "service_time": "7x24小時", "address": "新北市新莊區中原路2號", "telephone": "0800-885-150", "floors": "B1"}}, {"type": "Feature", "geometry": {"type": "Point", "coordinates": [121.428446, 25.022126]}, "properties": {"station_id": "90807408-SCSD02894", "station_name": "新北市民安國民小學地下停車場", "district": "新莊區", "city": "newtaipei", "operator_name": "華城電能科技股份有限公司", "charging_points": 4, "available": 2, "occupied": 2, "availability_pct": 50, "charging_rate": "計度/固定/8元每度", "parking_rate": "30元/小時", "service_time": "7x24小時", "address": "新北市新莊區民安路261號", "telephone": "0800-885-150", "floors": "B1"}}, {"type": "Feature", "geometry": {"type": "Point", "coordinates": [121.495244, 25.064597]}, "properties": {"station_id": "90807408-SCSD02895", "station_name": "新北正義國小地下停車場", "district": "三重區", "city": "newtaipei", "operator_name": "華城電能科技股份有限公司", "charging_points": 6, "available": 2, "occupied": 4, "availability_pct": 33, "charging_rate": "計度/固定/8元每度", "parking_rate": "30元/小時", "service_time": "7x24小時", "address": "新北市三重區信義西街31號", "telephone": "0800-885-150", "floors": "B1"}}, {"type": "Feature", "geometry": {"type": "Point", "coordinates": [121.473845, 25.033357]}, "properties": {"station_id": "90807408-SCSD02896", "station_name": "新北江翠國小地下停車場", "district": "板橋區", "city": "newtaipei", "operator_name": "華城電能科技股份有限公司", "charging_points": 5, "available": 1, "occupied": 4, "availability_pct": 20, "charging_rate": "計度/固定/8元每度", "parking_rate": "30元/小時", "service_time": "7x24小時", "address": "新北市板橋區文化路2段413號", "telephone": "0800-885-150", "floors": "B1"}}, {"type": "Feature", "geometry": {"type": "Point", "coordinates": [121.465581, 25.016363]}, "properties": {"station_id": "90807408-SCSD02897", "station_name": "新北特專三臨時平面停車場", "district": "板橋區", "city": "newtaipei", "operator_name": "華城電能科技股份有限公司", "charging_points": 2, "available": 1, "occupied": 1, "availability_pct": 50, "charging_rate": "計度/固定/8元每度", "parking_rate": "30元/時", "service_time": "7x24小時", "address": "新北市板橋區漢生東路64號旁空地", "telephone": "0800-885-150", "floors": "1F"}}, {"type": "Feature", "geometry": {"type": "Point", "coordinates": [121.462579, 25.026576]}, "properties": {"station_id": "90807408-SCSD02898", "station_name": "新北新埔國小地下停車場", "district": "板橋區", "city": "newtaipei", "operator_name": "華城電能科技股份有限公司", "charging_points": 8, "available": 0, "occupied": 8, "availability_pct": 0, "charging_rate": "計度/固定/8元每度", "parking_rate": "30元/小時", "service_time": "7x24小時", "address": "新北市板橋區陽明街206號", "telephone": "0800-885-150", "floors": "B1"}}, {"type": "Feature", "geometry": {"type": "Point", "coordinates": [121.490762, 24.992314]}, "properties": {"station_id": "90807408-SCSD02899", "station_name": "新北錦和運動公園地下停車場", "district": "中和區", "city": "newtaipei", "operator_name": "華城電能科技股份有限公司", "charging_points": 16, "available": 8, "occupied": 8, "availability_pct": 50, "charging_rate": "計度/固定/8元每度免費", "parking_rate": "30元/小時", "service_time": "7x24小時", "address": "新北市中和區錦和路352號", "telephone": "0800-885-150", "floors": "B1, 1F"}}, {"type": "Feature", "geometry": {"type": "Point", "coordinates": [121.477266, 25.021908]}, "properties": {"station_id": "90807408-SCSD02900", "station_name": "新北華翠橋下平面停車場", "district": "板橋區", "city": "newtaipei", "operator_name": "華城電能科技股份有限公司", "charging_points": 6, "available": 2, "occupied": 4, "availability_pct": 33, "charging_rate": "計度/固定/8元每度免費", "parking_rate": "30元/時", "service_time": "7x24小時", "address": "新北市板橋區富山街62巷至太和街間", "telephone": "0800-885-150", "floors": "1F"}}, {"type": "Feature", "geometry": {"type": "Point", "coordinates": [121.44456, 25.0035]}, "properties": {"station_id": "90807408-SCSD02901", "station_name": "新北臺北紙廠停車場", "district": "板橋區", "city": "newtaipei", "operator_name": "華城電能科技股份有限公司", "charging_points": 4, "available": 1, "occupied": 3, "availability_pct": 25, "charging_rate": "計度/固定/8元每度", "parking_rate": "平日20元/時，假日30元/時", "service_time": "7x24小時", "address": "新北市板橋區大觀路2段28號", "telephone": "0800-885-150", "floors": "1F"}}, {"type": "Feature", "geometry": {"type": "Point", "coordinates": [121.450822, 24.995845]}, "properties": {"station_id": "90807408-SCSD02902", "station_name": "新北華東平面停車場", "district": "板橋區", "city": "newtaipei", "operator_name": "華城電能科技股份有限公司", "charging_points": 6, "available": 1, "occupied": 5, "availability_pct": 17, "charging_rate": "計度/固定/8元每度免費", "parking_rate": "30元/時", "service_time": "7x24小時", "address": "新北市板橋區南雅南路2段88號對面", "telephone": "0800-885-150", "floors": "1F"}}, {"type": "Feature", "geometry": {"type": "Point", "coordinates": [121.468691, 25.033765]}, "properties": {"station_id": "90807408-SCSD02903", "station_name": "新北江翠102平面停車場", "district": "板橋區", "city": "newtaipei", "operator_name": "華城電能科技股份有限公司", "charging_points": 2, "available": 2, "occupied": 0, "availability_pct": 100, "charging_rate": "計度/固定/8元每度", "parking_rate": "20元/時", "service_time": "7x24小時", "address": "新北市板橋區華江一路及華江七路交叉口", "telephone": "0800-885-150", "floors": "1F"}}, {"type": "Feature", "geometry": {"type": "Point", "coordinates": [121.442033, 25.044251]}, "properties": {"station_id": "90807408-SCSD02904", "station_name": "新北台65高架橋下停車場", "district": "新莊區", "city": "newtaipei", "operator_name": "華城電能科技股份有限公司", "charging_points": 3, "available": 1, "occupied": 2, "availability_pct": 33, "charging_rate": "計度/固定/8元每度免費", "parking_rate": "20元/時", "service_time": "7x24小時", "address": "新北市新莊區中環路2段48之8號斜對面橋下", "telephone": "0800-885-150", "floors": "1F"}}, {"type": "Feature", "geometry": {"type": "Point", "coordinates": [121.414198, 24.957872]}, "properties": {"station_id": "90807408-SCSD02905", "station_name": "新北中洲平面停車場", "district": "土城區", "city": "newtaipei", "operator_name": "華城電能科技股份有限公司", "charging_points": 6, "available": 1, "occupied": 5, "availability_pct": 17, "charging_rate": "計度/固定/8元每度免費", "parking_rate": "20元/時", "service_time": "7x24小時", "address": "新北市土城區中洲路11號對面空地", "telephone": "0800-885-150", "floors": "1F"}}, {"type": "Feature", "geometry": {"type": "Point", "coordinates": [121.464622, 24.986957]}, "properties": {"station_id": "90807408-SCSD02906", "station_name": "新北永豐平面停車場", "district": "土城區", "city": "newtaipei", "operator_name": "華城電能科技股份有限公司", "charging_points": 2, "available": 0, "occupied": 2, "availability_pct": 0, "charging_rate": "計度/固定/8元每度", "parking_rate": "30元/時", "service_time": "7x24小時", "address": "新北市土城區立德路113號對面", "telephone": "0800-885-150", "floors": "1F"}}, {"type": "Feature", "geometry": {"type": "Point", "coordinates": [121.466671, 24.983668]}, "properties": {"station_id": "90807408-SCSD02907", "station_name": "新北明德平面停車場", "district": "土城區", "city": "newtaipei", "operator_name": "華城電能科技股份有限公司", "charging_points": 1, "available": 1, "occupied": 0, "availability_pct": 100, "charging_rate": "計度/固定/8元每度", "parking_rate": "20元/時", "service_time": "7x24小時", "address": "新北市土城區永豐路145號對面", "telephone": "0800-885-150", "floors": "1F"}}, {"type": "Feature", "geometry": {"type": "Point", "coordinates": [121.49054, 24.988019]}, "properties": {"station_id": "90807408-SCSD02908", "station_name": "新北圓通平面停車場", "district": "中和區", "city": "newtaipei", "operator_name": "華城電能科技股份有限公司", "charging_points": 2, "available": 0, "occupied": 2, "availability_pct": 0, "charging_rate": "計度/固定/8元每度", "parking_rate": "20元/時", "service_time": "7x24小時", "address": "新北市中和區圓通路33號", "telephone": "0800-885-150", "floors": "1F"}}, {"type": "Feature", "geometry": {"type": "Point", "coordinates": [121.519233, 24.973327]}, "properties": {"station_id": "90807408-SCSD02909", "station_name": "新北安和公園臨時平面停車場", "district": "新店區", "city": "newtaipei", "operator_name": "華城電能科技股份有限公司", "charging_points": 2, "available": 2, "occupied": 0, "availability_pct": 100, "charging_rate": "計度/固定/8元每度", "parking_rate": "30元/時(7~22時)，10元/時(22~7時)", "service_time": "7x24小時", "address": "新北市新店區安和路2段141號旁", "telephone": "0800-885-150", "floors": "1F"}}, {"type": "Feature", "geometry": {"type": "Point", "coordinates": [121.358002, 24.954557]}, "properties": {"station_id": "90807408-SCSD02910", "station_name": "新北三鶯轉運站平面停車場", "district": "鶯歌區", "city": "newtaipei", "operator_name": "華城電能科技股份有限公司", "charging_points": 4, "available": 0, "occupied": 4, "availability_pct": 0, "charging_rate": "計度/固定/8元每度免費", "parking_rate": "平日20元/時，假日40元/時", "service_time": "7x24小時", "address": "新北市鶯歌區館前路與文化路交叉口", "telephone": "0800-885-150", "floors": "1F, 平面(北側), 平面(南側)"}}, {"type": "Feature", "geometry": {"type": "Point", "coordinates": [121.468499, 25.027882]}, "properties": {"station_id": "90807408-SCSD02911", "station_name": "新北江翠國中游泳池共構地下停車場", "district": "板橋區", "city": "newtaipei", "operator_name": "華城電能科技股份有限公司", "charging_points": 4, "available": 1, "occupied": 3, "availability_pct": 25, "charging_rate": "計度/固定/8元每度", "parking_rate": "30元/時", "service_time": "7x24小時", "address": "新北市板橋區松江街63號", "telephone": "0800-885-150", "floors": "B2"}}, {"type": "Feature", "geometry": {"type": "Point", "coordinates": [121.463891, 25.02563]}, "properties": {"station_id": "90807408-SCSD02912", "station_name": "新北四維公園地下停車場", "district": "板橋區", "city": "newtaipei", "operator_name": "華城電能科技股份有限公司", "charging_points": 10, "available": 7, "occupied": 3, "availability_pct": 70, "charging_rate": "計度/固定/8元每度", "parking_rate": "30元/時", "service_time": "7x24小時", "address": "新北市板橋區四維路6號", "telephone": "0800-885-150", "floors": "B1, B2"}}, {"type": "Feature", "geometry": {"type": "Point", "coordinates": [121.480036, 25.02822]}, "properties": {"station_id": "90807408-SCSD02913", "station_name": "新北音樂公園地下停車場", "district": "板橋區", "city": "newtaipei", "operator_name": "華城電能科技股份有限公司", "charging_points": 10, "available": 2, "occupied": 8, "availability_pct": 20, "charging_rate": "計度/固定/8元每度", "parking_rate": "30元/時", "service_time": "7x24小時", "address": "新北市板橋區大同街76號", "telephone": "0800-885-150", "floors": "B1"}}, {"type": "Feature", "geometry": {"type": "Point", "coordinates": [121.460765, 25.090338]}, "properties": {"station_id": "90807408-SCSD02914", "station_name": "新北市立鷺江國民中學地下停車場", "district": "蘆洲區", "city": "newtaipei", "operator_name": "華城電能科技股份有限公司", "charging_points": 4, "available": 4, "occupied": 0, "availability_pct": 100, "charging_rate": "計度/固定/8元每度", "parking_rate": "30元/時", "service_time": "7x24小時", "address": "新北市蘆洲區長興路300號", "telephone": "0800-885-150", "floors": "B2"}}, {"type": "Feature", "geometry": {"type": "Point", "coordinates": [121.451316, 25.034264]}, "properties": {"station_id": "90807408-SCSD02915", "station_name": "新北市新莊國中運動場地下停車場", "district": "新莊區", "city": "newtaipei", "operator_name": "華城電能科技股份有限公司", "charging_points": 6, "available": 2, "occupied": 4, "availability_pct": 33, "charging_rate": "計度/固定/8元每度", "parking_rate": "30元/時", "service_time": "7x24小時", "address": "新北市新莊區景德路138號", "telephone": "0800-885-150", "floors": "B1"}}, {"type": "Feature", "geometry": {"type": "Point", "coordinates": [121.500262, 25.259009]}, "properties": {"station_id": "90807408-SCSD02916", "station_name": "新北市中山停車場", "district": "三芝區", "city": "newtaipei", "operator_name": "華城電能科技股份有限公司", "charging_points": 3, "available": 2, "occupied": 1, "availability_pct": 67, "charging_rate": "計度/固定/8元每度", "parking_rate": "10元/時", "service_time": "7x24小時", "address": "新北市三芝區淡金路1段61號", "telephone": "0800-885-150", "floors": "2F"}}, {"type": "Feature", "geometry": {"type": "Point", "coordinates": [121.475227, 25.066316]}, "properties": {"station_id": "90807408-SCSD02917", "station_name": "新北二重公園地下停車場", "district": "三重區", "city": "newtaipei", "operator_name": "華城電能科技股份有限公司", "charging_points": 4, "available": 3, "occupied": 1, "availability_pct": 75, "charging_rate": "計度/固定/8元每度", "parking_rate": "30元/時", "service_time": "7x24小時", "address": "新北市三重區疏洪東路2段131號", "telephone": "0800-885-150", "floors": "B1"}}, {"type": "Feature", "geometry": {"type": "Point", "coordinates": [121.547288, 24.977152]}, "properties": {"station_id": "90807408-SCSD02918", "station_name": "新北中興低碳立體停車場", "district": "新店區", "city": "newtaipei", "operator_name": "華城電能科技股份有限公司", "charging_points": 8, "available": 5, "occupied": 3, "availability_pct": 62, "charging_rate": "計度/固定/8元每度", "parking_rate": "平日20元/時，假日30元/時", "service_time": "7x24小時", "address": "新北市新店區中興路3段6號", "telephone": "0800-885-150", "floors": "1F"}}, {"type": "Feature", "geometry": {"type": "Point", "coordinates": [121.615591, 25.001815]}, "properties": {"station_id": "90807408-SCSD02919", "station_name": "新北兒童遊戲場地下停車場", "district": "深坑區", "city": "newtaipei", "operator_name": "華城電能科技股份有限公司", "charging_points": 3, "available": 1, "occupied": 2, "availability_pct": 33, "charging_rate": "計度/固定/8元每度", "parking_rate": "平日20元/時，假日40元/時", "service_time": "7x24小時", "address": "新北市深坑區文化街與平埔街口", "telephone": "0800-885-150", "floors": "1F, B1"}}, {"type": "Feature", "geometry": {"type": "Point", "coordinates": [121.534123, 24.974231]}, "properties": {"station_id": "90807408-SCSD02920", "station_name": "新北新店高中地下停車場", "district": "新店區", "city": "newtaipei", "operator_name": "華城電能科技股份有限公司", "charging_points": 6, "available": 4, "occupied": 2, "availability_pct": 67, "charging_rate": "計度/固定/8元每度", "parking_rate": "30元/時", "service_time": "7x24小時", "address": "新北市新店區三民路161號", "telephone": "0800-885-150", "floors": "B1"}}, {"type": "Feature", "geometry": {"type": "Point", "coordinates": [121.456409, 25.012013]}, "properties": {"station_id": "90807408-SCSD02921", "station_name": "新北板橋國小地下停車場", "district": "板橋區", "city": "newtaipei", "operator_name": "華城電能科技股份有限公司", "charging_points": 4, "available": 2, "occupied": 2, "availability_pct": 50, "charging_rate": "計度/固定/8元每度", "parking_rate": "30元/時", "service_time": "7x24小時", "address": "新北市板橋區文化路1段23號", "telephone": "0800-885-150", "floors": "B1"}}, {"type": "Feature", "geometry": {"type": "Point", "coordinates": [121.463728, 24.999861]}, "properties": {"station_id": "90807408-SCSD02922", "station_name": "新北重慶公園地下停車場", "district": "板橋區", "city": "newtaipei", "operator_name": "華城電能科技股份有限公司", "charging_points": 7, "available": 1, "occupied": 6, "availability_pct": 14, "charging_rate": "計度/固定/8元每度", "parking_rate": "30元/時", "service_time": "7x24小時", "address": "新北市板橋區重慶路265號", "telephone": "0800-885-150", "floors": "B1"}}, {"type": "Feature", "geometry": {"type": "Point", "coordinates": [121.465669, 25.014099]}, "properties": {"station_id": "90807408-SCSD02923", "station_name": "新北市民廣場地下停車場", "district": "板橋區", "city": "newtaipei", "operator_name": "華城電能科技股份有限公司", "charging_points": 17, "available": 2, "occupied": 15, "availability_pct": 12, "charging_rate": "計度/固定/8元每度", "parking_rate": "平日30元/時，假日40元/時", "service_time": "7x24小時", "address": "新北市板橋區縣民大道2段22號", "telephone": "0800-885-150", "floors": "B2"}}, {"type": "Feature", "geometry": {"type": "Point", "coordinates": [121.454335, 25.025236]}, "properties": {"station_id": "90807408-SCSD02924", "station_name": "新北板橋國民中學地下停車場", "district": "板橋區", "city": "newtaipei", "operator_name": "華城電能科技股份有限公司", "charging_points": 3, "available": 1, "occupied": 2, "availability_pct": 33, "charging_rate": "計度/固定/8元每度", "parking_rate": "平日20元/時，假日30元/時", "service_time": "7x24小時", "address": "新北市板橋區中正路437號", "telephone": "0800-885-150", "floors": "B1"}}, {"type": "Feature", "geometry": {"type": "Point", "coordinates": [121.475675, 25.013311]}, "properties": {"station_id": "90807408-SCSD02925", "station_name": "新北民生公園地下停車場", "district": "板橋區", "city": "newtaipei", "operator_name": "華城電能科技股份有限公司", "charging_points": 3, "available": 1, "occupied": 2, "availability_pct": 33, "charging_rate": "計度/固定/8元每度", "parking_rate": "40元/時", "service_time": "7x24小時", "address": "新北市板橋區民生路1段30號", "telephone": "0800-885-150", "floors": "B1"}}, {"type": "Feature", "geometry": {"type": "Point", "coordinates": [121.460475, 25.011991]}, "properties": {"station_id": "90807408-SCSD02926", "station_name": "新北民權立體停車場", "district": "板橋區", "city": "newtaipei", "operator_name": "華城電能科技股份有限公司", "charging_points": 4, "available": 2, "occupied": 2, "availability_pct": 50, "charging_rate": "計度/固定/8元每度", "parking_rate": "30元/時", "service_time": "7x24小時", "address": "新北市板橋區民權路89號", "telephone": "0800-885-150", "floors": "2F"}}, {"type": "Feature", "geometry": {"type": "Point", "coordinates": [121.458657, 25.010301]}, "properties": {"station_id": "90807408-SCSD02927", "station_name": "新北府後立體停車場", "district": "板橋區", "city": "newtaipei", "operator_name": "華城電能科技股份有限公司", "charging_points": 3, "available": 2, "occupied": 1, "availability_pct": 67, "charging_rate": "計度/固定/8元每度", "parking_rate": "30元/時", "service_time": "7x24小時", "address": "新北市板橋區府中路32-1號", "telephone": "0800-885-150", "floors": "4F"}}, {"type": "Feature", "geometry": {"type": "Point", "coordinates": [121.455095, 25.001393]}, "properties": {"station_id": "90807408-SCSD02928", "station_name": "新北市立圖書館地下停車場", "district": "板橋區", "city": "newtaipei", "operator_name": "華城電能科技股份有限公司", "charging_points": 5, "available": 2, "occupied": 3, "availability_pct": 40, "charging_rate": "計度/固定/8元每度", "parking_rate": "30元/時", "service_time": "7x24小時", "address": "新北市板橋區貴興路139號", "telephone": "0800-885-150", "floors": "B1"}}, {"type": "Feature", "geometry": {"type": "Point", "coordinates": [121.458289, 25.012112]}, "properties": {"station_id": "90807408-SCSD02930", "station_name": "新北板橋高中地下停車場", "district": "板橋區", "city": "newtaipei", "operator_name": "華城電能科技股份有限公司", "charging_points": 5, "available": 1, "occupied": 4, "availability_pct": 20, "charging_rate": "計度/固定/8元每度", "parking_rate": "30元/時", "service_time": "7x24小時", "address": "新北市板橋區文化路1段25號", "telephone": "0800-885-150", "floors": "B1"}}, {"type": "Feature", "geometry": {"type": "Point", "coordinates": [121.448553, 25.001169]}, "properties": {"station_id": "90807408-SCSD02931", "station_name": "新北中山國小地下停車場", "district": "板橋區", "city": "newtaipei", "operator_name": "華城電能科技股份有限公司", "charging_points": 5, "available": 4, "occupied": 1, "availability_pct": 80, "charging_rate": "計度/固定/8元每度", "parking_rate": "20元/時", "service_time": "7x24小時", "address": "新北市板橋區大觀路2段31號", "telephone": "0800-885-150", "floors": "B1"}}, {"type": "Feature", "geometry": {"type": "Point", "coordinates": [121.462235, 25.004151]}, "properties": {"station_id": "90807408-SCSD02932", "station_name": "新北忠孝國民中學地下停車場", "district": "板橋區", "city": "newtaipei", "operator_name": "華城電能科技股份有限公司", "charging_points": 10, "available": 3, "occupied": 7, "availability_pct": 30, "charging_rate": "計度/固定/8元每度", "parking_rate": "平日30元/時，假日40元/時", "service_time": "7x24小時", "address": "新北市板橋區成都街30號", "telephone": "0800-885-150", "floors": "B1"}}, {"type": "Feature", "geometry": {"type": "Point", "coordinates": [121.465551, 24.993075]}, "properties": {"station_id": "90807408-SCSD02933", "station_name": "新北五權公園地下停車場", "district": "板橋區", "city": "newtaipei", "operator_name": "華城電能科技股份有限公司", "charging_points": 7, "available": 5, "occupied": 2, "availability_pct": 71, "charging_rate": "計度/固定/8元每度", "parking_rate": "30元/時", "service_time": "7x24小時", "address": "新北市板橋區廣權路130號", "telephone": "0800-885-150", "floors": "B1"}}, {"type": "Feature", "geometry": {"type": "Point", "coordinates": [121.71046, 24.935442]}, "properties": {"station_id": "90807408-SCSD02934", "station_name": "新北水柳腳立體停車場", "district": "坪林區", "city": "newtaipei", "operator_name": "華城電能科技股份有限公司", "charging_points": 4, "available": 4, "occupied": 0, "availability_pct": 100, "charging_rate": "計度/固定/8元每度", "parking_rate": "20元/時", "service_time": "7x24小時", "address": "新北市坪林區水柳腳34之1號", "telephone": "0800-885-150", "floors": "1F, B1"}}, {"type": "Feature", "geometry": {"type": "Point", "coordinates": [121.499909, 24.998571]}, "properties": {"station_id": "90807408-SCSD02935", "station_name": "新北中和國小地下停車場", "district": "中和區", "city": "newtaipei", "operator_name": "華城電能科技股份有限公司", "charging_points": 12, "available": 3, "occupied": 9, "availability_pct": 25, "charging_rate": "計度/固定/8元每度", "parking_rate": "平日30元/時，假日40元/時", "service_time": "7x24小時", "address": "新北市中和區景平路632-8號", "telephone": "0800-885-150", "floors": "B1"}}, {"type": "Feature", "geometry": {"type": "Point", "coordinates": [121.483546, 25.001583]}, "properties": {"station_id": "90807408-SCSD02936", "station_name": "新北民樂立體停車場", "district": "中和區", "city": "newtaipei", "operator_name": "華城電能科技股份有限公司", "charging_points": 5, "available": 0, "occupied": 5, "availability_pct": 0, "charging_rate": "計度/固定/8元每度", "parking_rate": "30元/時", "service_time": "7x24小時", "address": "新北市中和區民樂路65號", "telephone": "0800-885-150", "floors": "B1"}}, {"type": "Feature", "geometry": {"type": "Point", "coordinates": [121.502334, 24.990792]}, "properties": {"station_id": "90807408-SCSD02937", "station_name": "新北中和地政事務所及稅捐稽徵處", "district": "中和區", "city": "newtaipei", "operator_name": "華城電能科技股份有限公司", "charging_points": 3, "available": 2, "occupied": 1, "availability_pct": 67, "charging_rate": "計度/固定/8元每度", "parking_rate": "平日20元/時，假日30元/時", "service_time": "7x24小時", "address": "新北市中和區復興路278號", "telephone": "0800-885-150", "floors": "B1, B2"}}, {"type": "Feature", "geometry": {"type": "Point", "coordinates": [121.489604, 25.061005]}, "properties": {"station_id": "90807408-SCSD02938", "station_name": "新北中山立體停車場", "district": "三重區", "city": "newtaipei", "operator_name": "華城電能科技股份有限公司", "charging_points": 9, "available": 3, "occupied": 6, "availability_pct": 33, "charging_rate": "計度/固定/8元每度", "parking_rate": "30元/時", "service_time": "7x24小時", "address": "新北市三重區新北大道1段7號", "telephone": "0800-885-150", "floors": "2F"}}, {"type": "Feature", "geometry": {"type": "Point", "coordinates": [121.389284, 25.078752]}, "properties": {"station_id": "90807408-SCSD02939", "station_name": "新北停三立體停車場", "district": "林口區", "city": "newtaipei", "operator_name": "華城電能科技股份有限公司", "charging_points": 3, "available": 2, "occupied": 1, "availability_pct": 67, "charging_rate": "計度/固定/8元每度", "parking_rate": "平日20元/時，假日30元/時", "service_time": "7x24小時", "address": "新北市林口區中山路99號", "telephone": "0800-885-150", "floors": "1F"}}, {"type": "Feature", "geometry": {"type": "Point", "coordinates": [121.361835, 25.065977]}, "properties": {"station_id": "90807408-SCSD02940", "station_name": "新北林口公車轉運站平面停車場", "district": "林口區", "city": "newtaipei", "operator_name": "華城電能科技股份有限公司", "charging_points": 2, "available": 2, "occupied": 0, "availability_pct": 100, "charging_rate": "浮動費率,,計度/離峰/00:00-11:00/8.4元每度,計度/一般/*11:01-23:59/11元每度", "parking_rate": "平日20元/時，假日30元/時。<進場30分鐘內免停車費>", "service_time": "7x24小時", "address": "新北市林口區八德路260號", "telephone": "0800-885-150", "floors": "1F"}}, {"type": "Feature", "geometry": {"type": "Point", "coordinates": [121.444762, 24.98315]}, "properties": {"station_id": "90807408-SCSD02941", "station_name": "新北中央公園地下停車場", "district": "土城區", "city": "newtaipei", "operator_name": "華城電能科技股份有限公司", "charging_points": 6, "available": 4, "occupied": 2, "availability_pct": 67, "charging_rate": "計度/固定/8元每度", "parking_rate": "20元/時", "service_time": "7x24小時", "address": "新北市土城區中央路1段325-1號", "telephone": "0800-885-150", "floors": "B2"}}, {"type": "Feature", "geometry": {"type": "Point", "coordinates": [121.458347, 25.084557]}, "properties": {"station_id": "90807408-SCSD02942", "station_name": "新北市永康公園地下停車場", "district": "蘆洲區", "city": "newtaipei", "operator_name": "華城電能科技股份有限公司", "charging_points": 2, "available": 0, "occupied": 2, "availability_pct": 0, "charging_rate": "計度/固定/8元每度", "parking_rate": "30元/時", "service_time": "7x24小時", "address": "新北市蘆洲區長安街及長安街口", "telephone": "0800-885-150", "floors": "B1"}}, {"type": "Feature", "geometry": {"type": "Point", "coordinates": [121.641663, 25.220227]}, "properties": {"station_id": "90807408-SCSD02943", "station_name": "新北市金山立體停車場", "district": "金山區", "city": "newtaipei", "operator_name": "華城電能科技股份有限公司", "charging_points": 7, "available": 2, "occupied": 5, "availability_pct": 29, "charging_rate": "計度/固定/8元每度", "parking_rate": "平日20元/時，假日30元/時", "service_time": "7x24小時", "address": "新北市金山區中興路101號", "telephone": "0800-885-150", "floors": "1F"}}, {"type": "Feature", "geometry": {"type": "Point", "coordinates": [121.447791, 25.042413]}, "properties": {"station_id": "90807408-SCSD02944", "station_name": "新北市新莊運動公園地下停車場", "district": "新莊區", "city": "newtaipei", "operator_name": "華城電能科技股份有限公司", "charging_points": 12, "available": 6, "occupied": 6, "availability_pct": 50, "charging_rate": "計度/固定/8元每度", "parking_rate": "30元/時", "service_time": "7x24小時", "address": "新北市新莊區復興路1段99號對面", "telephone": "0800-885-150", "floors": "B1"}}, {"type": "Feature", "geometry": {"type": "Point", "coordinates": [121.506209, 25.010088]}, "properties": {"station_id": "90807408-SCSD02945", "station_name": "新北仁愛公園地下停車場", "district": "永和區", "city": "newtaipei", "operator_name": "華城電能科技股份有限公司", "charging_points": 13, "available": 0, "occupied": 13, "availability_pct": 0, "charging_rate": "計度/固定/8元每度", "parking_rate": "30元/時", "service_time": "7x24小時", "address": "新北市永和區仁愛路244-1號", "telephone": "0800-885-150", "floors": "B1"}}, {"type": "Feature", "geometry": {"type": "Point", "coordinates": [121.517269, 25.00182]}, "properties": {"station_id": "90807408-SCSD02946", "station_name": "新北永和國小地下停車場", "district": "永和區", "city": "newtaipei", "operator_name": "華城電能科技股份有限公司", "charging_points": 6, "available": 0, "occupied": 6, "availability_pct": 0, "charging_rate": "計度/固定/8元每度", "parking_rate": "30元/時", "service_time": "7x24小時", "address": "新北市永和區中正路299號", "telephone": "0800-885-150", "floors": "B1"}}, {"type": "Feature", "geometry": {"type": "Point", "coordinates": [121.520332, 24.998833]}, "properties": {"station_id": "90807408-SCSD02947", "station_name": "新北秀朗國民小學地下停車場", "district": "永和區", "city": "newtaipei", "operator_name": "華城電能科技股份有限公司", "charging_points": 15, "available": 3, "occupied": 12, "availability_pct": 20, "charging_rate": "計度/固定/8元每度", "parking_rate": "30元/時", "service_time": "7x24小時", "address": "新北市永和區民權路1號", "telephone": "0800-885-150", "floors": "B1"}}, {"type": "Feature", "geometry": {"type": "Point", "coordinates": [121.522887, 25.004688]}, "properties": {"station_id": "90807408-SCSD02948", "station_name": "新北福和國中地下停車場", "district": "永和區", "city": "newtaipei", "operator_name": "華城電能科技股份有限公司", "charging_points": 11, "available": 3, "occupied": 8, "availability_pct": 27, "charging_rate": "計度/固定/8元每度", "parking_rate": "30元/時", "service_time": "7x24小時", "address": "新北市永和區永亨路96號", "telephone": "0800-885-150", "floors": "B1"}}, {"type": "Feature", "geometry": {"type": "Point", "coordinates": [121.519858, 25.013837]}, "properties": {"station_id": "90807408-SCSD02949", "station_name": "新北網溪國小地下停車場", "district": "永和區", "city": "newtaipei", "operator_name": "華城電能科技股份有限公司", "charging_points": 13, "available": 1, "occupied": 12, "availability_pct": 8, "charging_rate": "計度/固定/8元每度", "parking_rate": "30元/時", "service_time": "7x24小時", "address": "新北市永和區竹林路79號", "telephone": "0800-885-150", "floors": "B1"}}, {"type": "Feature", "geometry": {"type": "Point", "coordinates": [121.538394, 24.977241]}, "properties": {"station_id": "90807408-SCSD02950", "station_name": "新北大豐地下停車場", "district": "新店區", "city": "newtaipei", "operator_name": "華城電能科技股份有限公司", "charging_points": 4, "available": 1, "occupied": 3, "availability_pct": 25, "charging_rate": "計度/固定/8元每度", "parking_rate": "30元/時", "service_time": "7x24小時", "address": "新北市新店區民族路109號", "telephone": "0800-885-150", "floors": "B2"}}, {"type": "Feature", "geometry": {"type": "Point", "coordinates": [121.512632, 24.962686]}, "properties": {"station_id": "90807408-SCSD02951", "station_name": "新北安康立體停車場", "district": "新店區", "city": "newtaipei", "operator_name": "華城電能科技股份有限公司", "charging_points": 4, "available": 2, "occupied": 2, "availability_pct": 50, "charging_rate": "計度/固定/8元每度", "parking_rate": "30元(7時~22時)，10元(22時~7時)", "service_time": "7x24小時", "address": "新北市新店區安康路2段120號", "telephone": "0800-885-150", "floors": "4F"}}, {"type": "Feature", "geometry": {"type": "Point", "coordinates": [121.54256, 24.9682]}, "properties": {"station_id": "90807408-SCSD02952", "station_name": "新北北新地下停車場", "district": "新店區", "city": "newtaipei", "operator_name": "華城電能科技股份有限公司", "charging_points": 7, "available": 0, "occupied": 7, "availability_pct": 0, "charging_rate": "計度/固定/8元每度", "parking_rate": "30元/時", "service_time": "7x24小時", "address": "新北市新店區北新路1段92號", "telephone": "0800-885-150", "floors": "B1"}}, {"type": "Feature", "geometry": {"type": "Point", "coordinates": [121.545719, 24.974504]}, "properties": {"station_id": "90807408-SCSD02953", "station_name": "新北寶橋立體停車場", "district": "新店區", "city": "newtaipei", "operator_name": "華城電能科技股份有限公司", "charging_points": 10, "available": 1, "occupied": 9, "availability_pct": 10, "charging_rate": "計度/固定/8元每度", "parking_rate": "30元/小時", "service_time": "7x24小時", "address": "新北市新店區寶橋路10號", "telephone": "0800-885-150", "floors": "1F, 1F"}}, {"type": "Feature", "geometry": {"type": "Point", "coordinates": [121.419697, 24.990625]}, "properties": {"station_id": "90807408-SCSD02954", "station_name": "新北第七立體停車場", "district": "樹林區", "city": "newtaipei", "operator_name": "華城電能科技股份有限公司", "charging_points": 2, "available": 1, "occupied": 1, "availability_pct": 50, "charging_rate": "計度/固定/8元每度", "parking_rate": "20元/時", "service_time": "7x24小時", "address": "新北市樹林區復興路202號", "telephone": "0800-885-150", "floors": "2F露天"}}, {"type": "Feature", "geometry": {"type": "Point", "coordinates": [121.428787, 24.996278]}, "properties": {"station_id": "90807408-SCSD02955", "station_name": "新北樹林藝文綜合行政大樓地下停車場", "district": "樹林區", "city": "newtaipei", "operator_name": "華城電能科技股份有限公司", "charging_points": 5, "available": 2, "occupied": 3, "availability_pct": 40, "charging_rate": "計度/固定/8元每度", "parking_rate": "平日20元/時，假日30元/時", "service_time": "7x24小時", "address": "新北市樹林區樹新路40-7號", "telephone": "0800-885-150", "floors": "B1"}}, {"type": "Feature", "geometry": {"type": "Point", "coordinates": [121.513224, 24.989691]}, "properties": {"station_id": "90807408-SCSD02956", "station_name": "新北景新立體停車場", "district": "中和區", "city": "newtaipei", "operator_name": "華城電能科技股份有限公司", "charging_points": 4, "available": 0, "occupied": 4, "availability_pct": 0, "charging_rate": "計度/固定/8元每度", "parking_rate": "平日30元/時，假日40元/時", "service_time": "7x24小時", "address": "新北市中和區景新街12號", "telephone": "0800-885-150", "floors": "B1"}}, {"type": "Feature", "geometry": {"type": "Point", "coordinates": [121.551642, 24.865513]}, "properties": {"station_id": "90807408-SCSD02957", "station_name": "新北烏來立體停車場", "district": "烏來區", "city": "newtaipei", "operator_name": "華城電能科技股份有限公司", "charging_points": 8, "available": 2, "occupied": 6, "availability_pct": 25, "charging_rate": "計度/固定/8元每度", "parking_rate": "室內:平日60元/次，假日30元/小時；路邊:平日60元/次，假日90元/次", "service_time": "7x24小時", "address": "新北市烏來區烏來街47號", "telephone": "0800-885-150", "floors": "2F"}}, {"type": "Feature", "geometry": {"type": "Point", "coordinates": [121.481012, 25.026614]}, "properties": {"station_id": "90807408-SCSD02958", "station_name": "新北萬板高架橋下停車場", "district": "板橋區", "city": "newtaipei", "operator_name": "華城電能科技股份有限公司", "charging_points": 6, "available": 1, "occupied": 5, "availability_pct": 17, "charging_rate": "計度/固定/8元每度免費", "parking_rate": "平日20元/時，假日30元/時", "service_time": "7x24小時", "address": "新北市板橋區萬板路558號對面", "telephone": "0800-885-150", "floors": "1F"}}, {"type": "Feature", "geometry": {"type": "Point", "coordinates": [121.468304, 24.999167]}, "properties": {"station_id": "90807408-SCSD02959", "station_name": "新北民德立體停車場", "district": "中和區", "city": "newtaipei", "operator_name": "華城電能科技股份有限公司", "charging_points": 8, "available": 2, "occupied": 6, "availability_pct": 25, "charging_rate": "計度/固定/8元每度", "parking_rate": "30元/時", "service_time": "7x24小時", "address": "新北市中和區民德路188號", "telephone": "0800-885-150", "floors": "B1"}}, {"type": "Feature", "geometry": {"type": "Point", "coordinates": [121.47562, 25.003547]}, "properties": {"station_id": "90807408-SCSD02960", "station_name": "新北民享公園地下停車場", "district": "中和區", "city": "newtaipei", "operator_name": "華城電能科技股份有限公司", "charging_points": 2, "available": 2, "occupied": 0, "availability_pct": 100, "charging_rate": "計度/固定/8元每度", "parking_rate": "30元/時", "service_time": "7x24小時", "address": "新北市中和區自治街67號", "telephone": "0800-885-150", "floors": "B1"}}, {"type": "Feature", "geometry": {"type": "Point", "coordinates": [121.523581, 24.995689]}, "properties": {"station_id": "90807408-SCSD02961", "station_name": "新北秀山公園地下停車場", "district": "中和區", "city": "newtaipei", "operator_name": "華城電能科技股份有限公司", "charging_points": 8, "available": 4, "occupied": 4, "availability_pct": 50, "charging_rate": "計度/固定/8元每度", "parking_rate": "30元/時", "service_time": "7x24小時", "address": "新北市中和區自立路12號", "telephone": "0800-885-150", "floors": "B1"}}, {"type": "Feature", "geometry": {"type": "Point", "coordinates": [121.502912, 25.004855]}, "properties": {"station_id": "90807408-SCSD02962", "station_name": "新北佳和公園地下停車場", "district": "中和區", "city": "newtaipei", "operator_name": "華城電能科技股份有限公司", "charging_points": 6, "available": 4, "occupied": 2, "availability_pct": 67, "charging_rate": "計度/固定/8元每度", "parking_rate": "30元/時", "service_time": "7x24小時", "address": "新北市中和區中山路2段9號", "telephone": "0800-885-150", "floors": "B1"}}, {"type": "Feature", "geometry": {"type": "Point", "coordinates": [121.448808, 24.983839]}, "properties": {"station_id": "90807408-SCSD02965", "station_name": "新北高工地下停車場", "district": "土城區", "city": "newtaipei", "operator_name": "華城電能科技股份有限公司", "charging_points": 5, "available": 4, "occupied": 1, "availability_pct": 80, "charging_rate": "計度/固定/8元每度", "parking_rate": "30元/時", "service_time": "7x24小時", "address": "新北市土城區明德路二段60號14號", "telephone": "0800-885-150", "floors": "B2"}}, {"type": "Feature", "geometry": {"type": "Point", "coordinates": [121.483176, 25.057609]}, "properties": {"station_id": "90807408-SCSD02966", "station_name": "新北重陽公園地下停車場", "district": "三重區", "city": "newtaipei", "operator_name": "華城電能科技股份有限公司", "charging_points": 6, "available": 3, "occupied": 3, "availability_pct": 50, "charging_rate": "計度/固定/8元每度", "parking_rate": "30元/時", "service_time": "7x24小時", "address": "新北市三重區朝陽街77號", "telephone": "0800-885-150", "floors": "B1"}}, {"type": "Feature", "geometry": {"type": "Point", "coordinates": [121.510753, 25.015622]}, "properties": {"station_id": "90807408-SCSD02967", "station_name": "新北頂溪國小地下停車場", "district": "永和區", "city": "newtaipei", "operator_name": "華城電能科技股份有限公司", "charging_points": 9, "available": 3, "occupied": 6, "availability_pct": 33, "charging_rate": "計度/固定/8元每度", "parking_rate": "30元/時", "service_time": "7x24小時", "address": "新北市永和區文化路12號", "telephone": "0800-885-150", "floors": "B1"}}, {"type": "Feature", "geometry": {"type": "Point", "coordinates": [121.453007, 25.044616]}, "properties": {"station_id": "90807408-SCSD02968", "station_name": "新北中港平面停車場", "district": "新莊區", "city": "newtaipei", "operator_name": "華城電能科技股份有限公司", "charging_points": 1, "available": 1, "occupied": 0, "availability_pct": 100, "charging_rate": "計度/固定/8元每度", "parking_rate": "30元(20時~0時)，20元(0時~20時)", "service_time": "7x24小時", "address": "新北市新莊區中港路及中華路2段交叉口", "telephone": "0800-885-150", "floors": "1F平面"}}, {"type": "Feature", "geometry": {"type": "Point", "coordinates": [121.342511, 24.95554]}, "properties": {"station_id": "90807408-SCSD02969", "station_name": "新北公八公園平面停車場", "district": "鶯歌區", "city": "newtaipei", "operator_name": "華城電能科技股份有限公司", "charging_points": 1, "available": 0, "occupied": 1, "availability_pct": 0, "charging_rate": "計度/固定/8元每度", "parking_rate": "平日20元/時，假日40元/時", "service_time": "7x24小時", "address": "新北市鶯歌區國華路31號對面", "telephone": "0800-885-150", "floors": "1F"}}, {"type": "Feature", "geometry": {"type": "Point", "coordinates": [121.364274, 24.938824]}, "properties": {"station_id": "90807408-SCSD03173", "station_name": "歐特儀_三峽台北大學運動場停車場", "district": "三峽區", "city": "newtaipei", "operator_name": "華城電能科技股份有限公司", "charging_points": 20, "available": 19, "occupied": 1, "availability_pct": 95, "charging_rate": "計度/固定/8元每度", "parking_rate": "20元/時，當日上限250元", "service_time": "7x24小時", "address": "新北市三峽區大學路151號B1", "telephone": "0800-885-150", "floors": "4B2, 5B2, B2"}}, {"type": "Feature", "geometry": {"type": "Point", "coordinates": [121.469913, 25.009854]}, "properties": {"station_id": "90807408-SCSD03192", "station_name": "力揚_板橋體育場", "district": "板橋區", "city": "newtaipei", "operator_name": "華城電能科技股份有限公司", "charging_points": 2, "available": 2, "occupied": 0, "availability_pct": 100, "charging_rate": "計度/固定/8元每度", "parking_rate": "30元/時", "service_time": "7x24小時", "address": "新北市板橋區漢生東路278號B1", "telephone": "0800-885-150", "floors": "B1"}}, {"type": "Feature", "geometry": {"type": "Point", "coordinates": [121.440729, 25.189988]}, "properties": {"station_id": "90807408-SCSD03203", "station_name": "新北建昇淡水行政中心", "district": "淡水區", "city": "newtaipei", "operator_name": "華城電能科技股份有限公司", "charging_points": 2, "available": 2, "occupied": 0, "availability_pct": 100, "charging_rate": "浮動費率,,計度/離峰/00:00-11:00/8.4元每度,計度/一般/*11:01-23:59/9.5元每度", "parking_rate": "平日40元/時，假日50元/時", "service_time": "7x24小時", "address": "新北市淡水區濱海路一段300號", "telephone": "0800-885-150", "floors": "1F"}}, {"type": "Feature", "geometry": {"type": "Point", "coordinates": [121.44742, 25.056796]}, "properties": {"station_id": "90807408-SCSD03220", "station_name": "新北國家電影及視聽文化中心", "district": "新莊區", "city": "newtaipei", "operator_name": "華城電能科技股份有限公司", "charging_points": 2, "available": 1, "occupied": 1, "availability_pct": 50, "charging_rate": "計度/固定/8元每度", "parking_rate": "平日15元/30分鐘(當日最高上限120元)，假日25元/30分鐘(當日最高上限200元)；館內消費不限金額，停車費比照平日收費(唯無最高收費上限)", "service_time": "每日/07:00-23:00", "address": "新北市新莊區文藝路2號B1", "telephone": "0800-885-150", "floors": "B1"}}, {"type": "Feature", "geometry": {"type": "Point", "coordinates": [121.458322, 25.063823]}, "properties": {"station_id": "90807408-SCSD03230", "station_name": "新北晶冠廣場", "district": "新莊區", "city": "newtaipei", "operator_name": "華城電能科技股份有限公司", "charging_points": 8, "available": 6, "occupied": 2, "availability_pct": 75, "charging_rate": "計度/固定/8元每度", "parking_rate": "40元/時", "service_time": "7x24小時", "address": "新北市新莊區五工路66號B2", "telephone": "0800-885-150", "floors": "B2"}}, {"type": "Feature", "geometry": {"type": "Point", "coordinates": [121.482223, 25.058943]}, "properties": {"station_id": "90807408-SCSD03253", "station_name": "歐特儀_新北文中小平面停車場", "district": "三重區", "city": "newtaipei", "operator_name": "華城電能科技股份有限公司", "charging_points": 6, "available": 5, "occupied": 1, "availability_pct": 83, "charging_rate": "計度/固定/8元每度", "parking_rate": "平日20元/時，假日30元/時(24小時內最高收費200元)", "service_time": "7x24小時", "address": "新北市三重區三陽路172-7號", "telephone": "0800-885-150", "floors": "1F"}}, {"type": "Feature", "geometry": {"type": "Point", "coordinates": [121.475523, 25.049805]}, "properties": {"station_id": "90807408-SCSD03263", "station_name": "新北興穀國小操場地下停車場", "district": "三重區", "city": "newtaipei", "operator_name": "華城電能科技股份有限公司", "charging_points": 7, "available": 6, "occupied": 1, "availability_pct": 86, "charging_rate": "計度/固定/8元每度", "parking_rate": "平日30元/時，假日40元/時", "service_time": "7x24小時", "address": "新北市三重區五谷王北街46號B1", "telephone": "0800-885-150", "floors": "B1"}}, {"type": "Feature", "geometry": {"type": "Point", "coordinates": [121.5341, 24.98942]}, "properties": {"station_id": "90807408-SCSD03463", "station_name": "易亭_新北新店中正停車場", "district": "新店區", "city": "newtaipei", "operator_name": "華城電能科技股份有限公司", "charging_points": 2, "available": 0, "occupied": 2, "availability_pct": 0, "charging_rate": "計度/固定/8元每度", "parking_rate": "40元/時，當日最高上限180元", "service_time": "7x24小時", "address": "新北市新店區中正路660號", "telephone": "0800-885-150", "floors": "1F"}}, {"type": "Feature", "geometry": {"type": "Point", "coordinates": [121.447089, 25.039745]}, "properties": {"station_id": "90807408-SCSD03467", "station_name": "新北市新莊國民運動中心", "district": "新莊區", "city": "newtaipei", "operator_name": "華城電能科技股份有限公司", "charging_points": 6, "available": 3, "occupied": 3, "availability_pct": 50, "charging_rate": "計度/固定/8元每度", "parking_rate": "30元/時", "service_time": "7x24小時", "address": "新北市新莊區和興街35-8號B2", "telephone": "0800-885-150", "floors": "B2"}}, {"type": "Feature", "geometry": {"type": "Point", "coordinates": [121.457871, 25.037414]}, "properties": {"station_id": "90807408-SCSD03484", "station_name": "新北新莊農會_信用部", "district": "新莊區", "city": "newtaipei", "operator_name": "華城電能科技股份有限公司", "charging_points": 2, "available": 2, "occupied": 0, "availability_pct": 100, "charging_rate": "計度/固定/8元每度", "parking_rate": "30元/時", "service_time": "7x24小時", "address": "新北市新莊區中正路80號B2", "telephone": "0800-885-150", "floors": "B2"}}, {"type": "Feature", "geometry": {"type": "Point", "coordinates": [121.481917, 25.084479]}, "properties": {"station_id": "90807408-SCSD03505", "station_name": "力揚_新北蘆洲重陽大樓停車場", "district": "蘆洲區", "city": "newtaipei", "operator_name": "華城電能科技股份有限公司", "charging_points": 1, "available": 0, "occupied": 1, "availability_pct": 0, "charging_rate": "計度/固定/8元每度", "parking_rate": "30元/時", "service_time": "7x24小時", "address": "新北市蘆洲區集賢路245號B1", "telephone": "0800-885-150", "floors": "B1"}}, {"type": "Feature", "geometry": {"type": "Point", "coordinates": [121.495317, 24.998502]}, "properties": {"station_id": "90807408-SCSD03541", "station_name": "力揚_新北中和安邦青年社會住宅", "district": "中和區", "city": "newtaipei", "operator_name": "華城電能科技股份有限公司", "charging_points": 8, "available": 2, "occupied": 6, "availability_pct": 25, "charging_rate": "免費計度/固定/7元每度", "parking_rate": "40元/時", "service_time": "7x24小時", "address": "新北市中和區連城路1號B1", "telephone": "0800-885-150", "floors": "B1"}}, {"type": "Feature", "geometry": {"type": "Point", "coordinates": [121.406811, 25.154312]}, "properties": {"station_id": "90807408-SCSD03547", "station_name": "新北市八里區行政中心", "district": "八里區", "city": "newtaipei", "operator_name": "華城電能科技股份有限公司", "charging_points": 8, "available": 8, "occupied": 0, "availability_pct": 100, "charging_rate": "計度/固定/8元每度", "parking_rate": "20元/時", "service_time": "7x24小時", "address": "新北市八里區八里大道18號", "telephone": "0800-885-150", "floors": "1F"}}, {"type": "Feature", "geometry": {"type": "Point", "coordinates": [121.637678, 25.223718]}, "properties": {"station_id": "90807408-SCSD03554", "station_name": "力揚_新北金山老街文化一路停車場", "district": "金山區", "city": "newtaipei", "operator_name": "華城電能科技股份有限公司", "charging_points": 1, "available": 1, "occupied": 0, "availability_pct": 100, "charging_rate": "計度/固定/8元每度", "parking_rate": "平日:80元/次；假日:100元/次", "service_time": "7x24小時", "address": "新北市金山區文化二路2號旁平面停車場", "telephone": "0800-885-150", "floors": "1F"}}, {"type": "Feature", "geometry": {"type": "Point", "coordinates": [121.36076, 25.06623]}, "properties": {"station_id": "42861108-S32202", "station_name": "新北－林口亞昕福朋喜來登酒店", "district": "林口區", "city": "newtaipei", "operator_name": "台灣特斯拉汽車有限公司", "charging_points": 4, "available": 3, "occupied": 1, "availability_pct": 75, "charging_rate": "計度/浮動/8元每度", "parking_rate": "計時/每日/40元每小時/每日最高/400元每日", "service_time": "7x24小時", "address": "新北市林口區文化三路一段1號", "telephone": "0809007518", "floors": "B2"}}, {"type": "Feature", "geometry": {"type": "Point", "coordinates": [121.46436, 25.01065]}, "properties": {"station_id": "90505425-S58665", "station_name": "板橋遠百中山店", "district": "板橋區", "city": "newtaipei", "operator_name": "特爾電力股份有限公司", "charging_points": 8, "available": 7, "occupied": 1, "availability_pct": 88, "charging_rate": "計度/固定/9.9元每度", "parking_rate": "計時/每日/60元每小時，停車折抵優惠訊息請依照現場說明\r\n", "service_time": "每日/11:00-22:00", "address": "新北市板橋區中山路一段152號", "telephone": "02-2531-0858", "floors": "B3"}}, {"type": "Feature", "geometry": {"type": "Point", "coordinates": [121.65527, 25.06538]}, "properties": {"station_id": "12681939-Shfc_17", "station_name": "上嘉管理顧問有限公司汐科營業所", "district": "汐止區", "city": "newtaipei", "operator_name": "阜爾運通股份有限公司", "charging_points": 4, "available": 5, "occupied": 0, "availability_pct": 100, "charging_rate": "一度8.5元", "parking_rate": "每小時60元", "service_time": "24H", "address": "新北市汐止區復興路2號", "telephone": "02-22697887", "floors": "1F"}}, {"type": "Feature", "geometry": {"type": "Point", "coordinates": [121.497697, 25.0800244]}, "properties": {"station_id": "12681939-SPSS_YA41001", "station_name": "城市車旅三重元信(三重元信2)", "district": "三重區", "city": "newtaipei", "operator_name": "阜爾運通股份有限公司", "charging_points": 2, "available": 2, "occupied": 0, "availability_pct": 100, "charging_rate": "1度10元", "parking_rate": "一小時60元", "service_time": "24H", "address": "新北市三重區仁義街120號", "telephone": "02-22697887", "floors": "1"}}, {"type": "Feature", "geometry": {"type": "Point", "coordinates": [121.44753, 25.00546]}, "properties": {"station_id": "24394433-Ssungreen_20", "station_name": "ECAR-台灣藝術大學站", "district": "板橋區", "city": "newtaipei", "operator_name": "東陽能源科技股份有限公司", "charging_points": 2, "available": 2, "occupied": 0, "availability_pct": 100, "charging_rate": "1度8元", "parking_rate": "一小時30元", "service_time": "24H", "address": "新北市板橋區大觀路一段59號", "telephone": "02-22697887", "floors": "1F"}}, {"type": "Feature", "geometry": {"type": "Point", "coordinates": [121.43208, 25.17505]}, "properties": {"station_id": "60219358-S168_8", "station_name": "及泰企業有限公司紅毛城停車場", "district": "淡水區", "city": "newtaipei", "operator_name": "及泰企業有限公司紅毛城停車場", "charging_points": 1, "available": 0, "occupied": 1, "availability_pct": 0, "charging_rate": "慢充每度8元", "parking_rate": "30", "service_time": "24H", "address": "新北市淡水區中正路28巷1號", "telephone": "02-22697887", "floors": "1F"}}, {"type": "Feature", "geometry": {"type": "Point", "coordinates": [121.55448, 24.95204]}, "properties": {"station_id": "80390037-S168_7", "station_name": "根基國際有限公司青潭國民小學停車場", "district": "新店區", "city": "newtaipei", "operator_name": "根基國際有限公司青潭國民小學停車場", "charging_points": 2, "available": 2, "occupied": 0, "availability_pct": 100, "charging_rate": "慢充每度8元", "parking_rate": "30", "service_time": "24H", "address": "新北市新店區北宜路82巷旁空地", "telephone": "(02)27546661", "floors": "1F"}}, {"type": "Feature", "geometry": {"type": "Point", "coordinates": [121.45876, 25.0076]}, "properties": {"station_id": "86711789-Sgowin_1", "station_name": "國雲停車-府中汽車停車場", "district": "板橋區", "city": "newtaipei", "operator_name": "國雲公寓大廈管理維護股份有限公司", "charging_points": 2, "available": 0, "occupied": 0, "availability_pct": 0, "charging_rate": "9:00-24:00  8元/度,24:00-09:00 5元/度", "parking_rate": "平日60元/時；假日100元/時", "service_time": "24H", "address": "新北市板橋區縣民大道一段與府中路口1號", "telephone": "02-25573722", "floors": "1F"}}, {"type": "Feature", "geometry": {"type": "Point", "coordinates": [121.45558, 25.02783]}, "properties": {"station_id": "87545768-S168_11", "station_name": "江翠停五平面停車場", "district": "板橋區", "city": "newtaipei", "operator_name": "", "charging_points": 1, "available": 7, "occupied": 1, "availability_pct": 88, "charging_rate": "慢充每度8元", "parking_rate": "30", "service_time": "24H", "address": "新北市板橋區中正路560號", "telephone": "02-22697887", "floors": "1F"}}, {"type": "Feature", "geometry": {"type": "Point", "coordinates": [121.45659, 25.02846]}, "properties": {"station_id": "87545768-S168_26", "station_name": "市立殯儀館停車場", "district": "板橋區", "city": "newtaipei", "operator_name": "", "charging_points": 1, "available": 1, "occupied": 0, "availability_pct": 100, "charging_rate": "慢充每度8元", "parking_rate": "30", "service_time": "24H", "address": "新北市板橋區中正路560號殯儀館附屬平面停車空間", "telephone": "02-22697887", "floors": "1F"}}, {"type": "Feature", "geometry": {"type": "Point", "coordinates": [121.40795, 24.94835]}, "properties": {"station_id": "87545789-S168_13", "station_name": "新北市立殯儀館三峽火化立體停車場", "district": "三峽區", "city": "newtaipei", "operator_name": "新北市立殯儀館三峽火化立體停車場", "charging_points": 1, "available": 1, "occupied": 1, "availability_pct": 50, "charging_rate": "慢充每度8元", "parking_rate": "30", "service_time": "24H", "address": "新北市三峽區介壽路260巷1號", "telephone": "02-22697887", "floors": "1F"}}, {"type": "Feature", "geometry": {"type": "Point", "coordinates": [121.618677, 25.047103]}, "properties": {"station_id": "90148497-S1046", "station_name": "白雲國民小學", "district": "汐止區", "city": "newtaipei", "operator_name": "星舟快充", "charging_points": 1, "available": 1, "occupied": 0, "availability_pct": 100, "charging_rate": "計度/固定/9 元每度", "parking_rate": "免費", "service_time": "平日 /07:00-19:00", "address": "新北市汐止區民權街二段90", "telephone": "0982052927", "floors": "B1"}}, {"type": "Feature", "geometry": {"type": "Point", "coordinates": [121.50968, 24.987066]}, "properties": {"station_id": "90148497-S1171", "station_name": "興南國民小學", "district": "中和區", "city": "newtaipei", "operator_name": "星舟快充", "charging_points": 1, "available": 1, "occupied": 0, "availability_pct": 100, "charging_rate": "$9/kWh", "parking_rate": "$3,100/月", "service_time": "週一~週日 00:00~23:59", "address": "新北市中和興南路一段24", "telephone": "0939310208", "floors": "B1"}}, {"type": "Feature", "geometry": {"type": "Point", "coordinates": [121.650582, 25.062755]}, "properties": {"station_id": "90148497-S1215", "station_name": "星舟x城市車旅_汐止遠雄iFG", "district": "汐止區", "city": "newtaipei", "operator_name": "星舟快充", "charging_points": 16, "available": 16, "occupied": 2, "availability_pct": 89, "charging_rate": "充電費率依系統公告為準。", "parking_rate": "停車費率依現場公告為準。", "service_time": "24小時開放。", "address": "新北市汐止新台五路93-99", "telephone": "(02)28328057", "floors": "1"}}, {"type": "Feature", "geometry": {"type": "Point", "coordinates": [121.46805, 25.044641]}, "properties": {"station_id": "90148497-S1240", "station_name": "星舟x城市車旅_三重冠德心天匯", "district": "三重區", "city": "newtaipei", "operator_name": "星舟快充", "charging_points": 1, "available": 2, "occupied": 0, "availability_pct": 100, "charging_rate": "充電費率依系統公告為準。", "parking_rate": "停車費率依現場公告為準。", "service_time": "24小時開放。", "address": "新北市三重區重新路五段611", "telephone": "(02)28328057", "floors": "B1"}}, {"type": "Feature", "geometry": {"type": "Point", "coordinates": [121.429683, 25.160655]}, "properties": {"station_id": "53703514-S2209", "station_name": "YES八里永續環境教育中心", "district": "八里區", "city": "newtaipei", "operator_name": "裕電俥電股份有限公司", "charging_points": 2, "available": 1, "occupied": 1, "availability_pct": 50, "charging_rate": "計分/1元每分", "parking_rate": "計時/每日/40元每小時", "service_time": "7*24 小時", "address": "新北市八里區觀海大道36號", "telephone": "02-55900599", "floors": "F1"}}, {"type": "Feature", "geometry": {"type": "Point", "coordinates": [121.44393, 25.18714]}, "properties": {"station_id": "53703514-S2375", "station_name": "新北市淡水區公所", "district": "淡水區", "city": "newtaipei", "operator_name": "裕電俥電股份有限公司", "charging_points": 1, "available": 1, "occupied": 0, "availability_pct": 100, "charging_rate": "免費", "parking_rate": "計時/每日/20元每小時", "service_time": "每日 /07:00~21:00", "address": "新北市淡水區中山北路二段375號", "telephone": "02-55900599", "floors": "F1"}}, {"type": "Feature", "geometry": {"type": "Point", "coordinates": [121.44294, 24.97239]}, "properties": {"station_id": "53703514-S1101", "station_name": "新北市土城區公所", "district": "土城區", "city": "newtaipei", "operator_name": "裕電俥電股份有限公司", "charging_points": 1, "available": 1, "occupied": 0, "availability_pct": 100, "charging_rate": "計度/固定/8元每度", "parking_rate": "計時/每日/30元每小時", "service_time": "7*24 小時", "address": "新北市土城區金城路一段101號", "telephone": "", "floors": "F1"}}, {"type": "Feature", "geometry": {"type": "Point", "coordinates": [121.44864, 25.16881]}, "properties": {"station_id": "90482725-S0080", "station_name": "學府停車場", "district": "淡水區", "city": "newtaipei", "operator_name": "立鉑國際股份有限公司", "charging_points": 2, "available": 2, "occupied": 0, "availability_pct": 100, "charging_rate": "計度/固定/7.8元每度", "parking_rate": "計時/平日/25元每半小時/假日/45元每半小時", "service_time": "每日/00:00-24:00", "address": "新北市淡水區鄧公路6號", "telephone": "(02)-26028799", "floors": "B1"}}, {"type": "Feature", "geometry": {"type": "Point", "coordinates": [121.48475, 25.00673]}, "properties": {"station_id": "50965513-SPDP3104001", "station_name": "立言停車場", "district": "中和區", "city": "newtaipei", "operator_name": "承翊系統整合股份有限公司", "charging_points": 2, "available": 2, "occupied": 0, "availability_pct": 100, "charging_rate": "計度/00:00-24:00/每度7元", "parking_rate": "計時/平日/08:00-20:00/每小時40元/每日最高200元,計時/平日/20:00-08:00/每小時10元/每日最高200元,計時/假日/08:00-20:00/每小時20元/每日最高200元,計時/假日/20:00-08:00/每小時10元/每日最高200元", "service_time": "24小時/每日/00:00-24:00", "address": "新北中和中山路二段3號", "telephone": "(02)8912-1051", "floors": "1"}}, {"type": "Feature", "geometry": {"type": "Point", "coordinates": [121.44903, 25.1722]}, "properties": {"station_id": "85017137-SNWT0001", "station_name": "雲樁科技鄧公國小站", "district": "淡水區", "city": "newtaipei", "operator_name": "雲樁科技股份有限公司", "charging_points": 2, "available": 2, "occupied": 0, "availability_pct": 100, "charging_rate": "計分/1元每分", "parking_rate": "計時/假日/50元每小時", "service_time": "假日/08:00-23:00", "address": "新北市淡水區學府路99號", "telephone": "02-8751-1886", "floors": "1"}}, {"type": "Feature", "geometry": {"type": "Point", "coordinates": [121.52584, 24.98047]}, "properties": {"station_id": "89132567-S0067", "station_name": "Acon-eco新北新店央北站", "district": "新店區", "city": "newtaipei", "operator_name": "連展電能科技股份有限公司", "charging_points": 1, "available": 1, "occupied": 0, "availability_pct": 100, "charging_rate": "計度/固定/8元每度", "parking_rate": "計時/每日/30元/每小時", "service_time": "24小時", "address": "", "telephone": "0800-868885", "floors": "1"}}, {"type": "Feature", "geometry": {"type": "Point", "coordinates": [121.45338, 25.05921]}, "properties": {"station_id": "89132567-S0069", "station_name": "Acon-eco新北新莊昌平站", "district": "新莊區", "city": "newtaipei", "operator_name": "連展電能科技股份有限公司", "charging_points": 2, "available": 1, "occupied": 0, "availability_pct": 100, "charging_rate": "計度/固定/8元每度", "parking_rate": "計時/每日/20元/每小時", "service_time": "24小時", "address": "新北市新莊區中央路276號", "telephone": "0800-868885", "floors": "1"}}, {"type": "Feature", "geometry": {"type": "Point", "coordinates": [121.46958, 25.09507]}, "properties": {"station_id": "89132567-S0072", "station_name": "Acon-eco新北蘆洲仁愛街站", "district": "蘆洲區", "city": "newtaipei", "operator_name": "連展電能科技股份有限公司", "charging_points": 1, "available": 1, "occupied": 0, "availability_pct": 100, "charging_rate": "計度/固定/8元每度", "parking_rate": "月租車位", "service_time": "24小時", "address": "新北市蘆洲區仁愛街6號", "telephone": "0800-868885", "floors": "1"}}, {"type": "Feature", "geometry": {"type": "Point", "coordinates": [121.52598, 24.98141]}, "properties": {"station_id": "89132567-S0080", "station_name": "Acon-eco新北新店央北青年社宅站", "district": "新店區", "city": "newtaipei", "operator_name": "連展電能科技股份有限公司", "charging_points": 8, "available": 8, "occupied": 0, "availability_pct": 100, "charging_rate": "計度/固定/8元每度", "parking_rate": "計時/每日/30元/每小時", "service_time": "24小時", "address": "新北市新店區中山路135號", "telephone": "0800-868885", "floors": "B1"}}, {"type": "Feature", "geometry": {"type": "Point", "coordinates": [121.44782, 24.98165]}, "properties": {"station_id": "89132567-S0081", "station_name": "Acon-eco新北土城員和青年社宅站", "district": "土城區", "city": "newtaipei", "operator_name": "連展電能科技股份有限公司", "charging_points": 5, "available": 5, "occupied": 0, "availability_pct": 100, "charging_rate": "計度/固定/8元每度", "parking_rate": "計時/每日/30元/每小時", "service_time": "24小時", "address": "新北市土城區莊園街155-1號", "telephone": "0800-868885", "floors": "B1"}}, {"type": "Feature", "geometry": {"type": "Point", "coordinates": [121.44089, 25.17312]}, "properties": {"station_id": "89132567-S0084", "station_name": "Acon-eco新北淡水國小站", "district": "淡水區", "city": "newtaipei", "operator_name": "連展電能科技股份有限公司", "charging_points": 1, "available": 1, "occupied": 0, "availability_pct": 100, "charging_rate": "計度/固定/8元每度", "parking_rate": "計時/國定例假日/50元/每小時", "service_time": "國定例假日/07:00-22:00", "address": "新北市淡水區大智街\n          ", "telephone": "0800-868885", "floors": "1"}}, {"type": "Feature", "geometry": {"type": "Point", "coordinates": [121.45893, 25.0563]}, "properties": {"station_id": "89132567-S0105", "station_name": "Acon-eco新北新莊副都84站", "district": "新莊區", "city": "newtaipei", "operator_name": "連展電能科技股份有限公司", "charging_points": 2, "available": 2, "occupied": 0, "availability_pct": 100, "charging_rate": "計度/固定/8元每度", "parking_rate": "計時/每日/30元/每小時", "service_time": "24小時", "address": "\n          \n          新莊副都心一小段85地號", "telephone": "0800-868885", "floors": "1"}}, {"type": "Feature", "geometry": {"type": "Point", "coordinates": [121.524995, 25.00342]}, "properties": {"station_id": "89132567-S0109", "station_name": "Acon-eco新北永和運動中心站", "district": "永和區", "city": "newtaipei", "operator_name": "連展電能科技股份有限公司", "charging_points": 6, "available": 4, "occupied": 2, "availability_pct": 67, "charging_rate": "計度/固定/8元每度", "parking_rate": "計時/每日/30元/每小時", "service_time": "24小時", "address": "新北市永和區永利路250號B", "telephone": "0800-868885", "floors": "B1"}}, {"type": "Feature", "geometry": {"type": "Point", "coordinates": [121.39069, 25.14989]}, "properties": {"station_id": "89132567-S0110", "station_name": "Acon-eco新北台北港站", "district": "八里區", "city": "newtaipei", "operator_name": "連展電能科技股份有限公司", "charging_points": 1, "available": 1, "occupied": 0, "availability_pct": 100, "charging_rate": "計度/固定/8元每度", "parking_rate": "計時/每日/20元/每小時", "service_time": "24小時", "address": "新北市八里區商港路123號", "telephone": "0800-868885", "floors": "1"}}, {"type": "Feature", "geometry": {"type": "Point", "coordinates": [121.37252, 25.0698]}, "properties": {"station_id": "89132567-S0113", "station_name": "Acon-eco新北林口忠孝站", "district": "林口區", "city": "newtaipei", "operator_name": "連展電能科技股份有限公司", "charging_points": 1, "available": 1, "occupied": 0, "availability_pct": 100, "charging_rate": "計度/固定/8元每度", "parking_rate": "計時/每日/20元/每小時", "service_time": "24小時", "address": "新北市林口區忠孝路9號旁空地", "telephone": "0800-868885", "floors": "1"}}, {"type": "Feature", "geometry": {"type": "Point", "coordinates": [121.53697, 24.96116]}, "properties": {"station_id": "89132567-S0114", "station_name": "Acon-eco新北碧潭東岸停車場站", "district": "新店區", "city": "newtaipei", "operator_name": "連展電能科技股份有限公司", "charging_points": 2, "available": 2, "occupied": 0, "availability_pct": 100, "charging_rate": "計度/固定/8元每度", "parking_rate": "計時/平日/30元/每小時, 計時/假日/40元/每小時", "service_time": "24小時", "address": "", "telephone": "0800-868885", "floors": "1"}}, {"type": "Feature", "geometry": {"type": "Point", "coordinates": [121.53438, 24.95954]}, "properties": {"station_id": "89132567-S0115", "station_name": "Acon-eco新北碧潭西岸停車場站", "district": "新店區", "city": "newtaipei", "operator_name": "連展電能科技股份有限公司", "charging_points": 2, "available": 2, "occupied": 0, "availability_pct": 100, "charging_rate": "計度/固定/8元每度", "parking_rate": "計時/每日/30元/每小時", "service_time": "24小時", "address": "", "telephone": "0800-868885", "floors": "1"}}, {"type": "Feature", "geometry": {"type": "Point", "coordinates": [121.53787, 24.95255]}, "properties": {"station_id": "89132567-S0116", "station_name": "Acon-eco新北碧潭渡船頭停車場站", "district": "新店區", "city": "newtaipei", "operator_name": "連展電能科技股份有限公司", "charging_points": 2, "available": 2, "occupied": 0, "availability_pct": 100, "charging_rate": "計度/固定/8元每度", "parking_rate": "計時/平日/30元/每小時, 計時/假日/40元/每小時", "service_time": "24小時", "address": "", "telephone": "0800-868885", "floors": "1"}}, {"type": "Feature", "geometry": {"type": "Point", "coordinates": [121.63856, 25.05978]}, "properties": {"station_id": "89132567-S0121", "station_name": "Acon-eco新北汐止同興停車場站", "district": "汐止區", "city": "newtaipei", "operator_name": "連展電能科技股份有限公司", "charging_points": 1, "available": 1, "occupied": 0, "availability_pct": 100, "charging_rate": "計度/固定/8元每度", "parking_rate": "計時/每日/50元/每小時", "service_time": "24小時", "address": "新北市汐止區大同路一段339-2號", "telephone": "0800-868885", "floors": "1"}}, {"type": "Feature", "geometry": {"type": "Point", "coordinates": [121.42455, 24.99012]}, "properties": {"station_id": "89132567-S0122", "station_name": "Acon-eco新北樹林區公所站", "district": "樹林區", "city": "newtaipei", "operator_name": "連展電能科技股份有限公司", "charging_points": 1, "available": 1, "occupied": 0, "availability_pct": 100, "charging_rate": "計度/固定/8元每度", "parking_rate": "計時/每日/30元/每小時", "service_time": "24小時", "address": "新北市樹林區鎮前街93號(樹林區公所一樓", "telephone": "0800-868885", "floors": "1"}}, {"type": "Feature", "geometry": {"type": "Point", "coordinates": [121.37344, 25.07373]}, "properties": {"station_id": "89132567-S0128", "station_name": "Acon-eco新北林口檔案館站", "district": "林口區", "city": "newtaipei", "operator_name": "連展電能科技股份有限公司", "charging_points": 5, "available": 5, "occupied": 0, "availability_pct": 100, "charging_rate": "計度/固定/8元每度", "parking_rate": "計時/每日/30元/每小時", "service_time": "24小時", "address": "新北市林口區檔案館路B1停車場", "telephone": "0800-868885", "floors": "B1"}}, {"type": "Feature", "geometry": {"type": "Point", "coordinates": [121.47035, 25.2515]}, "properties": {"station_id": "89132567-S0134", "station_name": "Acon-eco新北三芝淺水灣站", "district": "三芝區", "city": "newtaipei", "operator_name": "連展電能科技股份有限公司", "charging_points": 5, "available": 5, "occupied": 0, "availability_pct": 100, "charging_rate": "計度/固定/8元每度", "parking_rate": "計次/每日/100元/每次", "service_time": "24小時", "address": "新北市三芝區后厝里北勢子45-32號 淺水灣停車場(後厝派出所旁)", "telephone": "0800-868885", "floors": "1"}}, {"type": "Feature", "geometry": {"type": "Point", "coordinates": [121.63303, 25.2392]}, "properties": {"station_id": "89132567-S0135", "station_name": "Acon-eco新北金山中角灣站", "district": "金山區", "city": "newtaipei", "operator_name": "連展電能科技股份有限公司", "charging_points": 2, "available": 1, "occupied": 1, "availability_pct": 50, "charging_rate": "計度/固定/8元每度", "parking_rate": "計次/平日/60元/每次, 計次/假日/120元/每次", "service_time": "24小時", "address": "新北市金山區萬壽里海興路180 之3 號", "telephone": "0800-868885", "floors": "1"}}, {"type": "Feature", "geometry": {"type": "Point", "coordinates": [121.5343, 24.9831]}, "properties": {"station_id": "89132567-S0148", "station_name": "Acon-eco新北新店民權中正站", "district": "新店區", "city": "newtaipei", "operator_name": "連展電能科技股份有限公司", "charging_points": 1, "available": 0, "occupied": 1, "availability_pct": 0, "charging_rate": "計度/固定/8元每度", "parking_rate": "計時/每日/70元/每小時", "service_time": "24小時", "address": "新北市新店區民權路188號旁", "telephone": "0800-868885", "floors": "1"}}, {"type": "Feature", "geometry": {"type": "Point", "coordinates": [121.3569, 25.07032]}, "properties": {"station_id": "89132567-S0149", "station_name": "Acon-eco新北全聯林口文化北站", "district": "林口區", "city": "newtaipei", "operator_name": "連展電能科技股份有限公司", "charging_points": 1, "available": 2, "occupied": 0, "availability_pct": 100, "charging_rate": "計度/固定/10元每度", "parking_rate": "計時/平日/50元/每小時, 計時/假日/100元/每小時", "service_time": "24小時", "address": "新北市林口區文化北路１段１段１段153號、155號", "telephone": "0800-868885", "floors": "1"}}]}